[0.146s] DEBUG:colcon:Command line arguments: ['/usr/bin/colcon', 'build']
[0.146s] DEBUG:colcon:Parsed command line arguments: Namespace(log_base=None, log_level=None, verb_name='build', build_base='build', install_base='install', merge_install=False, symlink_install=False, test_result_base=None, continue_on_error=False, executor='parallel', parallel_workers=8, event_handlers=None, ignore_user_meta=False, metas=['./colcon.meta'], base_paths=['.'], packages_ignore=None, packages_ignore_regex=None, paths=None, packages_up_to=None, packages_up_to_regex=None, packages_above=None, packages_above_and_dependencies=None, packages_above_depth=None, packages_select_by_dep=None, packages_skip_by_dep=None, packages_skip_up_to=None, packages_select_build_failed=False, packages_skip_build_finished=False, packages_select_test_failures=False, packages_skip_test_passed=False, packages_select=None, packages_skip=None, packages_select_regex=None, packages_skip_regex=None, packages_start=None, packages_end=None, allow_overriding=[], cmake_args=None, cmake_target=None, cmake_target_skip_unavailable=False, cmake_clean_cache=False, cmake_clean_first=False, cmake_force_configure=False, ament_cmake_args=None, catkin_cmake_args=None, catkin_skip_building_tests=False, mixin_files=None, mixin=None, verb_parser=<colcon_mixin.mixin.mixin_argument.MixinArgumentDecorator object at 0x7be25d152c20>, verb_extension=<colcon_core.verb.build.BuildVerb object at 0x7be25d152590>, main=<bound method BuildVerb.main of <colcon_core.verb.build.BuildVerb object at 0x7be25d152590>>, mixin_verb=('build',))
[0.371s] Level 1:colcon.colcon_core.package_discovery:discover_packages(colcon_meta) check parameters
[0.372s] Level 1:colcon.colcon_core.package_discovery:discover_packages(recursive) check parameters
[0.372s] Level 1:colcon.colcon_core.package_discovery:discover_packages(ignore) check parameters
[0.372s] Level 1:colcon.colcon_core.package_discovery:discover_packages(path) check parameters
[0.372s] Level 1:colcon.colcon_core.package_discovery:discover_packages(colcon_meta) discover
[0.372s] Level 1:colcon.colcon_core.package_discovery:discover_packages(recursive) discover
[0.372s] INFO:colcon.colcon_core.package_discovery:Crawling recursively for packages in '/home/icrs/icrsUR'
[0.372s] Level 1:colcon.colcon_core.package_identification:_identify(.) by extensions ['ignore', 'ignore_ament_install']
[0.372s] Level 1:colcon.colcon_core.package_identification:_identify(.) by extension 'ignore'
[0.372s] Level 1:colcon.colcon_core.package_identification:_identify(.) by extension 'ignore_ament_install'
[0.373s] Level 1:colcon.colcon_core.package_identification:_identify(.) by extensions ['colcon_pkg']
[0.373s] Level 1:colcon.colcon_core.package_identification:_identify(.) by extension 'colcon_pkg'
[0.373s] Level 1:colcon.colcon_core.package_identification:_identify(.) by extensions ['colcon_meta']
[0.373s] Level 1:colcon.colcon_core.package_identification:_identify(.) by extension 'colcon_meta'
[0.373s] Level 1:colcon.colcon_core.package_identification:_identify(.) by extensions ['ros']
[0.373s] Level 1:colcon.colcon_core.package_identification:_identify(.) by extension 'ros'
[0.385s] Level 1:colcon.colcon_core.package_identification:_identify(.) by extensions ['cmake', 'python']
[0.385s] Level 1:colcon.colcon_core.package_identification:_identify(.) by extension 'cmake'
[0.385s] Level 1:colcon.colcon_core.package_identification:_identify(.) by extension 'python'
[0.385s] Level 1:colcon.colcon_core.package_identification:_identify(.) by extensions ['python_setup_py']
[0.386s] Level 1:colcon.colcon_core.package_identification:_identify(.) by extension 'python_setup_py'
[0.386s] Level 1:colcon.colcon_core.package_identification:_identify(build) by extensions ['ignore', 'ignore_ament_install']
[0.386s] Level 1:colcon.colcon_core.package_identification:_identify(build) by extension 'ignore'
[0.386s] Level 1:colcon.colcon_core.package_identification:_identify(build) ignored
[0.386s] Level 1:colcon.colcon_core.package_identification:_identify(install) by extensions ['ignore', 'ignore_ament_install']
[0.386s] Level 1:colcon.colcon_core.package_identification:_identify(install) by extension 'ignore'
[0.386s] Level 1:colcon.colcon_core.package_identification:_identify(install) ignored
[0.386s] Level 1:colcon.colcon_core.package_identification:_identify(log) by extensions ['ignore', 'ignore_ament_install']
[0.386s] Level 1:colcon.colcon_core.package_identification:_identify(log) by extension 'ignore'
[0.386s] Level 1:colcon.colcon_core.package_identification:_identify(log) ignored
[0.386s] Level 1:colcon.colcon_core.package_identification:_identify(src) by extensions ['ignore', 'ignore_ament_install']
[0.387s] Level 1:colcon.colcon_core.package_identification:_identify(src) by extension 'ignore'
[0.387s] Level 1:colcon.colcon_core.package_identification:_identify(src) by extension 'ignore_ament_install'
[0.387s] Level 1:colcon.colcon_core.package_identification:_identify(src) by extensions ['colcon_pkg']
[0.387s] Level 1:colcon.colcon_core.package_identification:_identify(src) by extension 'colcon_pkg'
[0.387s] Level 1:colcon.colcon_core.package_identification:_identify(src) by extensions ['colcon_meta']
[0.387s] Level 1:colcon.colcon_core.package_identification:_identify(src) by extension 'colcon_meta'
[0.387s] Level 1:colcon.colcon_core.package_identification:_identify(src) by extensions ['ros']
[0.387s] Level 1:colcon.colcon_core.package_identification:_identify(src) by extension 'ros'
[0.387s] Level 1:colcon.colcon_core.package_identification:_identify(src) by extensions ['cmake', 'python']
[0.387s] Level 1:colcon.colcon_core.package_identification:_identify(src) by extension 'cmake'
[0.387s] Level 1:colcon.colcon_core.package_identification:_identify(src) by extension 'python'
[0.387s] Level 1:colcon.colcon_core.package_identification:_identify(src) by extensions ['python_setup_py']
[0.387s] Level 1:colcon.colcon_core.package_identification:_identify(src) by extension 'python_setup_py'
[0.387s] Level 1:colcon.colcon_core.package_identification:_identify(src/Universal_Robots_ROS2_Description) by extensions ['ignore', 'ignore_ament_install']
[0.387s] Level 1:colcon.colcon_core.package_identification:_identify(src/Universal_Robots_ROS2_Description) by extension 'ignore'
[0.387s] Level 1:colcon.colcon_core.package_identification:_identify(src/Universal_Robots_ROS2_Description) by extension 'ignore_ament_install'
[0.387s] Level 1:colcon.colcon_core.package_identification:_identify(src/Universal_Robots_ROS2_Description) by extensions ['colcon_pkg']
[0.387s] Level 1:colcon.colcon_core.package_identification:_identify(src/Universal_Robots_ROS2_Description) by extension 'colcon_pkg'
[0.387s] Level 1:colcon.colcon_core.package_identification:_identify(src/Universal_Robots_ROS2_Description) by extensions ['colcon_meta']
[0.388s] Level 1:colcon.colcon_core.package_identification:_identify(src/Universal_Robots_ROS2_Description) by extension 'colcon_meta'
[0.388s] Level 1:colcon.colcon_core.package_identification:_identify(src/Universal_Robots_ROS2_Description) by extensions ['ros']
[0.388s] Level 1:colcon.colcon_core.package_identification:_identify(src/Universal_Robots_ROS2_Description) by extension 'ros'
[0.391s] DEBUG:colcon.colcon_core.package_identification:Package 'src/Universal_Robots_ROS2_Description' with type 'ros.ament_cmake' and name 'ur_description'
[0.391s] Level 1:colcon.colcon_core.package_identification:_identify(src/Universal_Robots_ROS2_Driver) by extensions ['ignore', 'ignore_ament_install']
[0.391s] Level 1:colcon.colcon_core.package_identification:_identify(src/Universal_Robots_ROS2_Driver) by extension 'ignore'
[0.391s] Level 1:colcon.colcon_core.package_identification:_identify(src/Universal_Robots_ROS2_Driver) by extension 'ignore_ament_install'
[0.391s] Level 1:colcon.colcon_core.package_identification:_identify(src/Universal_Robots_ROS2_Driver) by extensions ['colcon_pkg']
[0.391s] Level 1:colcon.colcon_core.package_identification:_identify(src/Universal_Robots_ROS2_Driver) by extension 'colcon_pkg'
[0.391s] Level 1:colcon.colcon_core.package_identification:_identify(src/Universal_Robots_ROS2_Driver) by extensions ['colcon_meta']
[0.391s] Level 1:colcon.colcon_core.package_identification:_identify(src/Universal_Robots_ROS2_Driver) by extension 'colcon_meta'
[0.391s] Level 1:colcon.colcon_core.package_identification:_identify(src/Universal_Robots_ROS2_Driver) by extensions ['ros']
[0.391s] Level 1:colcon.colcon_core.package_identification:_identify(src/Universal_Robots_ROS2_Driver) by extension 'ros'
[0.391s] Level 1:colcon.colcon_core.package_identification:_identify(src/Universal_Robots_ROS2_Driver) by extensions ['cmake', 'python']
[0.391s] Level 1:colcon.colcon_core.package_identification:_identify(src/Universal_Robots_ROS2_Driver) by extension 'cmake'
[0.391s] Level 1:colcon.colcon_core.package_identification:_identify(src/Universal_Robots_ROS2_Driver) by extension 'python'
[0.392s] Level 1:colcon.colcon_core.package_identification:_identify(src/Universal_Robots_ROS2_Driver) by extensions ['python_setup_py']
[0.392s] Level 1:colcon.colcon_core.package_identification:_identify(src/Universal_Robots_ROS2_Driver) by extension 'python_setup_py'
[0.392s] Level 1:colcon.colcon_core.package_identification:_identify(src/Universal_Robots_ROS2_Driver/ur) by extensions ['ignore', 'ignore_ament_install']
[0.392s] Level 1:colcon.colcon_core.package_identification:_identify(src/Universal_Robots_ROS2_Driver/ur) by extension 'ignore'
[0.392s] Level 1:colcon.colcon_core.package_identification:_identify(src/Universal_Robots_ROS2_Driver/ur) by extension 'ignore_ament_install'
[0.392s] Level 1:colcon.colcon_core.package_identification:_identify(src/Universal_Robots_ROS2_Driver/ur) by extensions ['colcon_pkg']
[0.392s] Level 1:colcon.colcon_core.package_identification:_identify(src/Universal_Robots_ROS2_Driver/ur) by extension 'colcon_pkg'
[0.392s] Level 1:colcon.colcon_core.package_identification:_identify(src/Universal_Robots_ROS2_Driver/ur) by extensions ['colcon_meta']
[0.392s] Level 1:colcon.colcon_core.package_identification:_identify(src/Universal_Robots_ROS2_Driver/ur) by extension 'colcon_meta'
[0.392s] Level 1:colcon.colcon_core.package_identification:_identify(src/Universal_Robots_ROS2_Driver/ur) by extensions ['ros']
[0.392s] Level 1:colcon.colcon_core.package_identification:_identify(src/Universal_Robots_ROS2_Driver/ur) by extension 'ros'
[0.393s] DEBUG:colcon.colcon_core.package_identification:Package 'src/Universal_Robots_ROS2_Driver/ur' with type 'ros.ament_cmake' and name 'ur'
[0.393s] Level 1:colcon.colcon_core.package_identification:_identify(src/Universal_Robots_ROS2_Driver/ur_bringup) by extensions ['ignore', 'ignore_ament_install']
[0.393s] Level 1:colcon.colcon_core.package_identification:_identify(src/Universal_Robots_ROS2_Driver/ur_bringup) by extension 'ignore'
[0.394s] Level 1:colcon.colcon_core.package_identification:_identify(src/Universal_Robots_ROS2_Driver/ur_bringup) by extension 'ignore_ament_install'
[0.394s] Level 1:colcon.colcon_core.package_identification:_identify(src/Universal_Robots_ROS2_Driver/ur_bringup) by extensions ['colcon_pkg']
[0.394s] Level 1:colcon.colcon_core.package_identification:_identify(src/Universal_Robots_ROS2_Driver/ur_bringup) by extension 'colcon_pkg'
[0.394s] Level 1:colcon.colcon_core.package_identification:_identify(src/Universal_Robots_ROS2_Driver/ur_bringup) by extensions ['colcon_meta']
[0.394s] Level 1:colcon.colcon_core.package_identification:_identify(src/Universal_Robots_ROS2_Driver/ur_bringup) by extension 'colcon_meta'
[0.394s] Level 1:colcon.colcon_core.package_identification:_identify(src/Universal_Robots_ROS2_Driver/ur_bringup) by extensions ['ros']
[0.394s] Level 1:colcon.colcon_core.package_identification:_identify(src/Universal_Robots_ROS2_Driver/ur_bringup) by extension 'ros'
[0.395s] DEBUG:colcon.colcon_core.package_identification:Package 'src/Universal_Robots_ROS2_Driver/ur_bringup' with type 'ros.ament_cmake' and name 'ur_bringup'
[0.395s] Level 1:colcon.colcon_core.package_identification:_identify(src/Universal_Robots_ROS2_Driver/ur_calibration) by extensions ['ignore', 'ignore_ament_install']
[0.395s] Level 1:colcon.colcon_core.package_identification:_identify(src/Universal_Robots_ROS2_Driver/ur_calibration) by extension 'ignore'
[0.395s] Level 1:colcon.colcon_core.package_identification:_identify(src/Universal_Robots_ROS2_Driver/ur_calibration) by extension 'ignore_ament_install'
[0.395s] Level 1:colcon.colcon_core.package_identification:_identify(src/Universal_Robots_ROS2_Driver/ur_calibration) by extensions ['colcon_pkg']
[0.395s] Level 1:colcon.colcon_core.package_identification:_identify(src/Universal_Robots_ROS2_Driver/ur_calibration) by extension 'colcon_pkg'
[0.395s] Level 1:colcon.colcon_core.package_identification:_identify(src/Universal_Robots_ROS2_Driver/ur_calibration) by extensions ['colcon_meta']
[0.395s] Level 1:colcon.colcon_core.package_identification:_identify(src/Universal_Robots_ROS2_Driver/ur_calibration) by extension 'colcon_meta'
[0.396s] Level 1:colcon.colcon_core.package_identification:_identify(src/Universal_Robots_ROS2_Driver/ur_calibration) by extensions ['ros']
[0.396s] Level 1:colcon.colcon_core.package_identification:_identify(src/Universal_Robots_ROS2_Driver/ur_calibration) by extension 'ros'
[0.397s] DEBUG:colcon.colcon_core.package_identification:Package 'src/Universal_Robots_ROS2_Driver/ur_calibration' with type 'ros.ament_cmake' and name 'ur_calibration'
[0.397s] Level 1:colcon.colcon_core.package_identification:_identify(src/Universal_Robots_ROS2_Driver/ur_controllers) by extensions ['ignore', 'ignore_ament_install']
[0.397s] Level 1:colcon.colcon_core.package_identification:_identify(src/Universal_Robots_ROS2_Driver/ur_controllers) by extension 'ignore'
[0.397s] Level 1:colcon.colcon_core.package_identification:_identify(src/Universal_Robots_ROS2_Driver/ur_controllers) by extension 'ignore_ament_install'
[0.397s] Level 1:colcon.colcon_core.package_identification:_identify(src/Universal_Robots_ROS2_Driver/ur_controllers) by extensions ['colcon_pkg']
[0.397s] Level 1:colcon.colcon_core.package_identification:_identify(src/Universal_Robots_ROS2_Driver/ur_controllers) by extension 'colcon_pkg'
[0.397s] Level 1:colcon.colcon_core.package_identification:_identify(src/Universal_Robots_ROS2_Driver/ur_controllers) by extensions ['colcon_meta']
[0.397s] Level 1:colcon.colcon_core.package_identification:_identify(src/Universal_Robots_ROS2_Driver/ur_controllers) by extension 'colcon_meta'
[0.397s] Level 1:colcon.colcon_core.package_identification:_identify(src/Universal_Robots_ROS2_Driver/ur_controllers) by extensions ['ros']
[0.397s] Level 1:colcon.colcon_core.package_identification:_identify(src/Universal_Robots_ROS2_Driver/ur_controllers) by extension 'ros'
[0.399s] DEBUG:colcon.colcon_core.package_identification:Package 'src/Universal_Robots_ROS2_Driver/ur_controllers' with type 'ros.ament_cmake' and name 'ur_controllers'
[0.399s] Level 1:colcon.colcon_core.package_identification:_identify(src/Universal_Robots_ROS2_Driver/ur_dashboard_msgs) by extensions ['ignore', 'ignore_ament_install']
[0.399s] Level 1:colcon.colcon_core.package_identification:_identify(src/Universal_Robots_ROS2_Driver/ur_dashboard_msgs) by extension 'ignore'
[0.399s] Level 1:colcon.colcon_core.package_identification:_identify(src/Universal_Robots_ROS2_Driver/ur_dashboard_msgs) by extension 'ignore_ament_install'
[0.399s] Level 1:colcon.colcon_core.package_identification:_identify(src/Universal_Robots_ROS2_Driver/ur_dashboard_msgs) by extensions ['colcon_pkg']
[0.399s] Level 1:colcon.colcon_core.package_identification:_identify(src/Universal_Robots_ROS2_Driver/ur_dashboard_msgs) by extension 'colcon_pkg'
[0.399s] Level 1:colcon.colcon_core.package_identification:_identify(src/Universal_Robots_ROS2_Driver/ur_dashboard_msgs) by extensions ['colcon_meta']
[0.399s] Level 1:colcon.colcon_core.package_identification:_identify(src/Universal_Robots_ROS2_Driver/ur_dashboard_msgs) by extension 'colcon_meta'
[0.399s] Level 1:colcon.colcon_core.package_identification:_identify(src/Universal_Robots_ROS2_Driver/ur_dashboard_msgs) by extensions ['ros']
[0.399s] Level 1:colcon.colcon_core.package_identification:_identify(src/Universal_Robots_ROS2_Driver/ur_dashboard_msgs) by extension 'ros'
[0.401s] DEBUG:colcon.colcon_core.package_identification:Package 'src/Universal_Robots_ROS2_Driver/ur_dashboard_msgs' with type 'ros.ament_cmake' and name 'ur_dashboard_msgs'
[0.401s] Level 1:colcon.colcon_core.package_identification:_identify(src/Universal_Robots_ROS2_Driver/ur_moveit_config) by extensions ['ignore', 'ignore_ament_install']
[0.402s] Level 1:colcon.colcon_core.package_identification:_identify(src/Universal_Robots_ROS2_Driver/ur_moveit_config) by extension 'ignore'
[0.402s] Level 1:colcon.colcon_core.package_identification:_identify(src/Universal_Robots_ROS2_Driver/ur_moveit_config) by extension 'ignore_ament_install'
[0.402s] Level 1:colcon.colcon_core.package_identification:_identify(src/Universal_Robots_ROS2_Driver/ur_moveit_config) by extensions ['colcon_pkg']
[0.402s] Level 1:colcon.colcon_core.package_identification:_identify(src/Universal_Robots_ROS2_Driver/ur_moveit_config) by extension 'colcon_pkg'
[0.402s] Level 1:colcon.colcon_core.package_identification:_identify(src/Universal_Robots_ROS2_Driver/ur_moveit_config) by extensions ['colcon_meta']
[0.402s] Level 1:colcon.colcon_core.package_identification:_identify(src/Universal_Robots_ROS2_Driver/ur_moveit_config) by extension 'colcon_meta'
[0.402s] Level 1:colcon.colcon_core.package_identification:_identify(src/Universal_Robots_ROS2_Driver/ur_moveit_config) by extensions ['ros']
[0.402s] Level 1:colcon.colcon_core.package_identification:_identify(src/Universal_Robots_ROS2_Driver/ur_moveit_config) by extension 'ros'
[0.403s] DEBUG:colcon.colcon_core.package_identification:Package 'src/Universal_Robots_ROS2_Driver/ur_moveit_config' with type 'ros.ament_cmake' and name 'ur_moveit_config'
[0.403s] Level 1:colcon.colcon_core.package_identification:_identify(src/Universal_Robots_ROS2_Driver/ur_robot_driver) by extensions ['ignore', 'ignore_ament_install']
[0.403s] Level 1:colcon.colcon_core.package_identification:_identify(src/Universal_Robots_ROS2_Driver/ur_robot_driver) by extension 'ignore'
[0.403s] Level 1:colcon.colcon_core.package_identification:_identify(src/Universal_Robots_ROS2_Driver/ur_robot_driver) by extension 'ignore_ament_install'
[0.403s] Level 1:colcon.colcon_core.package_identification:_identify(src/Universal_Robots_ROS2_Driver/ur_robot_driver) by extensions ['colcon_pkg']
[0.403s] Level 1:colcon.colcon_core.package_identification:_identify(src/Universal_Robots_ROS2_Driver/ur_robot_driver) by extension 'colcon_pkg'
[0.403s] Level 1:colcon.colcon_core.package_identification:_identify(src/Universal_Robots_ROS2_Driver/ur_robot_driver) by extensions ['colcon_meta']
[0.403s] Level 1:colcon.colcon_core.package_identification:_identify(src/Universal_Robots_ROS2_Driver/ur_robot_driver) by extension 'colcon_meta'
[0.403s] Level 1:colcon.colcon_core.package_identification:_identify(src/Universal_Robots_ROS2_Driver/ur_robot_driver) by extensions ['ros']
[0.403s] Level 1:colcon.colcon_core.package_identification:_identify(src/Universal_Robots_ROS2_Driver/ur_robot_driver) by extension 'ros'
[0.406s] DEBUG:colcon.colcon_core.package_identification:Package 'src/Universal_Robots_ROS2_Driver/ur_robot_driver' with type 'ros.ament_cmake' and name 'ur_robot_driver'
[0.406s] Level 1:colcon.colcon_core.package_identification:_identify(src/camera_control) by extensions ['ignore', 'ignore_ament_install']
[0.406s] Level 1:colcon.colcon_core.package_identification:_identify(src/camera_control) by extension 'ignore'
[0.406s] Level 1:colcon.colcon_core.package_identification:_identify(src/camera_control) by extension 'ignore_ament_install'
[0.406s] Level 1:colcon.colcon_core.package_identification:_identify(src/camera_control) by extensions ['colcon_pkg']
[0.406s] Level 1:colcon.colcon_core.package_identification:_identify(src/camera_control) by extension 'colcon_pkg'
[0.406s] Level 1:colcon.colcon_core.package_identification:_identify(src/camera_control) by extensions ['colcon_meta']
[0.406s] Level 1:colcon.colcon_core.package_identification:_identify(src/camera_control) by extension 'colcon_meta'
[0.406s] Level 1:colcon.colcon_core.package_identification:_identify(src/camera_control) by extensions ['ros']
[0.406s] Level 1:colcon.colcon_core.package_identification:_identify(src/camera_control) by extension 'ros'
[0.407s] DEBUG:colcon.colcon_core.package_identification:Package 'src/camera_control' with type 'ros.ament_python' and name 'camera_control'
[0.407s] Level 1:colcon.colcon_core.package_identification:_identify(src/gripper_control) by extensions ['ignore', 'ignore_ament_install']
[0.407s] Level 1:colcon.colcon_core.package_identification:_identify(src/gripper_control) by extension 'ignore'
[0.407s] Level 1:colcon.colcon_core.package_identification:_identify(src/gripper_control) by extension 'ignore_ament_install'
[0.407s] Level 1:colcon.colcon_core.package_identification:_identify(src/gripper_control) by extensions ['colcon_pkg']
[0.407s] Level 1:colcon.colcon_core.package_identification:_identify(src/gripper_control) by extension 'colcon_pkg'
[0.407s] Level 1:colcon.colcon_core.package_identification:_identify(src/gripper_control) by extensions ['colcon_meta']
[0.407s] Level 1:colcon.colcon_core.package_identification:_identify(src/gripper_control) by extension 'colcon_meta'
[0.407s] Level 1:colcon.colcon_core.package_identification:_identify(src/gripper_control) by extensions ['ros']
[0.407s] Level 1:colcon.colcon_core.package_identification:_identify(src/gripper_control) by extension 'ros'
[0.420s] DEBUG:colcon.colcon_core.package_identification:Package 'src/gripper_control' with type 'ros.ament_python' and name 'gripper_control'
[0.420s] Level 1:colcon.colcon_core.package_identification:_identify(src/interfaces_ur5ik) by extensions ['ignore', 'ignore_ament_install']
[0.420s] Level 1:colcon.colcon_core.package_identification:_identify(src/interfaces_ur5ik) by extension 'ignore'
[0.420s] Level 1:colcon.colcon_core.package_identification:_identify(src/interfaces_ur5ik) by extension 'ignore_ament_install'
[0.420s] Level 1:colcon.colcon_core.package_identification:_identify(src/interfaces_ur5ik) by extensions ['colcon_pkg']
[0.420s] Level 1:colcon.colcon_core.package_identification:_identify(src/interfaces_ur5ik) by extension 'colcon_pkg'
[0.420s] Level 1:colcon.colcon_core.package_identification:_identify(src/interfaces_ur5ik) by extensions ['colcon_meta']
[0.420s] Level 1:colcon.colcon_core.package_identification:_identify(src/interfaces_ur5ik) by extension 'colcon_meta'
[0.420s] Level 1:colcon.colcon_core.package_identification:_identify(src/interfaces_ur5ik) by extensions ['ros']
[0.420s] Level 1:colcon.colcon_core.package_identification:_identify(src/interfaces_ur5ik) by extension 'ros'
[0.421s] DEBUG:colcon.colcon_core.package_identification:Package 'src/interfaces_ur5ik' with type 'ros.ament_cmake' and name 'interfaces_ur5ik'
[0.421s] Level 1:colcon.colcon_core.package_identification:_identify(src/robotiq_description) by extensions ['ignore', 'ignore_ament_install']
[0.421s] Level 1:colcon.colcon_core.package_identification:_identify(src/robotiq_description) by extension 'ignore'
[0.421s] Level 1:colcon.colcon_core.package_identification:_identify(src/robotiq_description) by extension 'ignore_ament_install'
[0.421s] Level 1:colcon.colcon_core.package_identification:_identify(src/robotiq_description) by extensions ['colcon_pkg']
[0.421s] Level 1:colcon.colcon_core.package_identification:_identify(src/robotiq_description) by extension 'colcon_pkg'
[0.421s] Level 1:colcon.colcon_core.package_identification:_identify(src/robotiq_description) by extensions ['colcon_meta']
[0.421s] Level 1:colcon.colcon_core.package_identification:_identify(src/robotiq_description) by extension 'colcon_meta'
[0.421s] Level 1:colcon.colcon_core.package_identification:_identify(src/robotiq_description) by extensions ['ros']
[0.421s] Level 1:colcon.colcon_core.package_identification:_identify(src/robotiq_description) by extension 'ros'
[0.422s] DEBUG:colcon.colcon_core.package_identification:Package 'src/robotiq_description' with type 'ros.ament_cmake' and name 'robotiq_description'
[0.422s] Level 1:colcon.colcon_core.package_identification:_identify(src/service_ur5ik) by extensions ['ignore', 'ignore_ament_install']
[0.422s] Level 1:colcon.colcon_core.package_identification:_identify(src/service_ur5ik) by extension 'ignore'
[0.422s] Level 1:colcon.colcon_core.package_identification:_identify(src/service_ur5ik) by extension 'ignore_ament_install'
[0.422s] Level 1:colcon.colcon_core.package_identification:_identify(src/service_ur5ik) by extensions ['colcon_pkg']
[0.422s] Level 1:colcon.colcon_core.package_identification:_identify(src/service_ur5ik) by extension 'colcon_pkg'
[0.422s] Level 1:colcon.colcon_core.package_identification:_identify(src/service_ur5ik) by extensions ['colcon_meta']
[0.422s] Level 1:colcon.colcon_core.package_identification:_identify(src/service_ur5ik) by extension 'colcon_meta'
[0.423s] Level 1:colcon.colcon_core.package_identification:_identify(src/service_ur5ik) by extensions ['ros']
[0.423s] Level 1:colcon.colcon_core.package_identification:_identify(src/service_ur5ik) by extension 'ros'
[0.423s] DEBUG:colcon.colcon_core.package_identification:Package 'src/service_ur5ik' with type 'ros.ament_cmake' and name 'service_ur5ik'
[0.423s] Level 1:colcon.colcon_core.package_identification:_identify(src/ur_custom_interfaces) by extensions ['ignore', 'ignore_ament_install']
[0.424s] Level 1:colcon.colcon_core.package_identification:_identify(src/ur_custom_interfaces) by extension 'ignore'
[0.424s] Level 1:colcon.colcon_core.package_identification:_identify(src/ur_custom_interfaces) by extension 'ignore_ament_install'
[0.424s] Level 1:colcon.colcon_core.package_identification:_identify(src/ur_custom_interfaces) by extensions ['colcon_pkg']
[0.424s] Level 1:colcon.colcon_core.package_identification:_identify(src/ur_custom_interfaces) by extension 'colcon_pkg'
[0.424s] Level 1:colcon.colcon_core.package_identification:_identify(src/ur_custom_interfaces) by extensions ['colcon_meta']
[0.424s] Level 1:colcon.colcon_core.package_identification:_identify(src/ur_custom_interfaces) by extension 'colcon_meta'
[0.424s] Level 1:colcon.colcon_core.package_identification:_identify(src/ur_custom_interfaces) by extensions ['ros']
[0.424s] Level 1:colcon.colcon_core.package_identification:_identify(src/ur_custom_interfaces) by extension 'ros'
[0.424s] DEBUG:colcon.colcon_core.package_identification:Package 'src/ur_custom_interfaces' with type 'ros.ament_cmake' and name 'ur_custom_interfaces'
[0.425s] Level 1:colcon.colcon_core.package_identification:_identify(src/ur_mover) by extensions ['ignore', 'ignore_ament_install']
[0.425s] Level 1:colcon.colcon_core.package_identification:_identify(src/ur_mover) by extension 'ignore'
[0.425s] Level 1:colcon.colcon_core.package_identification:_identify(src/ur_mover) by extension 'ignore_ament_install'
[0.425s] Level 1:colcon.colcon_core.package_identification:_identify(src/ur_mover) by extensions ['colcon_pkg']
[0.425s] Level 1:colcon.colcon_core.package_identification:_identify(src/ur_mover) by extension 'colcon_pkg'
[0.425s] Level 1:colcon.colcon_core.package_identification:_identify(src/ur_mover) by extensions ['colcon_meta']
[0.425s] Level 1:colcon.colcon_core.package_identification:_identify(src/ur_mover) by extension 'colcon_meta'
[0.425s] Level 1:colcon.colcon_core.package_identification:_identify(src/ur_mover) by extensions ['ros']
[0.425s] Level 1:colcon.colcon_core.package_identification:_identify(src/ur_mover) by extension 'ros'
[0.426s] DEBUG:colcon.colcon_core.package_identification:Package 'src/ur_mover' with type 'ros.ament_cmake' and name 'ur_mover'
[0.426s] Level 1:colcon.colcon_core.package_discovery:discover_packages(recursive) using defaults
[0.426s] Level 1:colcon.colcon_core.package_discovery:discover_packages(ignore) discover
[0.426s] Level 1:colcon.colcon_core.package_discovery:discover_packages(ignore) using defaults
[0.426s] Level 1:colcon.colcon_core.package_discovery:discover_packages(path) discover
[0.426s] Level 1:colcon.colcon_core.package_discovery:discover_packages(path) using defaults
[0.452s] Level 1:colcon.colcon_core.package_discovery:discover_packages(prefix_path) check parameters
[0.452s] Level 1:colcon.colcon_core.package_discovery:discover_packages(prefix_path) discover
[0.454s] DEBUG:colcon.colcon_installed_package_information.package_discovery:Found 330 installed packages in /opt/ros/humble
[0.456s] Level 1:colcon.colcon_core.package_discovery:discover_packages(prefix_path) using defaults
[0.499s] Level 5:colcon.colcon_core.verb:set package 'gripper_control' build argument 'cmake_args' from command line to 'None'
[0.499s] Level 5:colcon.colcon_core.verb:set package 'gripper_control' build argument 'cmake_target' from command line to 'None'
[0.499s] Level 5:colcon.colcon_core.verb:set package 'gripper_control' build argument 'cmake_target_skip_unavailable' from command line to 'False'
[0.499s] Level 5:colcon.colcon_core.verb:set package 'gripper_control' build argument 'cmake_clean_cache' from command line to 'False'
[0.499s] Level 5:colcon.colcon_core.verb:set package 'gripper_control' build argument 'cmake_clean_first' from command line to 'False'
[0.499s] Level 5:colcon.colcon_core.verb:set package 'gripper_control' build argument 'cmake_force_configure' from command line to 'False'
[0.499s] Level 5:colcon.colcon_core.verb:set package 'gripper_control' build argument 'ament_cmake_args' from command line to 'None'
[0.499s] Level 5:colcon.colcon_core.verb:set package 'gripper_control' build argument 'catkin_cmake_args' from command line to 'None'
[0.499s] Level 5:colcon.colcon_core.verb:set package 'gripper_control' build argument 'catkin_skip_building_tests' from command line to 'False'
[0.500s] DEBUG:colcon.colcon_core.verb:Building package 'gripper_control' with the following arguments: {'ament_cmake_args': None, 'build_base': '/home/icrs/icrsUR/build/gripper_control', 'catkin_cmake_args': None, 'catkin_skip_building_tests': False, 'cmake_args': None, 'cmake_clean_cache': False, 'cmake_clean_first': False, 'cmake_force_configure': False, 'cmake_target': None, 'cmake_target_skip_unavailable': False, 'install_base': '/home/icrs/icrsUR/install/gripper_control', 'merge_install': False, 'path': '/home/icrs/icrsUR/src/gripper_control', 'symlink_install': False, 'test_result_base': None}
[0.500s] Level 5:colcon.colcon_core.verb:set package 'interfaces_ur5ik' build argument 'cmake_args' from command line to 'None'
[0.500s] Level 5:colcon.colcon_core.verb:set package 'interfaces_ur5ik' build argument 'cmake_target' from command line to 'None'
[0.500s] Level 5:colcon.colcon_core.verb:set package 'interfaces_ur5ik' build argument 'cmake_target_skip_unavailable' from command line to 'False'
[0.500s] Level 5:colcon.colcon_core.verb:set package 'interfaces_ur5ik' build argument 'cmake_clean_cache' from command line to 'False'
[0.500s] Level 5:colcon.colcon_core.verb:set package 'interfaces_ur5ik' build argument 'cmake_clean_first' from command line to 'False'
[0.500s] Level 5:colcon.colcon_core.verb:set package 'interfaces_ur5ik' build argument 'cmake_force_configure' from command line to 'False'
[0.500s] Level 5:colcon.colcon_core.verb:set package 'interfaces_ur5ik' build argument 'ament_cmake_args' from command line to 'None'
[0.500s] Level 5:colcon.colcon_core.verb:set package 'interfaces_ur5ik' build argument 'catkin_cmake_args' from command line to 'None'
[0.500s] Level 5:colcon.colcon_core.verb:set package 'interfaces_ur5ik' build argument 'catkin_skip_building_tests' from command line to 'False'
[0.500s] DEBUG:colcon.colcon_core.verb:Building package 'interfaces_ur5ik' with the following arguments: {'ament_cmake_args': None, 'build_base': '/home/icrs/icrsUR/build/interfaces_ur5ik', 'catkin_cmake_args': None, 'catkin_skip_building_tests': False, 'cmake_args': None, 'cmake_clean_cache': False, 'cmake_clean_first': False, 'cmake_force_configure': False, 'cmake_target': None, 'cmake_target_skip_unavailable': False, 'install_base': '/home/icrs/icrsUR/install/interfaces_ur5ik', 'merge_install': False, 'path': '/home/icrs/icrsUR/src/interfaces_ur5ik', 'symlink_install': False, 'test_result_base': None}
[0.501s] Level 5:colcon.colcon_core.verb:set package 'robotiq_description' build argument 'cmake_args' from command line to 'None'
[0.501s] Level 5:colcon.colcon_core.verb:set package 'robotiq_description' build argument 'cmake_target' from command line to 'None'
[0.501s] Level 5:colcon.colcon_core.verb:set package 'robotiq_description' build argument 'cmake_target_skip_unavailable' from command line to 'False'
[0.501s] Level 5:colcon.colcon_core.verb:set package 'robotiq_description' build argument 'cmake_clean_cache' from command line to 'False'
[0.501s] Level 5:colcon.colcon_core.verb:set package 'robotiq_description' build argument 'cmake_clean_first' from command line to 'False'
[0.501s] Level 5:colcon.colcon_core.verb:set package 'robotiq_description' build argument 'cmake_force_configure' from command line to 'False'
[0.501s] Level 5:colcon.colcon_core.verb:set package 'robotiq_description' build argument 'ament_cmake_args' from command line to 'None'
[0.501s] Level 5:colcon.colcon_core.verb:set package 'robotiq_description' build argument 'catkin_cmake_args' from command line to 'None'
[0.501s] Level 5:colcon.colcon_core.verb:set package 'robotiq_description' build argument 'catkin_skip_building_tests' from command line to 'False'
[0.501s] DEBUG:colcon.colcon_core.verb:Building package 'robotiq_description' with the following arguments: {'ament_cmake_args': None, 'build_base': '/home/icrs/icrsUR/build/robotiq_description', 'catkin_cmake_args': None, 'catkin_skip_building_tests': False, 'cmake_args': None, 'cmake_clean_cache': False, 'cmake_clean_first': False, 'cmake_force_configure': False, 'cmake_target': None, 'cmake_target_skip_unavailable': False, 'install_base': '/home/icrs/icrsUR/install/robotiq_description', 'merge_install': False, 'path': '/home/icrs/icrsUR/src/robotiq_description', 'symlink_install': False, 'test_result_base': None}
[0.501s] Level 5:colcon.colcon_core.verb:set package 'ur_custom_interfaces' build argument 'cmake_args' from command line to 'None'
[0.501s] Level 5:colcon.colcon_core.verb:set package 'ur_custom_interfaces' build argument 'cmake_target' from command line to 'None'
[0.501s] Level 5:colcon.colcon_core.verb:set package 'ur_custom_interfaces' build argument 'cmake_target_skip_unavailable' from command line to 'False'
[0.501s] Level 5:colcon.colcon_core.verb:set package 'ur_custom_interfaces' build argument 'cmake_clean_cache' from command line to 'False'
[0.501s] Level 5:colcon.colcon_core.verb:set package 'ur_custom_interfaces' build argument 'cmake_clean_first' from command line to 'False'
[0.501s] Level 5:colcon.colcon_core.verb:set package 'ur_custom_interfaces' build argument 'cmake_force_configure' from command line to 'False'
[0.501s] Level 5:colcon.colcon_core.verb:set package 'ur_custom_interfaces' build argument 'ament_cmake_args' from command line to 'None'
[0.501s] Level 5:colcon.colcon_core.verb:set package 'ur_custom_interfaces' build argument 'catkin_cmake_args' from command line to 'None'
[0.501s] Level 5:colcon.colcon_core.verb:set package 'ur_custom_interfaces' build argument 'catkin_skip_building_tests' from command line to 'False'
[0.501s] DEBUG:colcon.colcon_core.verb:Building package 'ur_custom_interfaces' with the following arguments: {'ament_cmake_args': None, 'build_base': '/home/icrs/icrsUR/build/ur_custom_interfaces', 'catkin_cmake_args': None, 'catkin_skip_building_tests': False, 'cmake_args': None, 'cmake_clean_cache': False, 'cmake_clean_first': False, 'cmake_force_configure': False, 'cmake_target': None, 'cmake_target_skip_unavailable': False, 'install_base': '/home/icrs/icrsUR/install/ur_custom_interfaces', 'merge_install': False, 'path': '/home/icrs/icrsUR/src/ur_custom_interfaces', 'symlink_install': False, 'test_result_base': None}
[0.502s] Level 5:colcon.colcon_core.verb:set package 'ur_dashboard_msgs' build argument 'cmake_args' from command line to 'None'
[0.502s] Level 5:colcon.colcon_core.verb:set package 'ur_dashboard_msgs' build argument 'cmake_target' from command line to 'None'
[0.502s] Level 5:colcon.colcon_core.verb:set package 'ur_dashboard_msgs' build argument 'cmake_target_skip_unavailable' from command line to 'False'
[0.502s] Level 5:colcon.colcon_core.verb:set package 'ur_dashboard_msgs' build argument 'cmake_clean_cache' from command line to 'False'
[0.502s] Level 5:colcon.colcon_core.verb:set package 'ur_dashboard_msgs' build argument 'cmake_clean_first' from command line to 'False'
[0.502s] Level 5:colcon.colcon_core.verb:set package 'ur_dashboard_msgs' build argument 'cmake_force_configure' from command line to 'False'
[0.502s] Level 5:colcon.colcon_core.verb:set package 'ur_dashboard_msgs' build argument 'ament_cmake_args' from command line to 'None'
[0.502s] Level 5:colcon.colcon_core.verb:set package 'ur_dashboard_msgs' build argument 'catkin_cmake_args' from command line to 'None'
[0.502s] Level 5:colcon.colcon_core.verb:set package 'ur_dashboard_msgs' build argument 'catkin_skip_building_tests' from command line to 'False'
[0.502s] DEBUG:colcon.colcon_core.verb:Building package 'ur_dashboard_msgs' with the following arguments: {'ament_cmake_args': None, 'build_base': '/home/icrs/icrsUR/build/ur_dashboard_msgs', 'catkin_cmake_args': None, 'catkin_skip_building_tests': False, 'cmake_args': None, 'cmake_clean_cache': False, 'cmake_clean_first': False, 'cmake_force_configure': False, 'cmake_target': None, 'cmake_target_skip_unavailable': False, 'install_base': '/home/icrs/icrsUR/install/ur_dashboard_msgs', 'merge_install': False, 'path': '/home/icrs/icrsUR/src/Universal_Robots_ROS2_Driver/ur_dashboard_msgs', 'symlink_install': False, 'test_result_base': None}
[0.502s] Level 5:colcon.colcon_core.verb:set package 'ur_description' build argument 'cmake_args' from command line to 'None'
[0.502s] Level 5:colcon.colcon_core.verb:set package 'ur_description' build argument 'cmake_target' from command line to 'None'
[0.502s] Level 5:colcon.colcon_core.verb:set package 'ur_description' build argument 'cmake_target_skip_unavailable' from command line to 'False'
[0.502s] Level 5:colcon.colcon_core.verb:set package 'ur_description' build argument 'cmake_clean_cache' from command line to 'False'
[0.502s] Level 5:colcon.colcon_core.verb:set package 'ur_description' build argument 'cmake_clean_first' from command line to 'False'
[0.502s] Level 5:colcon.colcon_core.verb:set package 'ur_description' build argument 'cmake_force_configure' from command line to 'False'
[0.502s] Level 5:colcon.colcon_core.verb:set package 'ur_description' build argument 'ament_cmake_args' from command line to 'None'
[0.502s] Level 5:colcon.colcon_core.verb:set package 'ur_description' build argument 'catkin_cmake_args' from command line to 'None'
[0.502s] Level 5:colcon.colcon_core.verb:set package 'ur_description' build argument 'catkin_skip_building_tests' from command line to 'False'
[0.502s] DEBUG:colcon.colcon_core.verb:Building package 'ur_description' with the following arguments: {'ament_cmake_args': None, 'build_base': '/home/icrs/icrsUR/build/ur_description', 'catkin_cmake_args': None, 'catkin_skip_building_tests': False, 'cmake_args': None, 'cmake_clean_cache': False, 'cmake_clean_first': False, 'cmake_force_configure': False, 'cmake_target': None, 'cmake_target_skip_unavailable': False, 'install_base': '/home/icrs/icrsUR/install/ur_description', 'merge_install': False, 'path': '/home/icrs/icrsUR/src/Universal_Robots_ROS2_Description', 'symlink_install': False, 'test_result_base': None}
[0.503s] Level 5:colcon.colcon_core.verb:set package 'camera_control' build argument 'cmake_args' from command line to 'None'
[0.503s] Level 5:colcon.colcon_core.verb:set package 'camera_control' build argument 'cmake_target' from command line to 'None'
[0.503s] Level 5:colcon.colcon_core.verb:set package 'camera_control' build argument 'cmake_target_skip_unavailable' from command line to 'False'
[0.503s] Level 5:colcon.colcon_core.verb:set package 'camera_control' build argument 'cmake_clean_cache' from command line to 'False'
[0.503s] Level 5:colcon.colcon_core.verb:set package 'camera_control' build argument 'cmake_clean_first' from command line to 'False'
[0.503s] Level 5:colcon.colcon_core.verb:set package 'camera_control' build argument 'cmake_force_configure' from command line to 'False'
[0.503s] Level 5:colcon.colcon_core.verb:set package 'camera_control' build argument 'ament_cmake_args' from command line to 'None'
[0.503s] Level 5:colcon.colcon_core.verb:set package 'camera_control' build argument 'catkin_cmake_args' from command line to 'None'
[0.503s] Level 5:colcon.colcon_core.verb:set package 'camera_control' build argument 'catkin_skip_building_tests' from command line to 'False'
[0.503s] DEBUG:colcon.colcon_core.verb:Building package 'camera_control' with the following arguments: {'ament_cmake_args': None, 'build_base': '/home/icrs/icrsUR/build/camera_control', 'catkin_cmake_args': None, 'catkin_skip_building_tests': False, 'cmake_args': None, 'cmake_clean_cache': False, 'cmake_clean_first': False, 'cmake_force_configure': False, 'cmake_target': None, 'cmake_target_skip_unavailable': False, 'install_base': '/home/icrs/icrsUR/install/camera_control', 'merge_install': False, 'path': '/home/icrs/icrsUR/src/camera_control', 'symlink_install': False, 'test_result_base': None}
[0.503s] Level 5:colcon.colcon_core.verb:set package 'service_ur5ik' build argument 'cmake_args' from command line to 'None'
[0.503s] Level 5:colcon.colcon_core.verb:set package 'service_ur5ik' build argument 'cmake_target' from command line to 'None'
[0.503s] Level 5:colcon.colcon_core.verb:set package 'service_ur5ik' build argument 'cmake_target_skip_unavailable' from command line to 'False'
[0.503s] Level 5:colcon.colcon_core.verb:set package 'service_ur5ik' build argument 'cmake_clean_cache' from command line to 'False'
[0.503s] Level 5:colcon.colcon_core.verb:set package 'service_ur5ik' build argument 'cmake_clean_first' from command line to 'False'
[0.503s] Level 5:colcon.colcon_core.verb:set package 'service_ur5ik' build argument 'cmake_force_configure' from command line to 'False'
[0.504s] Level 5:colcon.colcon_core.verb:set package 'service_ur5ik' build argument 'ament_cmake_args' from command line to 'None'
[0.504s] Level 5:colcon.colcon_core.verb:set package 'service_ur5ik' build argument 'catkin_cmake_args' from command line to 'None'
[0.504s] Level 5:colcon.colcon_core.verb:set package 'service_ur5ik' build argument 'catkin_skip_building_tests' from command line to 'False'
[0.504s] DEBUG:colcon.colcon_core.verb:Building package 'service_ur5ik' with the following arguments: {'ament_cmake_args': None, 'build_base': '/home/icrs/icrsUR/build/service_ur5ik', 'catkin_cmake_args': None, 'catkin_skip_building_tests': False, 'cmake_args': None, 'cmake_clean_cache': False, 'cmake_clean_first': False, 'cmake_force_configure': False, 'cmake_target': None, 'cmake_target_skip_unavailable': False, 'install_base': '/home/icrs/icrsUR/install/service_ur5ik', 'merge_install': False, 'path': '/home/icrs/icrsUR/src/service_ur5ik', 'symlink_install': False, 'test_result_base': None}
[0.504s] Level 5:colcon.colcon_core.verb:set package 'ur_controllers' build argument 'cmake_args' from command line to 'None'
[0.504s] Level 5:colcon.colcon_core.verb:set package 'ur_controllers' build argument 'cmake_target' from command line to 'None'
[0.504s] Level 5:colcon.colcon_core.verb:set package 'ur_controllers' build argument 'cmake_target_skip_unavailable' from command line to 'False'
[0.504s] Level 5:colcon.colcon_core.verb:set package 'ur_controllers' build argument 'cmake_clean_cache' from command line to 'False'
[0.504s] Level 5:colcon.colcon_core.verb:set package 'ur_controllers' build argument 'cmake_clean_first' from command line to 'False'
[0.504s] Level 5:colcon.colcon_core.verb:set package 'ur_controllers' build argument 'cmake_force_configure' from command line to 'False'
[0.504s] Level 5:colcon.colcon_core.verb:set package 'ur_controllers' build argument 'ament_cmake_args' from command line to 'None'
[0.504s] Level 5:colcon.colcon_core.verb:set package 'ur_controllers' build argument 'catkin_cmake_args' from command line to 'None'
[0.504s] Level 5:colcon.colcon_core.verb:set package 'ur_controllers' build argument 'catkin_skip_building_tests' from command line to 'False'
[0.504s] DEBUG:colcon.colcon_core.verb:Building package 'ur_controllers' with the following arguments: {'ament_cmake_args': None, 'build_base': '/home/icrs/icrsUR/build/ur_controllers', 'catkin_cmake_args': None, 'catkin_skip_building_tests': False, 'cmake_args': None, 'cmake_clean_cache': False, 'cmake_clean_first': False, 'cmake_force_configure': False, 'cmake_target': None, 'cmake_target_skip_unavailable': False, 'install_base': '/home/icrs/icrsUR/install/ur_controllers', 'merge_install': False, 'path': '/home/icrs/icrsUR/src/Universal_Robots_ROS2_Driver/ur_controllers', 'symlink_install': False, 'test_result_base': None}
[0.505s] Level 5:colcon.colcon_core.verb:set package 'ur_moveit_config' build argument 'cmake_args' from command line to 'None'
[0.505s] Level 5:colcon.colcon_core.verb:set package 'ur_moveit_config' build argument 'cmake_target' from command line to 'None'
[0.505s] Level 5:colcon.colcon_core.verb:set package 'ur_moveit_config' build argument 'cmake_target_skip_unavailable' from command line to 'False'
[0.505s] Level 5:colcon.colcon_core.verb:set package 'ur_moveit_config' build argument 'cmake_clean_cache' from command line to 'False'
[0.505s] Level 5:colcon.colcon_core.verb:set package 'ur_moveit_config' build argument 'cmake_clean_first' from command line to 'False'
[0.505s] Level 5:colcon.colcon_core.verb:set package 'ur_moveit_config' build argument 'cmake_force_configure' from command line to 'False'
[0.505s] Level 5:colcon.colcon_core.verb:set package 'ur_moveit_config' build argument 'ament_cmake_args' from command line to 'None'
[0.505s] Level 5:colcon.colcon_core.verb:set package 'ur_moveit_config' build argument 'catkin_cmake_args' from command line to 'None'
[0.505s] Level 5:colcon.colcon_core.verb:set package 'ur_moveit_config' build argument 'catkin_skip_building_tests' from command line to 'False'
[0.505s] DEBUG:colcon.colcon_core.verb:Building package 'ur_moveit_config' with the following arguments: {'ament_cmake_args': None, 'build_base': '/home/icrs/icrsUR/build/ur_moveit_config', 'catkin_cmake_args': None, 'catkin_skip_building_tests': False, 'cmake_args': None, 'cmake_clean_cache': False, 'cmake_clean_first': False, 'cmake_force_configure': False, 'cmake_target': None, 'cmake_target_skip_unavailable': False, 'install_base': '/home/icrs/icrsUR/install/ur_moveit_config', 'merge_install': False, 'path': '/home/icrs/icrsUR/src/Universal_Robots_ROS2_Driver/ur_moveit_config', 'symlink_install': False, 'test_result_base': None}
[0.505s] Level 5:colcon.colcon_core.verb:set package 'ur_mover' build argument 'cmake_args' from command line to 'None'
[0.505s] Level 5:colcon.colcon_core.verb:set package 'ur_mover' build argument 'cmake_target' from command line to 'None'
[0.505s] Level 5:colcon.colcon_core.verb:set package 'ur_mover' build argument 'cmake_target_skip_unavailable' from command line to 'False'
[0.505s] Level 5:colcon.colcon_core.verb:set package 'ur_mover' build argument 'cmake_clean_cache' from command line to 'False'
[0.505s] Level 5:colcon.colcon_core.verb:set package 'ur_mover' build argument 'cmake_clean_first' from command line to 'False'
[0.505s] Level 5:colcon.colcon_core.verb:set package 'ur_mover' build argument 'cmake_force_configure' from command line to 'False'
[0.505s] Level 5:colcon.colcon_core.verb:set package 'ur_mover' build argument 'ament_cmake_args' from command line to 'None'
[0.505s] Level 5:colcon.colcon_core.verb:set package 'ur_mover' build argument 'catkin_cmake_args' from command line to 'None'
[0.505s] Level 5:colcon.colcon_core.verb:set package 'ur_mover' build argument 'catkin_skip_building_tests' from command line to 'False'
[0.505s] DEBUG:colcon.colcon_core.verb:Building package 'ur_mover' with the following arguments: {'ament_cmake_args': None, 'build_base': '/home/icrs/icrsUR/build/ur_mover', 'catkin_cmake_args': None, 'catkin_skip_building_tests': False, 'cmake_args': None, 'cmake_clean_cache': False, 'cmake_clean_first': False, 'cmake_force_configure': False, 'cmake_target': None, 'cmake_target_skip_unavailable': False, 'install_base': '/home/icrs/icrsUR/install/ur_mover', 'merge_install': False, 'path': '/home/icrs/icrsUR/src/ur_mover', 'symlink_install': False, 'test_result_base': None}
[0.506s] Level 5:colcon.colcon_core.verb:set package 'ur_bringup' build argument 'cmake_args' from command line to 'None'
[0.506s] Level 5:colcon.colcon_core.verb:set package 'ur_bringup' build argument 'cmake_target' from command line to 'None'
[0.506s] Level 5:colcon.colcon_core.verb:set package 'ur_bringup' build argument 'cmake_target_skip_unavailable' from command line to 'False'
[0.506s] Level 5:colcon.colcon_core.verb:set package 'ur_bringup' build argument 'cmake_clean_cache' from command line to 'False'
[0.506s] Level 5:colcon.colcon_core.verb:set package 'ur_bringup' build argument 'cmake_clean_first' from command line to 'False'
[0.506s] Level 5:colcon.colcon_core.verb:set package 'ur_bringup' build argument 'cmake_force_configure' from command line to 'False'
[0.506s] Level 5:colcon.colcon_core.verb:set package 'ur_bringup' build argument 'ament_cmake_args' from command line to 'None'
[0.506s] Level 5:colcon.colcon_core.verb:set package 'ur_bringup' build argument 'catkin_cmake_args' from command line to 'None'
[0.506s] Level 5:colcon.colcon_core.verb:set package 'ur_bringup' build argument 'catkin_skip_building_tests' from command line to 'False'
[0.506s] DEBUG:colcon.colcon_core.verb:Building package 'ur_bringup' with the following arguments: {'ament_cmake_args': None, 'build_base': '/home/icrs/icrsUR/build/ur_bringup', 'catkin_cmake_args': None, 'catkin_skip_building_tests': False, 'cmake_args': None, 'cmake_clean_cache': False, 'cmake_clean_first': False, 'cmake_force_configure': False, 'cmake_target': None, 'cmake_target_skip_unavailable': False, 'install_base': '/home/icrs/icrsUR/install/ur_bringup', 'merge_install': False, 'path': '/home/icrs/icrsUR/src/Universal_Robots_ROS2_Driver/ur_bringup', 'symlink_install': False, 'test_result_base': None}
[0.506s] Level 5:colcon.colcon_core.verb:set package 'ur_robot_driver' build argument 'cmake_args' from command line to 'None'
[0.506s] Level 5:colcon.colcon_core.verb:set package 'ur_robot_driver' build argument 'cmake_target' from command line to 'None'
[0.506s] Level 5:colcon.colcon_core.verb:set package 'ur_robot_driver' build argument 'cmake_target_skip_unavailable' from command line to 'False'
[0.506s] Level 5:colcon.colcon_core.verb:set package 'ur_robot_driver' build argument 'cmake_clean_cache' from command line to 'False'
[0.506s] Level 5:colcon.colcon_core.verb:set package 'ur_robot_driver' build argument 'cmake_clean_first' from command line to 'False'
[0.506s] Level 5:colcon.colcon_core.verb:set package 'ur_robot_driver' build argument 'cmake_force_configure' from command line to 'False'
[0.506s] Level 5:colcon.colcon_core.verb:set package 'ur_robot_driver' build argument 'ament_cmake_args' from command line to 'None'
[0.506s] Level 5:colcon.colcon_core.verb:set package 'ur_robot_driver' build argument 'catkin_cmake_args' from command line to 'None'
[0.506s] Level 5:colcon.colcon_core.verb:set package 'ur_robot_driver' build argument 'catkin_skip_building_tests' from command line to 'False'
[0.507s] DEBUG:colcon.colcon_core.verb:Building package 'ur_robot_driver' with the following arguments: {'ament_cmake_args': None, 'build_base': '/home/icrs/icrsUR/build/ur_robot_driver', 'catkin_cmake_args': None, 'catkin_skip_building_tests': False, 'cmake_args': None, 'cmake_clean_cache': False, 'cmake_clean_first': False, 'cmake_force_configure': False, 'cmake_target': None, 'cmake_target_skip_unavailable': False, 'install_base': '/home/icrs/icrsUR/install/ur_robot_driver', 'merge_install': False, 'path': '/home/icrs/icrsUR/src/Universal_Robots_ROS2_Driver/ur_robot_driver', 'symlink_install': False, 'test_result_base': None}
[0.507s] Level 5:colcon.colcon_core.verb:set package 'ur_calibration' build argument 'cmake_args' from command line to 'None'
[0.507s] Level 5:colcon.colcon_core.verb:set package 'ur_calibration' build argument 'cmake_target' from command line to 'None'
[0.507s] Level 5:colcon.colcon_core.verb:set package 'ur_calibration' build argument 'cmake_target_skip_unavailable' from command line to 'False'
[0.507s] Level 5:colcon.colcon_core.verb:set package 'ur_calibration' build argument 'cmake_clean_cache' from command line to 'False'
[0.507s] Level 5:colcon.colcon_core.verb:set package 'ur_calibration' build argument 'cmake_clean_first' from command line to 'False'
[0.507s] Level 5:colcon.colcon_core.verb:set package 'ur_calibration' build argument 'cmake_force_configure' from command line to 'False'
[0.507s] Level 5:colcon.colcon_core.verb:set package 'ur_calibration' build argument 'ament_cmake_args' from command line to 'None'
[0.507s] Level 5:colcon.colcon_core.verb:set package 'ur_calibration' build argument 'catkin_cmake_args' from command line to 'None'
[0.507s] Level 5:colcon.colcon_core.verb:set package 'ur_calibration' build argument 'catkin_skip_building_tests' from command line to 'False'
[0.507s] DEBUG:colcon.colcon_core.verb:Building package 'ur_calibration' with the following arguments: {'ament_cmake_args': None, 'build_base': '/home/icrs/icrsUR/build/ur_calibration', 'catkin_cmake_args': None, 'catkin_skip_building_tests': False, 'cmake_args': None, 'cmake_clean_cache': False, 'cmake_clean_first': False, 'cmake_force_configure': False, 'cmake_target': None, 'cmake_target_skip_unavailable': False, 'install_base': '/home/icrs/icrsUR/install/ur_calibration', 'merge_install': False, 'path': '/home/icrs/icrsUR/src/Universal_Robots_ROS2_Driver/ur_calibration', 'symlink_install': False, 'test_result_base': None}
[0.507s] Level 5:colcon.colcon_core.verb:set package 'ur' build argument 'cmake_args' from command line to 'None'
[0.507s] Level 5:colcon.colcon_core.verb:set package 'ur' build argument 'cmake_target' from command line to 'None'
[0.507s] Level 5:colcon.colcon_core.verb:set package 'ur' build argument 'cmake_target_skip_unavailable' from command line to 'False'
[0.508s] Level 5:colcon.colcon_core.verb:set package 'ur' build argument 'cmake_clean_cache' from command line to 'False'
[0.508s] Level 5:colcon.colcon_core.verb:set package 'ur' build argument 'cmake_clean_first' from command line to 'False'
[0.508s] Level 5:colcon.colcon_core.verb:set package 'ur' build argument 'cmake_force_configure' from command line to 'False'
[0.508s] Level 5:colcon.colcon_core.verb:set package 'ur' build argument 'ament_cmake_args' from command line to 'None'
[0.508s] Level 5:colcon.colcon_core.verb:set package 'ur' build argument 'catkin_cmake_args' from command line to 'None'
[0.508s] Level 5:colcon.colcon_core.verb:set package 'ur' build argument 'catkin_skip_building_tests' from command line to 'False'
[0.508s] DEBUG:colcon.colcon_core.verb:Building package 'ur' with the following arguments: {'ament_cmake_args': None, 'build_base': '/home/icrs/icrsUR/build/ur', 'catkin_cmake_args': None, 'catkin_skip_building_tests': False, 'cmake_args': None, 'cmake_clean_cache': False, 'cmake_clean_first': False, 'cmake_force_configure': False, 'cmake_target': None, 'cmake_target_skip_unavailable': False, 'install_base': '/home/icrs/icrsUR/install/ur', 'merge_install': False, 'path': '/home/icrs/icrsUR/src/Universal_Robots_ROS2_Driver/ur', 'symlink_install': False, 'test_result_base': None}
[0.508s] INFO:colcon.colcon_core.executor:Executing jobs using 'parallel' executor
[0.509s] DEBUG:colcon.colcon_parallel_executor.executor.parallel:run_until_complete
[0.509s] INFO:colcon.colcon_ros.task.ament_cmake.build:Building ROS package in '/home/icrs/icrsUR/src/Universal_Robots_ROS2_Driver/ur_dashboard_msgs' with build type 'ament_cmake'
[0.509s] INFO:colcon.colcon_cmake.task.cmake.build:Building CMake package in '/home/icrs/icrsUR/src/Universal_Robots_ROS2_Driver/ur_dashboard_msgs'
[0.511s] INFO:colcon.colcon_core.plugin_system:Skipping extension 'colcon_core.shell.bat': Not used on non-Windows systems
[0.512s] INFO:colcon.colcon_core.shell:Skip shell extension 'powershell' for command environment: Not usable outside of PowerShell
[0.512s] DEBUG:colcon.colcon_core.shell:Skip shell extension 'dsv' for command environment
[0.514s] INFO:colcon.colcon_ros.task.ament_cmake.build:Building ROS package in '/home/icrs/icrsUR/src/Universal_Robots_ROS2_Description' with build type 'ament_cmake'
[0.515s] INFO:colcon.colcon_cmake.task.cmake.build:Building CMake package in '/home/icrs/icrsUR/src/Universal_Robots_ROS2_Description'
[0.515s] INFO:colcon.colcon_core.shell:Skip shell extension 'powershell' for command environment: Not usable outside of PowerShell
[0.515s] DEBUG:colcon.colcon_core.shell:Skip shell extension 'dsv' for command environment
[0.517s] INFO:colcon.colcon_ros.task.ament_cmake.build:Building ROS package in '/home/icrs/icrsUR/src/interfaces_ur5ik' with build type 'ament_cmake'
[0.517s] INFO:colcon.colcon_cmake.task.cmake.build:Building CMake package in '/home/icrs/icrsUR/src/interfaces_ur5ik'
[0.517s] INFO:colcon.colcon_core.shell:Skip shell extension 'powershell' for command environment: Not usable outside of PowerShell
[0.518s] DEBUG:colcon.colcon_core.shell:Skip shell extension 'dsv' for command environment
[0.520s] INFO:colcon.colcon_ros.task.ament_cmake.build:Building ROS package in '/home/icrs/icrsUR/src/ur_custom_interfaces' with build type 'ament_cmake'
[0.520s] INFO:colcon.colcon_cmake.task.cmake.build:Building CMake package in '/home/icrs/icrsUR/src/ur_custom_interfaces'
[0.521s] INFO:colcon.colcon_core.shell:Skip shell extension 'powershell' for command environment: Not usable outside of PowerShell
[0.521s] DEBUG:colcon.colcon_core.shell:Skip shell extension 'dsv' for command environment
[0.524s] INFO:colcon.colcon_ros.task.ament_python.build:Building ROS package in '/home/icrs/icrsUR/src/gripper_control' with build type 'ament_python'
[0.524s] Level 1:colcon.colcon_core.shell:create_environment_hook('gripper_control', 'ament_prefix_path')
[0.524s] INFO:colcon.colcon_core.shell:Creating environment hook '/home/icrs/icrsUR/install/gripper_control/share/gripper_control/hook/ament_prefix_path.ps1'
[0.525s] INFO:colcon.colcon_core.shell:Creating environment descriptor '/home/icrs/icrsUR/install/gripper_control/share/gripper_control/hook/ament_prefix_path.dsv'
[0.525s] INFO:colcon.colcon_core.shell:Creating environment hook '/home/icrs/icrsUR/install/gripper_control/share/gripper_control/hook/ament_prefix_path.sh'
[0.526s] INFO:colcon.colcon_core.shell:Skip shell extension 'powershell' for command environment: Not usable outside of PowerShell
[0.526s] DEBUG:colcon.colcon_core.shell:Skip shell extension 'dsv' for command environment
[0.529s] INFO:colcon.colcon_ros.task.ament_cmake.build:Building ROS package in '/home/icrs/icrsUR/src/robotiq_description' with build type 'ament_cmake'
[0.529s] INFO:colcon.colcon_cmake.task.cmake.build:Building CMake package in '/home/icrs/icrsUR/src/robotiq_description'
[0.529s] INFO:colcon.colcon_core.shell:Skip shell extension 'powershell' for command environment: Not usable outside of PowerShell
[0.529s] DEBUG:colcon.colcon_core.shell:Skip shell extension 'dsv' for command environment
[0.538s] DEBUG:colcon.colcon_core.event_handler.log_command:Invoking command in '/home/icrs/icrsUR/build/ur_dashboard_msgs': CMAKE_PREFIX_PATH=/opt/ros/humble /usr/bin/cmake --build /home/icrs/icrsUR/build/ur_dashboard_msgs -- -j8 -l8
[0.542s] DEBUG:colcon.colcon_core.event_handler.log_command:Invoking command in '/home/icrs/icrsUR/build/ur_description': CMAKE_PREFIX_PATH=/opt/ros/humble /usr/bin/cmake --build /home/icrs/icrsUR/build/ur_description -- -j8 -l8
[0.546s] DEBUG:colcon.colcon_core.event_handler.log_command:Invoking command in '/home/icrs/icrsUR/build/interfaces_ur5ik': CMAKE_PREFIX_PATH=/opt/ros/humble /usr/bin/cmake --build /home/icrs/icrsUR/build/interfaces_ur5ik -- -j8 -l8
[0.549s] DEBUG:colcon.colcon_core.event_handler.log_command:Invoking command in '/home/icrs/icrsUR/build/ur_custom_interfaces': CMAKE_PREFIX_PATH=/opt/ros/humble /usr/bin/cmake --build /home/icrs/icrsUR/build/ur_custom_interfaces -- -j8 -l8
[1.148s] WARNING:colcon.colcon_ros.task.ament_python.build:Package 'gripper_control' doesn't explicitly install a marker in the package index (colcon-ros currently does it implicitly but that fallback will be removed in the future)
[1.149s] INFO:colcon.colcon_core.task.python.build:Building Python package in '/home/icrs/icrsUR/src/gripper_control'
[1.149s] INFO:colcon.colcon_core.shell:Skip shell extension 'powershell' for command environment: Not usable outside of PowerShell
[1.149s] DEBUG:colcon.colcon_core.shell:Skip shell extension 'dsv' for command environment
[1.167s] DEBUG:colcon.colcon_core.event_handler.log_command:Invoking command in '/home/icrs/icrsUR/build/robotiq_description': CMAKE_PREFIX_PATH=/opt/ros/humble /usr/bin/cmake --build /home/icrs/icrsUR/build/robotiq_description -- -j8 -l8
[1.168s] DEBUG:colcon.colcon_core.event_handler.log_command:Invoked command in '/home/icrs/icrsUR/build/ur_description' returned '0': CMAKE_PREFIX_PATH=/opt/ros/humble /usr/bin/cmake --build /home/icrs/icrsUR/build/ur_description -- -j8 -l8
[1.207s] DEBUG:colcon.colcon_core.event_handler.log_command:Invoking command in '/home/icrs/icrsUR/build/ur_description': CMAKE_PREFIX_PATH=/opt/ros/humble /usr/bin/cmake --install /home/icrs/icrsUR/build/ur_description
[1.226s] DEBUG:colcon.colcon_core.event_handler.log_command:Invoked command in '/home/icrs/icrsUR/build/robotiq_description' returned '0': CMAKE_PREFIX_PATH=/opt/ros/humble /usr/bin/cmake --build /home/icrs/icrsUR/build/robotiq_description -- -j8 -l8
[1.260s] DEBUG:colcon.colcon_core.event_handler.log_command:Invoking command in '/home/icrs/icrsUR/build/robotiq_description': CMAKE_PREFIX_PATH=/opt/ros/humble /usr/bin/cmake --install /home/icrs/icrsUR/build/robotiq_description
[1.279s] Level 1:colcon.colcon_core.environment:create_environment_scripts_only(ur_description)
[1.281s] DEBUG:colcon.colcon_core.event_handler.log_command:Invoked command in '/home/icrs/icrsUR/build/ur_custom_interfaces' returned '0': CMAKE_PREFIX_PATH=/opt/ros/humble /usr/bin/cmake --build /home/icrs/icrsUR/build/ur_custom_interfaces -- -j8 -l8
[1.287s] DEBUG:colcon.colcon_core.event_handler.log_command:Invoked command in '/home/icrs/icrsUR/build/ur_description' returned '0': CMAKE_PREFIX_PATH=/opt/ros/humble /usr/bin/cmake --install /home/icrs/icrsUR/build/ur_description
[1.290s] Level 1:colcon.colcon_core.environment:checking '/home/icrs/icrsUR/install/ur_description' for CMake module files
[1.291s] Level 1:colcon.colcon_core.environment:checking '/home/icrs/icrsUR/install/ur_description' for CMake config files
[1.293s] Level 1:colcon.colcon_core.shell:create_environment_hook('ur_description', 'cmake_prefix_path')
[1.293s] INFO:colcon.colcon_core.shell:Creating environment hook '/home/icrs/icrsUR/install/ur_description/share/ur_description/hook/cmake_prefix_path.ps1'
[1.294s] INFO:colcon.colcon_core.shell:Creating environment descriptor '/home/icrs/icrsUR/install/ur_description/share/ur_description/hook/cmake_prefix_path.dsv'
[1.296s] INFO:colcon.colcon_core.shell:Creating environment hook '/home/icrs/icrsUR/install/ur_description/share/ur_description/hook/cmake_prefix_path.sh'
[1.297s] Level 1:colcon.colcon_core.environment:checking '/home/icrs/icrsUR/install/ur_description/bin'
[1.297s] Level 1:colcon.colcon_core.environment:checking '/home/icrs/icrsUR/install/ur_description/lib/pkgconfig/ur_description.pc'
[1.297s] Level 1:colcon.colcon_core.environment:checking '/home/icrs/icrsUR/install/ur_description/lib/python3.10/site-packages'
[1.298s] Level 1:colcon.colcon_core.environment:checking '/home/icrs/icrsUR/install/ur_description/bin'
[1.298s] INFO:colcon.colcon_core.shell:Creating package script '/home/icrs/icrsUR/install/ur_description/share/ur_description/package.ps1'
[1.299s] INFO:colcon.colcon_core.shell:Creating package descriptor '/home/icrs/icrsUR/install/ur_description/share/ur_description/package.dsv'
[1.300s] INFO:colcon.colcon_core.shell:Creating package script '/home/icrs/icrsUR/install/ur_description/share/ur_description/package.sh'
[1.301s] INFO:colcon.colcon_core.shell:Creating package script '/home/icrs/icrsUR/install/ur_description/share/ur_description/package.bash'
[1.302s] INFO:colcon.colcon_core.shell:Creating package script '/home/icrs/icrsUR/install/ur_description/share/ur_description/package.zsh'
[1.303s] Level 1:colcon.colcon_core.environment:create_file_with_runtime_dependencies(/home/icrs/icrsUR/install/ur_description/share/colcon-core/packages/ur_description)
[1.306s] DEBUG:colcon.colcon_core.event_handler.log_command:Invoked command in '/home/icrs/icrsUR/build/interfaces_ur5ik' returned '0': CMAKE_PREFIX_PATH=/opt/ros/humble /usr/bin/cmake --build /home/icrs/icrsUR/build/interfaces_ur5ik -- -j8 -l8
[1.307s] Level 1:colcon.colcon_core.environment:create_environment_scripts_only(robotiq_description)
[1.308s] Level 1:colcon.colcon_core.environment:checking '/home/icrs/icrsUR/install/robotiq_description' for CMake module files
[1.309s] DEBUG:colcon.colcon_core.event_handler.log_command:Invoked command in '/home/icrs/icrsUR/build/robotiq_description' returned '0': CMAKE_PREFIX_PATH=/opt/ros/humble /usr/bin/cmake --install /home/icrs/icrsUR/build/robotiq_description
[1.309s] Level 1:colcon.colcon_core.environment:checking '/home/icrs/icrsUR/install/robotiq_description' for CMake config files
[1.310s] Level 1:colcon.colcon_core.shell:create_environment_hook('robotiq_description', 'cmake_prefix_path')
[1.310s] INFO:colcon.colcon_core.shell:Creating environment hook '/home/icrs/icrsUR/install/robotiq_description/share/robotiq_description/hook/cmake_prefix_path.ps1'
[1.311s] INFO:colcon.colcon_core.shell:Creating environment descriptor '/home/icrs/icrsUR/install/robotiq_description/share/robotiq_description/hook/cmake_prefix_path.dsv'
[1.312s] INFO:colcon.colcon_core.shell:Creating environment hook '/home/icrs/icrsUR/install/robotiq_description/share/robotiq_description/hook/cmake_prefix_path.sh'
[1.313s] Level 1:colcon.colcon_core.environment:checking '/home/icrs/icrsUR/install/robotiq_description/bin'
[1.313s] Level 1:colcon.colcon_core.environment:checking '/home/icrs/icrsUR/install/robotiq_description/lib/pkgconfig/robotiq_description.pc'
[1.313s] Level 1:colcon.colcon_core.environment:checking '/home/icrs/icrsUR/install/robotiq_description/lib/python3.10/site-packages'
[1.314s] Level 1:colcon.colcon_core.environment:checking '/home/icrs/icrsUR/install/robotiq_description/bin'
[1.314s] INFO:colcon.colcon_core.shell:Creating package script '/home/icrs/icrsUR/install/robotiq_description/share/robotiq_description/package.ps1'
[1.315s] INFO:colcon.colcon_core.shell:Creating package descriptor '/home/icrs/icrsUR/install/robotiq_description/share/robotiq_description/package.dsv'
[1.316s] INFO:colcon.colcon_core.shell:Creating package script '/home/icrs/icrsUR/install/robotiq_description/share/robotiq_description/package.sh'
[1.317s] INFO:colcon.colcon_core.shell:Creating package script '/home/icrs/icrsUR/install/robotiq_description/share/robotiq_description/package.bash'
[1.318s] INFO:colcon.colcon_core.shell:Creating package script '/home/icrs/icrsUR/install/robotiq_description/share/robotiq_description/package.zsh'
[1.319s] Level 1:colcon.colcon_core.environment:create_file_with_runtime_dependencies(/home/icrs/icrsUR/install/robotiq_description/share/colcon-core/packages/robotiq_description)
[1.333s] Level 1:colcon.colcon_core.environment:create_environment_scripts_only(ur_description)
[1.334s] Level 1:colcon.colcon_core.environment:checking '/home/icrs/icrsUR/install/ur_description' for CMake module files
[1.335s] Level 1:colcon.colcon_core.environment:checking '/home/icrs/icrsUR/install/ur_description' for CMake config files
[1.335s] Level 1:colcon.colcon_core.shell:create_environment_hook('ur_description', 'cmake_prefix_path')
[1.336s] INFO:colcon.colcon_core.shell:Creating environment hook '/home/icrs/icrsUR/install/ur_description/share/ur_description/hook/cmake_prefix_path.ps1'
[1.337s] INFO:colcon.colcon_core.shell:Creating environment descriptor '/home/icrs/icrsUR/install/ur_description/share/ur_description/hook/cmake_prefix_path.dsv'
[1.337s] INFO:colcon.colcon_core.shell:Creating environment hook '/home/icrs/icrsUR/install/ur_description/share/ur_description/hook/cmake_prefix_path.sh'
[1.338s] Level 1:colcon.colcon_core.environment:checking '/home/icrs/icrsUR/install/ur_description/bin'
[1.339s] Level 1:colcon.colcon_core.environment:checking '/home/icrs/icrsUR/install/ur_description/lib/pkgconfig/ur_description.pc'
[1.339s] Level 1:colcon.colcon_core.environment:checking '/home/icrs/icrsUR/install/ur_description/lib/python3.10/site-packages'
[1.340s] Level 1:colcon.colcon_core.environment:checking '/home/icrs/icrsUR/install/ur_description/bin'
[1.340s] INFO:colcon.colcon_core.shell:Creating package script '/home/icrs/icrsUR/install/ur_description/share/ur_description/package.ps1'
[1.341s] INFO:colcon.colcon_core.shell:Creating package descriptor '/home/icrs/icrsUR/install/ur_description/share/ur_description/package.dsv'
[1.343s] INFO:colcon.colcon_core.shell:Creating package script '/home/icrs/icrsUR/install/ur_description/share/ur_description/package.sh'
[1.343s] INFO:colcon.colcon_core.shell:Creating package script '/home/icrs/icrsUR/install/ur_description/share/ur_description/package.bash'
[1.344s] INFO:colcon.colcon_core.shell:Creating package script '/home/icrs/icrsUR/install/ur_description/share/ur_description/package.zsh'
[1.345s] Level 1:colcon.colcon_core.environment:create_file_with_runtime_dependencies(/home/icrs/icrsUR/install/ur_description/share/colcon-core/packages/ur_description)
[1.347s] INFO:colcon.colcon_ros.task.ament_cmake.build:Building ROS package in '/home/icrs/icrsUR/src/Universal_Robots_ROS2_Driver/ur_moveit_config' with build type 'ament_cmake'
[1.347s] INFO:colcon.colcon_cmake.task.cmake.build:Building CMake package in '/home/icrs/icrsUR/src/Universal_Robots_ROS2_Driver/ur_moveit_config'
[1.348s] INFO:colcon.colcon_core.shell:Skip shell extension 'powershell' for command environment: Not usable outside of PowerShell
[1.348s] DEBUG:colcon.colcon_core.shell:Skip shell extension 'dsv' for command environment
[1.356s] DEBUG:colcon.colcon_core.event_handler.log_command:Invoking command in '/home/icrs/icrsUR/build/ur_custom_interfaces': CMAKE_PREFIX_PATH=/opt/ros/humble /usr/bin/cmake --install /home/icrs/icrsUR/build/ur_custom_interfaces
[1.357s] Level 1:colcon.colcon_core.environment:create_environment_scripts_only(robotiq_description)
[1.357s] Level 1:colcon.colcon_core.environment:checking '/home/icrs/icrsUR/install/robotiq_description' for CMake module files
[1.358s] Level 1:colcon.colcon_core.environment:checking '/home/icrs/icrsUR/install/robotiq_description' for CMake config files
[1.358s] Level 1:colcon.colcon_core.shell:create_environment_hook('robotiq_description', 'cmake_prefix_path')
[1.359s] INFO:colcon.colcon_core.shell:Creating environment hook '/home/icrs/icrsUR/install/robotiq_description/share/robotiq_description/hook/cmake_prefix_path.ps1'
[1.359s] INFO:colcon.colcon_core.shell:Creating environment descriptor '/home/icrs/icrsUR/install/robotiq_description/share/robotiq_description/hook/cmake_prefix_path.dsv'
[1.360s] INFO:colcon.colcon_core.shell:Creating environment hook '/home/icrs/icrsUR/install/robotiq_description/share/robotiq_description/hook/cmake_prefix_path.sh'
[1.361s] Level 1:colcon.colcon_core.environment:checking '/home/icrs/icrsUR/install/robotiq_description/bin'
[1.361s] Level 1:colcon.colcon_core.environment:checking '/home/icrs/icrsUR/install/robotiq_description/lib/pkgconfig/robotiq_description.pc'
[1.361s] Level 1:colcon.colcon_core.environment:checking '/home/icrs/icrsUR/install/robotiq_description/lib/python3.10/site-packages'
[1.362s] Level 1:colcon.colcon_core.environment:checking '/home/icrs/icrsUR/install/robotiq_description/bin'
[1.362s] INFO:colcon.colcon_core.shell:Creating package script '/home/icrs/icrsUR/install/robotiq_description/share/robotiq_description/package.ps1'
[1.363s] INFO:colcon.colcon_core.shell:Creating package descriptor '/home/icrs/icrsUR/install/robotiq_description/share/robotiq_description/package.dsv'
[1.364s] INFO:colcon.colcon_core.shell:Creating package script '/home/icrs/icrsUR/install/robotiq_description/share/robotiq_description/package.sh'
[1.364s] INFO:colcon.colcon_core.shell:Creating package script '/home/icrs/icrsUR/install/robotiq_description/share/robotiq_description/package.bash'
[1.365s] INFO:colcon.colcon_core.shell:Creating package script '/home/icrs/icrsUR/install/robotiq_description/share/robotiq_description/package.zsh'
[1.366s] Level 1:colcon.colcon_core.environment:create_file_with_runtime_dependencies(/home/icrs/icrsUR/install/robotiq_description/share/colcon-core/packages/robotiq_description)
[1.382s] DEBUG:colcon.colcon_core.event_handler.log_command:Invoking command in '/home/icrs/icrsUR/build/ur_moveit_config': AMENT_PREFIX_PATH=/home/icrs/icrsUR/install/ur_description:${AMENT_PREFIX_PATH} CMAKE_PREFIX_PATH=/home/icrs/icrsUR/install/ur_description:/opt/ros/humble /usr/bin/cmake --build /home/icrs/icrsUR/build/ur_moveit_config -- -j8 -l8
[1.409s] DEBUG:colcon.colcon_core.event_handler.log_command:Invoked command in '/home/icrs/icrsUR/build/ur_dashboard_msgs' returned '0': CMAKE_PREFIX_PATH=/opt/ros/humble /usr/bin/cmake --build /home/icrs/icrsUR/build/ur_dashboard_msgs -- -j8 -l8
[1.423s] DEBUG:colcon.colcon_core.event_handler.log_command:Invoking command in '/home/icrs/icrsUR/build/interfaces_ur5ik': CMAKE_PREFIX_PATH=/opt/ros/humble /usr/bin/cmake --install /home/icrs/icrsUR/build/interfaces_ur5ik
[1.468s] Level 1:colcon.colcon_core.environment:create_environment_scripts_only(ur_custom_interfaces)
[1.468s] Level 1:colcon.colcon_core.environment:checking '/home/icrs/icrsUR/install/ur_custom_interfaces' for CMake module files
[1.469s] DEBUG:colcon.colcon_core.event_handler.log_command:Invoked command in '/home/icrs/icrsUR/build/ur_custom_interfaces' returned '0': CMAKE_PREFIX_PATH=/opt/ros/humble /usr/bin/cmake --install /home/icrs/icrsUR/build/ur_custom_interfaces
[1.470s] Level 1:colcon.colcon_core.environment:checking '/home/icrs/icrsUR/install/ur_custom_interfaces' for CMake config files
[1.472s] Level 1:colcon.colcon_core.shell:create_environment_hook('ur_custom_interfaces', 'cmake_prefix_path')
[1.472s] INFO:colcon.colcon_core.shell:Creating environment hook '/home/icrs/icrsUR/install/ur_custom_interfaces/share/ur_custom_interfaces/hook/cmake_prefix_path.ps1'
[1.473s] INFO:colcon.colcon_core.shell:Creating environment descriptor '/home/icrs/icrsUR/install/ur_custom_interfaces/share/ur_custom_interfaces/hook/cmake_prefix_path.dsv'
[1.475s] INFO:colcon.colcon_core.shell:Creating environment hook '/home/icrs/icrsUR/install/ur_custom_interfaces/share/ur_custom_interfaces/hook/cmake_prefix_path.sh'
[1.476s] Level 1:colcon.colcon_core.environment:checking '/home/icrs/icrsUR/install/ur_custom_interfaces/lib'
[1.477s] Level 1:colcon.colcon_core.shell:create_environment_hook('ur_custom_interfaces', 'ld_library_path_lib')
[1.477s] INFO:colcon.colcon_core.shell:Creating environment hook '/home/icrs/icrsUR/install/ur_custom_interfaces/share/ur_custom_interfaces/hook/ld_library_path_lib.ps1'
[1.478s] INFO:colcon.colcon_core.shell:Creating environment descriptor '/home/icrs/icrsUR/install/ur_custom_interfaces/share/ur_custom_interfaces/hook/ld_library_path_lib.dsv'
[1.479s] INFO:colcon.colcon_core.shell:Creating environment hook '/home/icrs/icrsUR/install/ur_custom_interfaces/share/ur_custom_interfaces/hook/ld_library_path_lib.sh'
[1.480s] Level 1:colcon.colcon_core.environment:checking '/home/icrs/icrsUR/install/ur_custom_interfaces/bin'
[1.480s] Level 1:colcon.colcon_core.environment:checking '/home/icrs/icrsUR/install/ur_custom_interfaces/lib/pkgconfig/ur_custom_interfaces.pc'
[1.480s] Level 1:colcon.colcon_core.environment:checking '/home/icrs/icrsUR/install/ur_custom_interfaces/lib/python3.10/site-packages'
[1.480s] Level 1:colcon.colcon_core.environment:checking '/home/icrs/icrsUR/install/ur_custom_interfaces/bin'
[1.481s] INFO:colcon.colcon_core.shell:Creating package script '/home/icrs/icrsUR/install/ur_custom_interfaces/share/ur_custom_interfaces/package.ps1'
[1.482s] INFO:colcon.colcon_core.shell:Creating package descriptor '/home/icrs/icrsUR/install/ur_custom_interfaces/share/ur_custom_interfaces/package.dsv'
[1.482s] INFO:colcon.colcon_core.shell:Creating package script '/home/icrs/icrsUR/install/ur_custom_interfaces/share/ur_custom_interfaces/package.sh'
[1.483s] INFO:colcon.colcon_core.shell:Creating package script '/home/icrs/icrsUR/install/ur_custom_interfaces/share/ur_custom_interfaces/package.bash'
[1.483s] INFO:colcon.colcon_core.shell:Creating package script '/home/icrs/icrsUR/install/ur_custom_interfaces/share/ur_custom_interfaces/package.zsh'
[1.484s] Level 1:colcon.colcon_core.environment:create_file_with_runtime_dependencies(/home/icrs/icrsUR/install/ur_custom_interfaces/share/colcon-core/packages/ur_custom_interfaces)
[1.530s] Level 1:colcon.colcon_core.environment:create_environment_scripts_only(interfaces_ur5ik)
[1.531s] Level 1:colcon.colcon_core.environment:checking '/home/icrs/icrsUR/install/interfaces_ur5ik' for CMake module files
[1.531s] DEBUG:colcon.colcon_core.event_handler.log_command:Invoked command in '/home/icrs/icrsUR/build/interfaces_ur5ik' returned '0': CMAKE_PREFIX_PATH=/opt/ros/humble /usr/bin/cmake --install /home/icrs/icrsUR/build/interfaces_ur5ik
[1.532s] Level 1:colcon.colcon_core.environment:checking '/home/icrs/icrsUR/install/interfaces_ur5ik' for CMake config files
[1.533s] Level 1:colcon.colcon_core.shell:create_environment_hook('interfaces_ur5ik', 'cmake_prefix_path')
[1.533s] INFO:colcon.colcon_core.shell:Creating environment hook '/home/icrs/icrsUR/install/interfaces_ur5ik/share/interfaces_ur5ik/hook/cmake_prefix_path.ps1'
[1.534s] INFO:colcon.colcon_core.shell:Creating environment descriptor '/home/icrs/icrsUR/install/interfaces_ur5ik/share/interfaces_ur5ik/hook/cmake_prefix_path.dsv'
[1.535s] INFO:colcon.colcon_core.shell:Creating environment hook '/home/icrs/icrsUR/install/interfaces_ur5ik/share/interfaces_ur5ik/hook/cmake_prefix_path.sh'
[1.536s] Level 1:colcon.colcon_core.environment:checking '/home/icrs/icrsUR/install/interfaces_ur5ik/lib'
[1.536s] Level 1:colcon.colcon_core.shell:create_environment_hook('interfaces_ur5ik', 'ld_library_path_lib')
[1.537s] INFO:colcon.colcon_core.shell:Creating environment hook '/home/icrs/icrsUR/install/interfaces_ur5ik/share/interfaces_ur5ik/hook/ld_library_path_lib.ps1'
[1.537s] INFO:colcon.colcon_core.shell:Creating environment descriptor '/home/icrs/icrsUR/install/interfaces_ur5ik/share/interfaces_ur5ik/hook/ld_library_path_lib.dsv'
[1.538s] INFO:colcon.colcon_core.shell:Creating environment hook '/home/icrs/icrsUR/install/interfaces_ur5ik/share/interfaces_ur5ik/hook/ld_library_path_lib.sh'
[1.539s] Level 1:colcon.colcon_core.environment:checking '/home/icrs/icrsUR/install/interfaces_ur5ik/bin'
[1.539s] Level 1:colcon.colcon_core.environment:checking '/home/icrs/icrsUR/install/interfaces_ur5ik/lib/pkgconfig/interfaces_ur5ik.pc'
[1.539s] Level 1:colcon.colcon_core.environment:checking '/home/icrs/icrsUR/install/interfaces_ur5ik/lib/python3.10/site-packages'
[1.540s] Level 1:colcon.colcon_core.environment:checking '/home/icrs/icrsUR/install/interfaces_ur5ik/bin'
[1.541s] INFO:colcon.colcon_core.shell:Creating package script '/home/icrs/icrsUR/install/interfaces_ur5ik/share/interfaces_ur5ik/package.ps1'
[1.542s] INFO:colcon.colcon_core.shell:Creating package descriptor '/home/icrs/icrsUR/install/interfaces_ur5ik/share/interfaces_ur5ik/package.dsv'
[1.542s] INFO:colcon.colcon_core.shell:Creating package script '/home/icrs/icrsUR/install/interfaces_ur5ik/share/interfaces_ur5ik/package.sh'
[1.543s] INFO:colcon.colcon_core.shell:Creating package script '/home/icrs/icrsUR/install/interfaces_ur5ik/share/interfaces_ur5ik/package.bash'
[1.544s] INFO:colcon.colcon_core.shell:Creating package script '/home/icrs/icrsUR/install/interfaces_ur5ik/share/interfaces_ur5ik/package.zsh'
[1.545s] Level 1:colcon.colcon_core.environment:create_file_with_runtime_dependencies(/home/icrs/icrsUR/install/interfaces_ur5ik/share/colcon-core/packages/interfaces_ur5ik)
[1.549s] Level 1:colcon.colcon_core.environment:create_environment_scripts_only(ur_custom_interfaces)
[1.550s] Level 1:colcon.colcon_core.environment:checking '/home/icrs/icrsUR/install/ur_custom_interfaces' for CMake module files
[1.551s] Level 1:colcon.colcon_core.environment:checking '/home/icrs/icrsUR/install/ur_custom_interfaces' for CMake config files
[1.552s] Level 1:colcon.colcon_core.shell:create_environment_hook('ur_custom_interfaces', 'cmake_prefix_path')
[1.552s] INFO:colcon.colcon_core.shell:Creating environment hook '/home/icrs/icrsUR/install/ur_custom_interfaces/share/ur_custom_interfaces/hook/cmake_prefix_path.ps1'
[1.553s] INFO:colcon.colcon_core.shell:Creating environment descriptor '/home/icrs/icrsUR/install/ur_custom_interfaces/share/ur_custom_interfaces/hook/cmake_prefix_path.dsv'
[1.554s] INFO:colcon.colcon_core.shell:Creating environment hook '/home/icrs/icrsUR/install/ur_custom_interfaces/share/ur_custom_interfaces/hook/cmake_prefix_path.sh'
[1.555s] Level 1:colcon.colcon_core.environment:checking '/home/icrs/icrsUR/install/ur_custom_interfaces/lib'
[1.555s] Level 1:colcon.colcon_core.shell:create_environment_hook('ur_custom_interfaces', 'ld_library_path_lib')
[1.555s] INFO:colcon.colcon_core.shell:Creating environment hook '/home/icrs/icrsUR/install/ur_custom_interfaces/share/ur_custom_interfaces/hook/ld_library_path_lib.ps1'
[1.556s] INFO:colcon.colcon_core.shell:Creating environment descriptor '/home/icrs/icrsUR/install/ur_custom_interfaces/share/ur_custom_interfaces/hook/ld_library_path_lib.dsv'
[1.557s] INFO:colcon.colcon_core.shell:Creating environment hook '/home/icrs/icrsUR/install/ur_custom_interfaces/share/ur_custom_interfaces/hook/ld_library_path_lib.sh'
[1.558s] Level 1:colcon.colcon_core.environment:checking '/home/icrs/icrsUR/install/ur_custom_interfaces/bin'
[1.558s] Level 1:colcon.colcon_core.environment:checking '/home/icrs/icrsUR/install/ur_custom_interfaces/lib/pkgconfig/ur_custom_interfaces.pc'
[1.558s] Level 1:colcon.colcon_core.environment:checking '/home/icrs/icrsUR/install/ur_custom_interfaces/lib/python3.10/site-packages'
[1.559s] Level 1:colcon.colcon_core.environment:checking '/home/icrs/icrsUR/install/ur_custom_interfaces/bin'
[1.560s] INFO:colcon.colcon_core.shell:Creating package script '/home/icrs/icrsUR/install/ur_custom_interfaces/share/ur_custom_interfaces/package.ps1'
[1.561s] INFO:colcon.colcon_core.shell:Creating package descriptor '/home/icrs/icrsUR/install/ur_custom_interfaces/share/ur_custom_interfaces/package.dsv'
[1.562s] INFO:colcon.colcon_core.shell:Creating package script '/home/icrs/icrsUR/install/ur_custom_interfaces/share/ur_custom_interfaces/package.sh'
[1.563s] INFO:colcon.colcon_core.shell:Creating package script '/home/icrs/icrsUR/install/ur_custom_interfaces/share/ur_custom_interfaces/package.bash'
[1.564s] INFO:colcon.colcon_core.shell:Creating package script '/home/icrs/icrsUR/install/ur_custom_interfaces/share/ur_custom_interfaces/package.zsh'
[1.565s] Level 1:colcon.colcon_core.environment:create_file_with_runtime_dependencies(/home/icrs/icrsUR/install/ur_custom_interfaces/share/colcon-core/packages/ur_custom_interfaces)
[1.566s] INFO:colcon.colcon_ros.task.ament_python.build:Building ROS package in '/home/icrs/icrsUR/src/camera_control' with build type 'ament_python'
[1.566s] Level 1:colcon.colcon_core.shell:create_environment_hook('camera_control', 'ament_prefix_path')
[1.567s] INFO:colcon.colcon_core.shell:Creating environment hook '/home/icrs/icrsUR/install/camera_control/share/camera_control/hook/ament_prefix_path.ps1'
[1.568s] INFO:colcon.colcon_core.shell:Creating environment descriptor '/home/icrs/icrsUR/install/camera_control/share/camera_control/hook/ament_prefix_path.dsv'
[1.569s] INFO:colcon.colcon_core.shell:Creating environment hook '/home/icrs/icrsUR/install/camera_control/share/camera_control/hook/ament_prefix_path.sh'
[1.570s] INFO:colcon.colcon_core.shell:Skip shell extension 'powershell' for command environment: Not usable outside of PowerShell
[1.570s] DEBUG:colcon.colcon_core.shell:Skip shell extension 'dsv' for command environment
[1.955s] WARNING:colcon.colcon_ros.task.ament_python.build:Package 'camera_control' doesn't explicitly install a marker in the package index (colcon-ros currently does it implicitly but that fallback will be removed in the future)
[1.956s] INFO:colcon.colcon_core.task.python.build:Building Python package in '/home/icrs/icrsUR/src/camera_control'
[1.956s] INFO:colcon.colcon_core.shell:Skip shell extension 'powershell' for command environment: Not usable outside of PowerShell
[1.956s] DEBUG:colcon.colcon_core.shell:Skip shell extension 'dsv' for command environment
[1.961s] Level 1:colcon.colcon_core.environment:create_environment_scripts_only(interfaces_ur5ik)
[1.962s] DEBUG:colcon.colcon_core.event_handler.log_command:Invoking command in '/home/icrs/icrsUR/build/ur_dashboard_msgs': CMAKE_PREFIX_PATH=/opt/ros/humble /usr/bin/cmake --install /home/icrs/icrsUR/build/ur_dashboard_msgs
[1.962s] Level 1:colcon.colcon_core.environment:checking '/home/icrs/icrsUR/install/interfaces_ur5ik' for CMake module files
[1.963s] Level 1:colcon.colcon_core.environment:checking '/home/icrs/icrsUR/install/interfaces_ur5ik' for CMake config files
[1.964s] Level 1:colcon.colcon_core.shell:create_environment_hook('interfaces_ur5ik', 'cmake_prefix_path')
[1.964s] INFO:colcon.colcon_core.shell:Creating environment hook '/home/icrs/icrsUR/install/interfaces_ur5ik/share/interfaces_ur5ik/hook/cmake_prefix_path.ps1'
[1.965s] INFO:colcon.colcon_core.shell:Creating environment descriptor '/home/icrs/icrsUR/install/interfaces_ur5ik/share/interfaces_ur5ik/hook/cmake_prefix_path.dsv'
[1.965s] INFO:colcon.colcon_core.shell:Creating environment hook '/home/icrs/icrsUR/install/interfaces_ur5ik/share/interfaces_ur5ik/hook/cmake_prefix_path.sh'
[1.966s] Level 1:colcon.colcon_core.environment:checking '/home/icrs/icrsUR/install/interfaces_ur5ik/lib'
[1.966s] Level 1:colcon.colcon_core.shell:create_environment_hook('interfaces_ur5ik', 'ld_library_path_lib')
[1.967s] INFO:colcon.colcon_core.shell:Creating environment hook '/home/icrs/icrsUR/install/interfaces_ur5ik/share/interfaces_ur5ik/hook/ld_library_path_lib.ps1'
[1.967s] INFO:colcon.colcon_core.shell:Creating environment descriptor '/home/icrs/icrsUR/install/interfaces_ur5ik/share/interfaces_ur5ik/hook/ld_library_path_lib.dsv'
[1.968s] INFO:colcon.colcon_core.shell:Creating environment hook '/home/icrs/icrsUR/install/interfaces_ur5ik/share/interfaces_ur5ik/hook/ld_library_path_lib.sh'
[1.968s] Level 1:colcon.colcon_core.environment:checking '/home/icrs/icrsUR/install/interfaces_ur5ik/bin'
[1.968s] Level 1:colcon.colcon_core.environment:checking '/home/icrs/icrsUR/install/interfaces_ur5ik/lib/pkgconfig/interfaces_ur5ik.pc'
[1.969s] Level 1:colcon.colcon_core.environment:checking '/home/icrs/icrsUR/install/interfaces_ur5ik/lib/python3.10/site-packages'
[1.969s] Level 1:colcon.colcon_core.environment:checking '/home/icrs/icrsUR/install/interfaces_ur5ik/bin'
[1.970s] INFO:colcon.colcon_core.shell:Creating package script '/home/icrs/icrsUR/install/interfaces_ur5ik/share/interfaces_ur5ik/package.ps1'
[1.970s] INFO:colcon.colcon_core.shell:Creating package descriptor '/home/icrs/icrsUR/install/interfaces_ur5ik/share/interfaces_ur5ik/package.dsv'
[1.971s] INFO:colcon.colcon_core.shell:Creating package script '/home/icrs/icrsUR/install/interfaces_ur5ik/share/interfaces_ur5ik/package.sh'
[1.972s] INFO:colcon.colcon_core.shell:Creating package script '/home/icrs/icrsUR/install/interfaces_ur5ik/share/interfaces_ur5ik/package.bash'
[1.972s] INFO:colcon.colcon_core.shell:Creating package script '/home/icrs/icrsUR/install/interfaces_ur5ik/share/interfaces_ur5ik/package.zsh'
[1.973s] Level 1:colcon.colcon_core.environment:create_file_with_runtime_dependencies(/home/icrs/icrsUR/install/interfaces_ur5ik/share/colcon-core/packages/interfaces_ur5ik)
[1.978s] INFO:colcon.colcon_ros.task.ament_cmake.build:Building ROS package in '/home/icrs/icrsUR/src/service_ur5ik' with build type 'ament_cmake'
[1.978s] INFO:colcon.colcon_cmake.task.cmake.build:Building CMake package in '/home/icrs/icrsUR/src/service_ur5ik'
[1.978s] INFO:colcon.colcon_core.shell:Skip shell extension 'powershell' for command environment: Not usable outside of PowerShell
[1.979s] DEBUG:colcon.colcon_core.shell:Skip shell extension 'dsv' for command environment
[1.979s] DEBUG:colcon.colcon_core.event_handler.log_command:Invoking command in '/home/icrs/icrsUR/src/gripper_control': PYTHONPATH=/home/icrs/icrsUR/build/gripper_control/prefix_override:/usr/lib/python3/dist-packages/colcon_core/task/python/colcon_distutils_commands:/home/icrs/icrsUR/install/gripper_control/lib/python3.10/site-packages:${PYTHONPATH} /usr/bin/python3 -W ignore:setup.py install is deprecated setup.py egg_info --egg-base ../../build/gripper_control build --build-base /home/icrs/icrsUR/build/gripper_control/build install --record /home/icrs/icrsUR/build/gripper_control/install.log --single-version-externally-managed install_data
[1.980s] DEBUG:colcon.colcon_core.event_handler.log_command:Invoked command in '/home/icrs/icrsUR/build/ur_moveit_config' returned '0': AMENT_PREFIX_PATH=/home/icrs/icrsUR/install/ur_description:${AMENT_PREFIX_PATH} CMAKE_PREFIX_PATH=/home/icrs/icrsUR/install/ur_description:/opt/ros/humble /usr/bin/cmake --build /home/icrs/icrsUR/build/ur_moveit_config -- -j8 -l8
[1.997s] INFO:colcon.colcon_ros.task.ament_cmake.build:Building ROS package in '/home/icrs/icrsUR/src/ur_mover' with build type 'ament_cmake'
[1.997s] INFO:colcon.colcon_cmake.task.cmake.build:Building CMake package in '/home/icrs/icrsUR/src/ur_mover'
[1.998s] INFO:colcon.colcon_core.shell:Skip shell extension 'powershell' for command environment: Not usable outside of PowerShell
[1.998s] DEBUG:colcon.colcon_core.shell:Skip shell extension 'dsv' for command environment
[2.042s] DEBUG:colcon.colcon_core.event_handler.log_command:Invoking command in '/home/icrs/icrsUR/build/ur_moveit_config': AMENT_PREFIX_PATH=/home/icrs/icrsUR/install/ur_description:${AMENT_PREFIX_PATH} CMAKE_PREFIX_PATH=/home/icrs/icrsUR/install/ur_description:/opt/ros/humble /usr/bin/cmake --install /home/icrs/icrsUR/build/ur_moveit_config
[2.054s] DEBUG:colcon.colcon_core.event_handler.log_command:Invoking command in '/home/icrs/icrsUR/build/service_ur5ik': AMENT_PREFIX_PATH=/home/icrs/icrsUR/install/interfaces_ur5ik:${AMENT_PREFIX_PATH} CMAKE_PREFIX_PATH=/home/icrs/icrsUR/install/interfaces_ur5ik:/opt/ros/humble LD_LIBRARY_PATH=/home/icrs/icrsUR/install/interfaces_ur5ik/lib:${LD_LIBRARY_PATH} PYTHONPATH=/home/icrs/icrsUR/install/interfaces_ur5ik/local/lib/python3.10/dist-packages:${PYTHONPATH} /usr/bin/cmake --build /home/icrs/icrsUR/build/service_ur5ik -- -j8 -l8
[2.059s] DEBUG:colcon.colcon_core.event_handler.log_command:Invoking command in '/home/icrs/icrsUR/build/ur_mover': AMENT_PREFIX_PATH=/home/icrs/icrsUR/install/ur_custom_interfaces:/home/icrs/icrsUR/install/interfaces_ur5ik:${AMENT_PREFIX_PATH} CMAKE_PREFIX_PATH=/home/icrs/icrsUR/install/ur_custom_interfaces:/home/icrs/icrsUR/install/interfaces_ur5ik:/opt/ros/humble LD_LIBRARY_PATH=/home/icrs/icrsUR/install/ur_custom_interfaces/lib:/home/icrs/icrsUR/install/interfaces_ur5ik/lib:${LD_LIBRARY_PATH} PYTHONPATH=/home/icrs/icrsUR/install/ur_custom_interfaces/local/lib/python3.10/dist-packages:/home/icrs/icrsUR/install/interfaces_ur5ik/local/lib/python3.10/dist-packages:${PYTHONPATH} /usr/bin/cmake --build /home/icrs/icrsUR/build/ur_mover -- -j8 -l8
[2.128s] Level 1:colcon.colcon_core.environment:create_environment_scripts_only(ur_dashboard_msgs)
[2.129s] Level 1:colcon.colcon_core.environment:checking '/home/icrs/icrsUR/install/ur_dashboard_msgs' for CMake module files
[2.130s] Level 1:colcon.colcon_core.environment:checking '/home/icrs/icrsUR/install/ur_dashboard_msgs' for CMake config files
[2.130s] Level 1:colcon.colcon_core.shell:create_environment_hook('ur_dashboard_msgs', 'cmake_prefix_path')
[2.131s] INFO:colcon.colcon_core.shell:Creating environment hook '/home/icrs/icrsUR/install/ur_dashboard_msgs/share/ur_dashboard_msgs/hook/cmake_prefix_path.ps1'
[2.132s] DEBUG:colcon.colcon_core.event_handler.log_command:Invoked command in '/home/icrs/icrsUR/build/ur_dashboard_msgs' returned '0': CMAKE_PREFIX_PATH=/opt/ros/humble /usr/bin/cmake --install /home/icrs/icrsUR/build/ur_dashboard_msgs
[2.137s] INFO:colcon.colcon_core.shell:Creating environment descriptor '/home/icrs/icrsUR/install/ur_dashboard_msgs/share/ur_dashboard_msgs/hook/cmake_prefix_path.dsv'
[2.137s] INFO:colcon.colcon_core.shell:Creating environment hook '/home/icrs/icrsUR/install/ur_dashboard_msgs/share/ur_dashboard_msgs/hook/cmake_prefix_path.sh'
[2.140s] Level 1:colcon.colcon_core.environment:checking '/home/icrs/icrsUR/install/ur_dashboard_msgs/lib'
[2.140s] Level 1:colcon.colcon_core.shell:create_environment_hook('ur_dashboard_msgs', 'ld_library_path_lib')
[2.140s] INFO:colcon.colcon_core.shell:Creating environment hook '/home/icrs/icrsUR/install/ur_dashboard_msgs/share/ur_dashboard_msgs/hook/ld_library_path_lib.ps1'
[2.141s] INFO:colcon.colcon_core.shell:Creating environment descriptor '/home/icrs/icrsUR/install/ur_dashboard_msgs/share/ur_dashboard_msgs/hook/ld_library_path_lib.dsv'
[2.142s] INFO:colcon.colcon_core.shell:Creating environment hook '/home/icrs/icrsUR/install/ur_dashboard_msgs/share/ur_dashboard_msgs/hook/ld_library_path_lib.sh'
[2.145s] Level 1:colcon.colcon_core.environment:checking '/home/icrs/icrsUR/install/ur_dashboard_msgs/bin'
[2.145s] Level 1:colcon.colcon_core.environment:checking '/home/icrs/icrsUR/install/ur_dashboard_msgs/lib/pkgconfig/ur_dashboard_msgs.pc'
[2.145s] Level 1:colcon.colcon_core.environment:checking '/home/icrs/icrsUR/install/ur_dashboard_msgs/lib/python3.10/site-packages'
[2.146s] Level 1:colcon.colcon_core.environment:checking '/home/icrs/icrsUR/install/ur_dashboard_msgs/bin'
[2.147s] INFO:colcon.colcon_core.shell:Creating package script '/home/icrs/icrsUR/install/ur_dashboard_msgs/share/ur_dashboard_msgs/package.ps1'
[2.150s] INFO:colcon.colcon_core.shell:Creating package descriptor '/home/icrs/icrsUR/install/ur_dashboard_msgs/share/ur_dashboard_msgs/package.dsv'
[2.151s] INFO:colcon.colcon_core.shell:Creating package script '/home/icrs/icrsUR/install/ur_dashboard_msgs/share/ur_dashboard_msgs/package.sh'
[2.153s] INFO:colcon.colcon_core.shell:Creating package script '/home/icrs/icrsUR/install/ur_dashboard_msgs/share/ur_dashboard_msgs/package.bash'
[2.153s] INFO:colcon.colcon_core.shell:Creating package script '/home/icrs/icrsUR/install/ur_dashboard_msgs/share/ur_dashboard_msgs/package.zsh'
[2.154s] Level 1:colcon.colcon_core.environment:create_file_with_runtime_dependencies(/home/icrs/icrsUR/install/ur_dashboard_msgs/share/colcon-core/packages/ur_dashboard_msgs)
[2.217s] Level 1:colcon.colcon_core.environment:create_environment_scripts_only(ur_moveit_config)
[2.218s] Level 1:colcon.colcon_core.environment:checking '/home/icrs/icrsUR/install/ur_moveit_config' for CMake module files
[2.218s] DEBUG:colcon.colcon_core.event_handler.log_command:Invoked command in '/home/icrs/icrsUR/build/ur_moveit_config' returned '0': AMENT_PREFIX_PATH=/home/icrs/icrsUR/install/ur_description:${AMENT_PREFIX_PATH} CMAKE_PREFIX_PATH=/home/icrs/icrsUR/install/ur_description:/opt/ros/humble /usr/bin/cmake --install /home/icrs/icrsUR/build/ur_moveit_config
[2.219s] Level 1:colcon.colcon_core.environment:checking '/home/icrs/icrsUR/install/ur_moveit_config' for CMake config files
[2.219s] Level 1:colcon.colcon_core.shell:create_environment_hook('ur_moveit_config', 'cmake_prefix_path')
[2.219s] INFO:colcon.colcon_core.shell:Creating environment hook '/home/icrs/icrsUR/install/ur_moveit_config/share/ur_moveit_config/hook/cmake_prefix_path.ps1'
[2.220s] INFO:colcon.colcon_core.shell:Creating environment descriptor '/home/icrs/icrsUR/install/ur_moveit_config/share/ur_moveit_config/hook/cmake_prefix_path.dsv'
[2.220s] INFO:colcon.colcon_core.shell:Creating environment hook '/home/icrs/icrsUR/install/ur_moveit_config/share/ur_moveit_config/hook/cmake_prefix_path.sh'
[2.221s] Level 1:colcon.colcon_core.environment:checking '/home/icrs/icrsUR/install/ur_moveit_config/bin'
[2.222s] Level 1:colcon.colcon_core.environment:checking '/home/icrs/icrsUR/install/ur_moveit_config/lib/pkgconfig/ur_moveit_config.pc'
[2.222s] Level 1:colcon.colcon_core.environment:checking '/home/icrs/icrsUR/install/ur_moveit_config/lib/python3.10/site-packages'
[2.222s] Level 1:colcon.colcon_core.environment:checking '/home/icrs/icrsUR/install/ur_moveit_config/bin'
[2.223s] INFO:colcon.colcon_core.shell:Creating package script '/home/icrs/icrsUR/install/ur_moveit_config/share/ur_moveit_config/package.ps1'
[2.223s] INFO:colcon.colcon_core.shell:Creating package descriptor '/home/icrs/icrsUR/install/ur_moveit_config/share/ur_moveit_config/package.dsv'
[2.224s] INFO:colcon.colcon_core.shell:Creating package script '/home/icrs/icrsUR/install/ur_moveit_config/share/ur_moveit_config/package.sh'
[2.224s] INFO:colcon.colcon_core.shell:Creating package script '/home/icrs/icrsUR/install/ur_moveit_config/share/ur_moveit_config/package.bash'
[2.225s] INFO:colcon.colcon_core.shell:Creating package script '/home/icrs/icrsUR/install/ur_moveit_config/share/ur_moveit_config/package.zsh'
[2.225s] Level 1:colcon.colcon_core.environment:create_file_with_runtime_dependencies(/home/icrs/icrsUR/install/ur_moveit_config/share/colcon-core/packages/ur_moveit_config)
[2.254s] Level 1:colcon.colcon_core.environment:create_environment_scripts_only(ur_moveit_config)
[2.255s] Level 1:colcon.colcon_core.environment:checking '/home/icrs/icrsUR/install/ur_moveit_config' for CMake module files
[2.255s] Level 1:colcon.colcon_core.environment:checking '/home/icrs/icrsUR/install/ur_moveit_config' for CMake config files
[2.256s] Level 1:colcon.colcon_core.shell:create_environment_hook('ur_moveit_config', 'cmake_prefix_path')
[2.256s] INFO:colcon.colcon_core.shell:Creating environment hook '/home/icrs/icrsUR/install/ur_moveit_config/share/ur_moveit_config/hook/cmake_prefix_path.ps1'
[2.256s] INFO:colcon.colcon_core.shell:Creating environment descriptor '/home/icrs/icrsUR/install/ur_moveit_config/share/ur_moveit_config/hook/cmake_prefix_path.dsv'
[2.257s] INFO:colcon.colcon_core.shell:Creating environment hook '/home/icrs/icrsUR/install/ur_moveit_config/share/ur_moveit_config/hook/cmake_prefix_path.sh'
[2.258s] Level 1:colcon.colcon_core.environment:checking '/home/icrs/icrsUR/install/ur_moveit_config/bin'
[2.259s] Level 1:colcon.colcon_core.environment:checking '/home/icrs/icrsUR/install/ur_moveit_config/lib/pkgconfig/ur_moveit_config.pc'
[2.259s] Level 1:colcon.colcon_core.environment:checking '/home/icrs/icrsUR/install/ur_moveit_config/lib/python3.10/site-packages'
[2.259s] Level 1:colcon.colcon_core.environment:checking '/home/icrs/icrsUR/install/ur_moveit_config/bin'
[2.260s] INFO:colcon.colcon_core.shell:Creating package script '/home/icrs/icrsUR/install/ur_moveit_config/share/ur_moveit_config/package.ps1'
[2.261s] INFO:colcon.colcon_core.shell:Creating package descriptor '/home/icrs/icrsUR/install/ur_moveit_config/share/ur_moveit_config/package.dsv'
[2.262s] INFO:colcon.colcon_core.shell:Creating package script '/home/icrs/icrsUR/install/ur_moveit_config/share/ur_moveit_config/package.sh'
[2.263s] INFO:colcon.colcon_core.shell:Creating package script '/home/icrs/icrsUR/install/ur_moveit_config/share/ur_moveit_config/package.bash'
[2.264s] INFO:colcon.colcon_core.shell:Creating package script '/home/icrs/icrsUR/install/ur_moveit_config/share/ur_moveit_config/package.zsh'
[2.265s] Level 1:colcon.colcon_core.environment:create_file_with_runtime_dependencies(/home/icrs/icrsUR/install/ur_moveit_config/share/colcon-core/packages/ur_moveit_config)
[2.524s] Level 1:colcon.colcon_core.environment:checking '/home/icrs/icrsUR/install/gripper_control' for CMake module files
[2.525s] DEBUG:colcon.colcon_core.event_handler.log_command:Invoked command in '/home/icrs/icrsUR/src/gripper_control' returned '0': PYTHONPATH=/home/icrs/icrsUR/build/gripper_control/prefix_override:/usr/lib/python3/dist-packages/colcon_core/task/python/colcon_distutils_commands:/home/icrs/icrsUR/install/gripper_control/lib/python3.10/site-packages:${PYTHONPATH} /usr/bin/python3 -W ignore:setup.py install is deprecated setup.py egg_info --egg-base ../../build/gripper_control build --build-base /home/icrs/icrsUR/build/gripper_control/build install --record /home/icrs/icrsUR/build/gripper_control/install.log --single-version-externally-managed install_data
[2.525s] Level 1:colcon.colcon_core.environment:checking '/home/icrs/icrsUR/install/gripper_control' for CMake config files
[2.526s] Level 1:colcon.colcon_core.environment:checking '/home/icrs/icrsUR/install/gripper_control/lib'
[2.526s] Level 1:colcon.colcon_core.environment:checking '/home/icrs/icrsUR/install/gripper_control/bin'
[2.526s] Level 1:colcon.colcon_core.environment:checking '/home/icrs/icrsUR/install/gripper_control/lib/pkgconfig/gripper_control.pc'
[2.526s] Level 1:colcon.colcon_core.environment:checking '/home/icrs/icrsUR/install/gripper_control/lib/python3.10/site-packages'
[2.526s] Level 1:colcon.colcon_core.shell:create_environment_hook('gripper_control', 'pythonpath')
[2.527s] INFO:colcon.colcon_core.shell:Creating environment hook '/home/icrs/icrsUR/install/gripper_control/share/gripper_control/hook/pythonpath.ps1'
[2.527s] INFO:colcon.colcon_core.shell:Creating environment descriptor '/home/icrs/icrsUR/install/gripper_control/share/gripper_control/hook/pythonpath.dsv'
[2.528s] INFO:colcon.colcon_core.shell:Creating environment hook '/home/icrs/icrsUR/install/gripper_control/share/gripper_control/hook/pythonpath.sh'
[2.528s] Level 1:colcon.colcon_core.environment:checking '/home/icrs/icrsUR/install/gripper_control/bin'
[2.529s] Level 1:colcon.colcon_core.environment:create_environment_scripts_only(gripper_control)
[2.529s] INFO:colcon.colcon_core.shell:Creating package script '/home/icrs/icrsUR/install/gripper_control/share/gripper_control/package.ps1'
[2.530s] INFO:colcon.colcon_core.shell:Creating package descriptor '/home/icrs/icrsUR/install/gripper_control/share/gripper_control/package.dsv'
[2.530s] INFO:colcon.colcon_core.shell:Creating package script '/home/icrs/icrsUR/install/gripper_control/share/gripper_control/package.sh'
[2.531s] INFO:colcon.colcon_core.shell:Creating package script '/home/icrs/icrsUR/install/gripper_control/share/gripper_control/package.bash'
[2.531s] INFO:colcon.colcon_core.shell:Creating package script '/home/icrs/icrsUR/install/gripper_control/share/gripper_control/package.zsh'
[2.531s] Level 1:colcon.colcon_core.environment:create_file_with_runtime_dependencies(/home/icrs/icrsUR/install/gripper_control/share/colcon-core/packages/gripper_control)
[2.534s] Level 1:colcon.colcon_core.environment:create_environment_scripts_only(ur_dashboard_msgs)
[2.534s] Level 1:colcon.colcon_core.environment:checking '/home/icrs/icrsUR/install/ur_dashboard_msgs' for CMake module files
[2.536s] Level 1:colcon.colcon_core.environment:checking '/home/icrs/icrsUR/install/ur_dashboard_msgs' for CMake config files
[2.536s] Level 1:colcon.colcon_core.shell:create_environment_hook('ur_dashboard_msgs', 'cmake_prefix_path')
[2.537s] INFO:colcon.colcon_core.shell:Creating environment hook '/home/icrs/icrsUR/install/ur_dashboard_msgs/share/ur_dashboard_msgs/hook/cmake_prefix_path.ps1'
[2.537s] INFO:colcon.colcon_core.shell:Creating environment descriptor '/home/icrs/icrsUR/install/ur_dashboard_msgs/share/ur_dashboard_msgs/hook/cmake_prefix_path.dsv'
[2.538s] INFO:colcon.colcon_core.shell:Creating environment hook '/home/icrs/icrsUR/install/ur_dashboard_msgs/share/ur_dashboard_msgs/hook/cmake_prefix_path.sh'
[2.539s] Level 1:colcon.colcon_core.environment:checking '/home/icrs/icrsUR/install/ur_dashboard_msgs/lib'
[2.539s] Level 1:colcon.colcon_core.shell:create_environment_hook('ur_dashboard_msgs', 'ld_library_path_lib')
[2.539s] INFO:colcon.colcon_core.shell:Creating environment hook '/home/icrs/icrsUR/install/ur_dashboard_msgs/share/ur_dashboard_msgs/hook/ld_library_path_lib.ps1'
[2.540s] INFO:colcon.colcon_core.shell:Creating environment descriptor '/home/icrs/icrsUR/install/ur_dashboard_msgs/share/ur_dashboard_msgs/hook/ld_library_path_lib.dsv'
[2.540s] INFO:colcon.colcon_core.shell:Creating environment hook '/home/icrs/icrsUR/install/ur_dashboard_msgs/share/ur_dashboard_msgs/hook/ld_library_path_lib.sh'
[2.541s] Level 1:colcon.colcon_core.environment:checking '/home/icrs/icrsUR/install/ur_dashboard_msgs/bin'
[2.541s] Level 1:colcon.colcon_core.environment:checking '/home/icrs/icrsUR/install/ur_dashboard_msgs/lib/pkgconfig/ur_dashboard_msgs.pc'
[2.541s] Level 1:colcon.colcon_core.environment:checking '/home/icrs/icrsUR/install/ur_dashboard_msgs/lib/python3.10/site-packages'
[2.541s] Level 1:colcon.colcon_core.environment:checking '/home/icrs/icrsUR/install/ur_dashboard_msgs/bin'
[2.542s] INFO:colcon.colcon_core.shell:Creating package script '/home/icrs/icrsUR/install/ur_dashboard_msgs/share/ur_dashboard_msgs/package.ps1'
[2.542s] INFO:colcon.colcon_core.shell:Creating package descriptor '/home/icrs/icrsUR/install/ur_dashboard_msgs/share/ur_dashboard_msgs/package.dsv'
[2.543s] INFO:colcon.colcon_core.shell:Creating package script '/home/icrs/icrsUR/install/ur_dashboard_msgs/share/ur_dashboard_msgs/package.sh'
[2.543s] INFO:colcon.colcon_core.shell:Creating package script '/home/icrs/icrsUR/install/ur_dashboard_msgs/share/ur_dashboard_msgs/package.bash'
[2.544s] INFO:colcon.colcon_core.shell:Creating package script '/home/icrs/icrsUR/install/ur_dashboard_msgs/share/ur_dashboard_msgs/package.zsh'
[2.544s] Level 1:colcon.colcon_core.environment:create_file_with_runtime_dependencies(/home/icrs/icrsUR/install/ur_dashboard_msgs/share/colcon-core/packages/ur_dashboard_msgs)
[2.545s] INFO:colcon.colcon_ros.task.ament_cmake.build:Building ROS package in '/home/icrs/icrsUR/src/Universal_Robots_ROS2_Driver/ur_controllers' with build type 'ament_cmake'
[2.545s] INFO:colcon.colcon_cmake.task.cmake.build:Building CMake package in '/home/icrs/icrsUR/src/Universal_Robots_ROS2_Driver/ur_controllers'
[2.545s] INFO:colcon.colcon_core.shell:Skip shell extension 'powershell' for command environment: Not usable outside of PowerShell
[2.545s] DEBUG:colcon.colcon_core.shell:Skip shell extension 'dsv' for command environment
[2.558s] DEBUG:colcon.colcon_core.event_handler.log_command:Invoking command in '/home/icrs/icrsUR/build/ur_controllers': AMENT_PREFIX_PATH=/home/icrs/icrsUR/install/ur_dashboard_msgs:${AMENT_PREFIX_PATH} CMAKE_PREFIX_PATH=/home/icrs/icrsUR/install/ur_dashboard_msgs:/opt/ros/humble LD_LIBRARY_PATH=/home/icrs/icrsUR/install/ur_dashboard_msgs/lib:${LD_LIBRARY_PATH} PYTHONPATH=/home/icrs/icrsUR/install/ur_dashboard_msgs/local/lib/python3.10/dist-packages:${PYTHONPATH} /usr/bin/cmake --build /home/icrs/icrsUR/build/ur_controllers -- -j8 -l8
[2.665s] DEBUG:colcon.colcon_core.event_handler.log_command:Invoked command in '/home/icrs/icrsUR/build/ur_controllers' returned '0': AMENT_PREFIX_PATH=/home/icrs/icrsUR/install/ur_dashboard_msgs:${AMENT_PREFIX_PATH} CMAKE_PREFIX_PATH=/home/icrs/icrsUR/install/ur_dashboard_msgs:/opt/ros/humble LD_LIBRARY_PATH=/home/icrs/icrsUR/install/ur_dashboard_msgs/lib:${LD_LIBRARY_PATH} PYTHONPATH=/home/icrs/icrsUR/install/ur_dashboard_msgs/local/lib/python3.10/dist-packages:${PYTHONPATH} /usr/bin/cmake --build /home/icrs/icrsUR/build/ur_controllers -- -j8 -l8
[2.699s] DEBUG:colcon.colcon_core.event_handler.log_command:Invoking command in '/home/icrs/icrsUR/build/ur_controllers': AMENT_PREFIX_PATH=/home/icrs/icrsUR/install/ur_dashboard_msgs:${AMENT_PREFIX_PATH} CMAKE_PREFIX_PATH=/home/icrs/icrsUR/install/ur_dashboard_msgs:/opt/ros/humble LD_LIBRARY_PATH=/home/icrs/icrsUR/install/ur_dashboard_msgs/lib:${LD_LIBRARY_PATH} PYTHONPATH=/home/icrs/icrsUR/install/ur_dashboard_msgs/local/lib/python3.10/dist-packages:${PYTHONPATH} /usr/bin/cmake --install /home/icrs/icrsUR/build/ur_controllers
[2.728s] Level 1:colcon.colcon_core.environment:create_environment_scripts_only(ur_controllers)
[2.729s] Level 1:colcon.colcon_core.environment:checking '/home/icrs/icrsUR/install/ur_controllers' for CMake module files
[2.730s] DEBUG:colcon.colcon_core.event_handler.log_command:Invoked command in '/home/icrs/icrsUR/build/ur_controllers' returned '0': AMENT_PREFIX_PATH=/home/icrs/icrsUR/install/ur_dashboard_msgs:${AMENT_PREFIX_PATH} CMAKE_PREFIX_PATH=/home/icrs/icrsUR/install/ur_dashboard_msgs:/opt/ros/humble LD_LIBRARY_PATH=/home/icrs/icrsUR/install/ur_dashboard_msgs/lib:${LD_LIBRARY_PATH} PYTHONPATH=/home/icrs/icrsUR/install/ur_dashboard_msgs/local/lib/python3.10/dist-packages:${PYTHONPATH} /usr/bin/cmake --install /home/icrs/icrsUR/build/ur_controllers
[2.730s] Level 1:colcon.colcon_core.environment:checking '/home/icrs/icrsUR/install/ur_controllers' for CMake config files
[2.731s] Level 1:colcon.colcon_core.shell:create_environment_hook('ur_controllers', 'cmake_prefix_path')
[2.731s] INFO:colcon.colcon_core.shell:Creating environment hook '/home/icrs/icrsUR/install/ur_controllers/share/ur_controllers/hook/cmake_prefix_path.ps1'
[2.732s] INFO:colcon.colcon_core.shell:Creating environment descriptor '/home/icrs/icrsUR/install/ur_controllers/share/ur_controllers/hook/cmake_prefix_path.dsv'
[2.733s] INFO:colcon.colcon_core.shell:Creating environment hook '/home/icrs/icrsUR/install/ur_controllers/share/ur_controllers/hook/cmake_prefix_path.sh'
[2.734s] Level 1:colcon.colcon_core.environment:checking '/home/icrs/icrsUR/install/ur_controllers/lib'
[2.734s] Level 1:colcon.colcon_core.shell:create_environment_hook('ur_controllers', 'ld_library_path_lib')
[2.734s] INFO:colcon.colcon_core.shell:Creating environment hook '/home/icrs/icrsUR/install/ur_controllers/share/ur_controllers/hook/ld_library_path_lib.ps1'
[2.735s] INFO:colcon.colcon_core.shell:Creating environment descriptor '/home/icrs/icrsUR/install/ur_controllers/share/ur_controllers/hook/ld_library_path_lib.dsv'
[2.736s] INFO:colcon.colcon_core.shell:Creating environment hook '/home/icrs/icrsUR/install/ur_controllers/share/ur_controllers/hook/ld_library_path_lib.sh'
[2.737s] Level 1:colcon.colcon_core.environment:checking '/home/icrs/icrsUR/install/ur_controllers/bin'
[2.737s] Level 1:colcon.colcon_core.environment:checking '/home/icrs/icrsUR/install/ur_controllers/lib/pkgconfig/ur_controllers.pc'
[2.737s] Level 1:colcon.colcon_core.environment:checking '/home/icrs/icrsUR/install/ur_controllers/lib/python3.10/site-packages'
[2.737s] Level 1:colcon.colcon_core.environment:checking '/home/icrs/icrsUR/install/ur_controllers/bin'
[2.738s] INFO:colcon.colcon_core.shell:Creating package script '/home/icrs/icrsUR/install/ur_controllers/share/ur_controllers/package.ps1'
[2.739s] INFO:colcon.colcon_core.shell:Creating package descriptor '/home/icrs/icrsUR/install/ur_controllers/share/ur_controllers/package.dsv'
[2.740s] INFO:colcon.colcon_core.shell:Creating package script '/home/icrs/icrsUR/install/ur_controllers/share/ur_controllers/package.sh'
[2.741s] INFO:colcon.colcon_core.shell:Creating package script '/home/icrs/icrsUR/install/ur_controllers/share/ur_controllers/package.bash'
[2.741s] INFO:colcon.colcon_core.shell:Creating package script '/home/icrs/icrsUR/install/ur_controllers/share/ur_controllers/package.zsh'
[2.742s] Level 1:colcon.colcon_core.environment:create_file_with_runtime_dependencies(/home/icrs/icrsUR/install/ur_controllers/share/colcon-core/packages/ur_controllers)
[2.745s] DEBUG:colcon.colcon_core.event_handler.log_command:Invoked command in '/home/icrs/icrsUR/build/service_ur5ik' returned '0': AMENT_PREFIX_PATH=/home/icrs/icrsUR/install/interfaces_ur5ik:${AMENT_PREFIX_PATH} CMAKE_PREFIX_PATH=/home/icrs/icrsUR/install/interfaces_ur5ik:/opt/ros/humble LD_LIBRARY_PATH=/home/icrs/icrsUR/install/interfaces_ur5ik/lib:${LD_LIBRARY_PATH} PYTHONPATH=/home/icrs/icrsUR/install/interfaces_ur5ik/local/lib/python3.10/dist-packages:${PYTHONPATH} /usr/bin/cmake --build /home/icrs/icrsUR/build/service_ur5ik -- -j8 -l8
[2.780s] DEBUG:colcon.colcon_core.event_handler.log_command:Invoking command in '/home/icrs/icrsUR/build/service_ur5ik': AMENT_PREFIX_PATH=/home/icrs/icrsUR/install/interfaces_ur5ik:${AMENT_PREFIX_PATH} CMAKE_PREFIX_PATH=/home/icrs/icrsUR/install/interfaces_ur5ik:/opt/ros/humble LD_LIBRARY_PATH=/home/icrs/icrsUR/install/interfaces_ur5ik/lib:${LD_LIBRARY_PATH} PYTHONPATH=/home/icrs/icrsUR/install/interfaces_ur5ik/local/lib/python3.10/dist-packages:${PYTHONPATH} /usr/bin/cmake --install /home/icrs/icrsUR/build/service_ur5ik
[2.781s] Level 1:colcon.colcon_core.environment:create_environment_scripts_only(ur_controllers)
[2.782s] Level 1:colcon.colcon_core.environment:checking '/home/icrs/icrsUR/install/ur_controllers' for CMake module files
[2.783s] Level 1:colcon.colcon_core.environment:checking '/home/icrs/icrsUR/install/ur_controllers' for CMake config files
[2.783s] Level 1:colcon.colcon_core.shell:create_environment_hook('ur_controllers', 'cmake_prefix_path')
[2.784s] INFO:colcon.colcon_core.shell:Creating environment hook '/home/icrs/icrsUR/install/ur_controllers/share/ur_controllers/hook/cmake_prefix_path.ps1'
[2.784s] INFO:colcon.colcon_core.shell:Creating environment descriptor '/home/icrs/icrsUR/install/ur_controllers/share/ur_controllers/hook/cmake_prefix_path.dsv'
[2.785s] INFO:colcon.colcon_core.shell:Creating environment hook '/home/icrs/icrsUR/install/ur_controllers/share/ur_controllers/hook/cmake_prefix_path.sh'
[2.786s] Level 1:colcon.colcon_core.environment:checking '/home/icrs/icrsUR/install/ur_controllers/lib'
[2.786s] Level 1:colcon.colcon_core.shell:create_environment_hook('ur_controllers', 'ld_library_path_lib')
[2.786s] INFO:colcon.colcon_core.shell:Creating environment hook '/home/icrs/icrsUR/install/ur_controllers/share/ur_controllers/hook/ld_library_path_lib.ps1'
[2.787s] INFO:colcon.colcon_core.shell:Creating environment descriptor '/home/icrs/icrsUR/install/ur_controllers/share/ur_controllers/hook/ld_library_path_lib.dsv'
[2.787s] INFO:colcon.colcon_core.shell:Creating environment hook '/home/icrs/icrsUR/install/ur_controllers/share/ur_controllers/hook/ld_library_path_lib.sh'
[2.788s] Level 1:colcon.colcon_core.environment:checking '/home/icrs/icrsUR/install/ur_controllers/bin'
[2.788s] Level 1:colcon.colcon_core.environment:checking '/home/icrs/icrsUR/install/ur_controllers/lib/pkgconfig/ur_controllers.pc'
[2.789s] Level 1:colcon.colcon_core.environment:checking '/home/icrs/icrsUR/install/ur_controllers/lib/python3.10/site-packages'
[2.789s] Level 1:colcon.colcon_core.environment:checking '/home/icrs/icrsUR/install/ur_controllers/bin'
[2.790s] INFO:colcon.colcon_core.shell:Creating package script '/home/icrs/icrsUR/install/ur_controllers/share/ur_controllers/package.ps1'
[2.791s] INFO:colcon.colcon_core.shell:Creating package descriptor '/home/icrs/icrsUR/install/ur_controllers/share/ur_controllers/package.dsv'
[2.793s] INFO:colcon.colcon_core.shell:Creating package script '/home/icrs/icrsUR/install/ur_controllers/share/ur_controllers/package.sh'
[2.795s] INFO:colcon.colcon_core.shell:Creating package script '/home/icrs/icrsUR/install/ur_controllers/share/ur_controllers/package.bash'
[2.796s] INFO:colcon.colcon_core.shell:Creating package script '/home/icrs/icrsUR/install/ur_controllers/share/ur_controllers/package.zsh'
[2.796s] Level 1:colcon.colcon_core.environment:create_file_with_runtime_dependencies(/home/icrs/icrsUR/install/ur_controllers/share/colcon-core/packages/ur_controllers)
[2.797s] INFO:colcon.colcon_ros.task.ament_cmake.build:Building ROS package in '/home/icrs/icrsUR/src/Universal_Robots_ROS2_Driver/ur_robot_driver' with build type 'ament_cmake'
[2.797s] INFO:colcon.colcon_cmake.task.cmake.build:Building CMake package in '/home/icrs/icrsUR/src/Universal_Robots_ROS2_Driver/ur_robot_driver'
[2.797s] INFO:colcon.colcon_core.shell:Skip shell extension 'powershell' for command environment: Not usable outside of PowerShell
[2.797s] DEBUG:colcon.colcon_core.shell:Skip shell extension 'dsv' for command environment
[2.800s] INFO:colcon.colcon_ros.task.ament_cmake.build:Building ROS package in '/home/icrs/icrsUR/src/Universal_Robots_ROS2_Driver/ur_bringup' with build type 'ament_cmake'
[2.801s] INFO:colcon.colcon_cmake.task.cmake.build:Building CMake package in '/home/icrs/icrsUR/src/Universal_Robots_ROS2_Driver/ur_bringup'
[2.801s] INFO:colcon.colcon_core.shell:Skip shell extension 'powershell' for command environment: Not usable outside of PowerShell
[2.801s] DEBUG:colcon.colcon_core.shell:Skip shell extension 'dsv' for command environment
[2.809s] DEBUG:colcon.colcon_core.event_handler.log_command:Invoking command in '/home/icrs/icrsUR/src/camera_control': AMENT_PREFIX_PATH=/home/icrs/icrsUR/install/ur_custom_interfaces:${AMENT_PREFIX_PATH} CMAKE_PREFIX_PATH=/home/icrs/icrsUR/install/ur_custom_interfaces LD_LIBRARY_PATH=/home/icrs/icrsUR/install/ur_custom_interfaces/lib:${LD_LIBRARY_PATH} PYTHONPATH=/home/icrs/icrsUR/build/camera_control/prefix_override:/usr/lib/python3/dist-packages/colcon_core/task/python/colcon_distutils_commands:/home/icrs/icrsUR/install/camera_control/lib/python3.10/site-packages:/home/icrs/icrsUR/install/ur_custom_interfaces/local/lib/python3.10/dist-packages:${PYTHONPATH} /usr/bin/python3 -W ignore:setup.py install is deprecated setup.py egg_info --egg-base ../../build/camera_control build --build-base /home/icrs/icrsUR/build/camera_control/build install --record /home/icrs/icrsUR/build/camera_control/install.log --single-version-externally-managed install_data
[2.817s] DEBUG:colcon.colcon_core.event_handler.log_command:Invoking command in '/home/icrs/icrsUR/build/ur_robot_driver': AMENT_PREFIX_PATH=/home/icrs/icrsUR/install/ur_controllers:/home/icrs/icrsUR/install/ur_description:/home/icrs/icrsUR/install/ur_dashboard_msgs:${AMENT_PREFIX_PATH} CMAKE_PREFIX_PATH=/home/icrs/icrsUR/install/ur_controllers:/home/icrs/icrsUR/install/ur_description:/home/icrs/icrsUR/install/ur_dashboard_msgs:/opt/ros/humble LD_LIBRARY_PATH=/home/icrs/icrsUR/install/ur_controllers/lib:/home/icrs/icrsUR/install/ur_dashboard_msgs/lib:${LD_LIBRARY_PATH} PYTHONPATH=/home/icrs/icrsUR/install/ur_dashboard_msgs/local/lib/python3.10/dist-packages:${PYTHONPATH} /usr/bin/cmake --build /home/icrs/icrsUR/build/ur_robot_driver -- -j8 -l8
[2.820s] DEBUG:colcon.colcon_core.event_handler.log_command:Invoking command in '/home/icrs/icrsUR/build/ur_bringup': AMENT_PREFIX_PATH=/home/icrs/icrsUR/install/ur_controllers:/home/icrs/icrsUR/install/ur_description:/home/icrs/icrsUR/install/ur_dashboard_msgs:${AMENT_PREFIX_PATH} CMAKE_PREFIX_PATH=/home/icrs/icrsUR/install/ur_controllers:/home/icrs/icrsUR/install/ur_description:/home/icrs/icrsUR/install/ur_dashboard_msgs:/opt/ros/humble LD_LIBRARY_PATH=/home/icrs/icrsUR/install/ur_controllers/lib:/home/icrs/icrsUR/install/ur_dashboard_msgs/lib:${LD_LIBRARY_PATH} PYTHONPATH=/home/icrs/icrsUR/install/ur_dashboard_msgs/local/lib/python3.10/dist-packages:${PYTHONPATH} /usr/bin/cmake --build /home/icrs/icrsUR/build/ur_bringup -- -j8 -l8
[2.863s] Level 1:colcon.colcon_core.environment:create_environment_scripts_only(service_ur5ik)
[2.863s] Level 1:colcon.colcon_core.environment:checking '/home/icrs/icrsUR/install/service_ur5ik' for CMake module files
[2.864s] Level 1:colcon.colcon_core.environment:checking '/home/icrs/icrsUR/install/service_ur5ik' for CMake config files
[2.865s] DEBUG:colcon.colcon_core.event_handler.log_command:Invoked command in '/home/icrs/icrsUR/build/service_ur5ik' returned '0': AMENT_PREFIX_PATH=/home/icrs/icrsUR/install/interfaces_ur5ik:${AMENT_PREFIX_PATH} CMAKE_PREFIX_PATH=/home/icrs/icrsUR/install/interfaces_ur5ik:/opt/ros/humble LD_LIBRARY_PATH=/home/icrs/icrsUR/install/interfaces_ur5ik/lib:${LD_LIBRARY_PATH} PYTHONPATH=/home/icrs/icrsUR/install/interfaces_ur5ik/local/lib/python3.10/dist-packages:${PYTHONPATH} /usr/bin/cmake --install /home/icrs/icrsUR/build/service_ur5ik
[2.867s] Level 1:colcon.colcon_core.shell:create_environment_hook('service_ur5ik', 'cmake_prefix_path')
[2.867s] INFO:colcon.colcon_core.shell:Creating environment hook '/home/icrs/icrsUR/install/service_ur5ik/share/service_ur5ik/hook/cmake_prefix_path.ps1'
[2.873s] INFO:colcon.colcon_core.shell:Creating environment descriptor '/home/icrs/icrsUR/install/service_ur5ik/share/service_ur5ik/hook/cmake_prefix_path.dsv'
[2.874s] INFO:colcon.colcon_core.shell:Creating environment hook '/home/icrs/icrsUR/install/service_ur5ik/share/service_ur5ik/hook/cmake_prefix_path.sh'
[2.875s] Level 1:colcon.colcon_core.environment:checking '/home/icrs/icrsUR/install/service_ur5ik/lib'
[2.875s] Level 1:colcon.colcon_core.environment:checking '/home/icrs/icrsUR/install/service_ur5ik/bin'
[2.875s] Level 1:colcon.colcon_core.environment:checking '/home/icrs/icrsUR/install/service_ur5ik/lib/pkgconfig/service_ur5ik.pc'
[2.875s] Level 1:colcon.colcon_core.environment:checking '/home/icrs/icrsUR/install/service_ur5ik/lib/python3.10/site-packages'
[2.877s] Level 1:colcon.colcon_core.environment:checking '/home/icrs/icrsUR/install/service_ur5ik/bin'
[2.878s] INFO:colcon.colcon_core.shell:Creating package script '/home/icrs/icrsUR/install/service_ur5ik/share/service_ur5ik/package.ps1'
[2.879s] INFO:colcon.colcon_core.shell:Creating package descriptor '/home/icrs/icrsUR/install/service_ur5ik/share/service_ur5ik/package.dsv'
[2.880s] INFO:colcon.colcon_core.shell:Creating package script '/home/icrs/icrsUR/install/service_ur5ik/share/service_ur5ik/package.sh'
[2.881s] INFO:colcon.colcon_core.shell:Creating package script '/home/icrs/icrsUR/install/service_ur5ik/share/service_ur5ik/package.bash'
[2.882s] INFO:colcon.colcon_core.shell:Creating package script '/home/icrs/icrsUR/install/service_ur5ik/share/service_ur5ik/package.zsh'
[2.882s] Level 1:colcon.colcon_core.environment:create_file_with_runtime_dependencies(/home/icrs/icrsUR/install/service_ur5ik/share/colcon-core/packages/service_ur5ik)
[2.898s] DEBUG:colcon.colcon_core.event_handler.log_command:Invoked command in '/home/icrs/icrsUR/build/ur_bringup' returned '0': AMENT_PREFIX_PATH=/home/icrs/icrsUR/install/ur_controllers:/home/icrs/icrsUR/install/ur_description:/home/icrs/icrsUR/install/ur_dashboard_msgs:${AMENT_PREFIX_PATH} CMAKE_PREFIX_PATH=/home/icrs/icrsUR/install/ur_controllers:/home/icrs/icrsUR/install/ur_description:/home/icrs/icrsUR/install/ur_dashboard_msgs:/opt/ros/humble LD_LIBRARY_PATH=/home/icrs/icrsUR/install/ur_controllers/lib:/home/icrs/icrsUR/install/ur_dashboard_msgs/lib:${LD_LIBRARY_PATH} PYTHONPATH=/home/icrs/icrsUR/install/ur_dashboard_msgs/local/lib/python3.10/dist-packages:${PYTHONPATH} /usr/bin/cmake --build /home/icrs/icrsUR/build/ur_bringup -- -j8 -l8
[2.937s] DEBUG:colcon.colcon_core.event_handler.log_command:Invoking command in '/home/icrs/icrsUR/build/ur_bringup': AMENT_PREFIX_PATH=/home/icrs/icrsUR/install/ur_controllers:/home/icrs/icrsUR/install/ur_description:/home/icrs/icrsUR/install/ur_dashboard_msgs:${AMENT_PREFIX_PATH} CMAKE_PREFIX_PATH=/home/icrs/icrsUR/install/ur_controllers:/home/icrs/icrsUR/install/ur_description:/home/icrs/icrsUR/install/ur_dashboard_msgs:/opt/ros/humble LD_LIBRARY_PATH=/home/icrs/icrsUR/install/ur_controllers/lib:/home/icrs/icrsUR/install/ur_dashboard_msgs/lib:${LD_LIBRARY_PATH} PYTHONPATH=/home/icrs/icrsUR/install/ur_dashboard_msgs/local/lib/python3.10/dist-packages:${PYTHONPATH} /usr/bin/cmake --install /home/icrs/icrsUR/build/ur_bringup
[2.944s] Level 1:colcon.colcon_core.environment:create_environment_scripts_only(service_ur5ik)
[2.945s] Level 1:colcon.colcon_core.environment:checking '/home/icrs/icrsUR/install/service_ur5ik' for CMake module files
[2.946s] Level 1:colcon.colcon_core.environment:checking '/home/icrs/icrsUR/install/service_ur5ik' for CMake config files
[2.946s] Level 1:colcon.colcon_core.shell:create_environment_hook('service_ur5ik', 'cmake_prefix_path')
[2.947s] INFO:colcon.colcon_core.shell:Creating environment hook '/home/icrs/icrsUR/install/service_ur5ik/share/service_ur5ik/hook/cmake_prefix_path.ps1'
[2.948s] INFO:colcon.colcon_core.shell:Creating environment descriptor '/home/icrs/icrsUR/install/service_ur5ik/share/service_ur5ik/hook/cmake_prefix_path.dsv'
[2.949s] INFO:colcon.colcon_core.shell:Creating environment hook '/home/icrs/icrsUR/install/service_ur5ik/share/service_ur5ik/hook/cmake_prefix_path.sh'
[2.950s] Level 1:colcon.colcon_core.environment:checking '/home/icrs/icrsUR/install/service_ur5ik/lib'
[2.950s] Level 1:colcon.colcon_core.environment:checking '/home/icrs/icrsUR/install/service_ur5ik/bin'
[2.951s] Level 1:colcon.colcon_core.environment:checking '/home/icrs/icrsUR/install/service_ur5ik/lib/pkgconfig/service_ur5ik.pc'
[2.951s] Level 1:colcon.colcon_core.environment:checking '/home/icrs/icrsUR/install/service_ur5ik/lib/python3.10/site-packages'
[2.953s] Level 1:colcon.colcon_core.environment:checking '/home/icrs/icrsUR/install/service_ur5ik/bin'
[2.954s] INFO:colcon.colcon_core.shell:Creating package script '/home/icrs/icrsUR/install/service_ur5ik/share/service_ur5ik/package.ps1'
[2.955s] INFO:colcon.colcon_core.shell:Creating package descriptor '/home/icrs/icrsUR/install/service_ur5ik/share/service_ur5ik/package.dsv'
[2.958s] INFO:colcon.colcon_core.shell:Creating package script '/home/icrs/icrsUR/install/service_ur5ik/share/service_ur5ik/package.sh'
[2.961s] INFO:colcon.colcon_core.shell:Creating package script '/home/icrs/icrsUR/install/service_ur5ik/share/service_ur5ik/package.bash'
[2.961s] INFO:colcon.colcon_core.shell:Creating package script '/home/icrs/icrsUR/install/service_ur5ik/share/service_ur5ik/package.zsh'
[2.962s] Level 1:colcon.colcon_core.environment:create_file_with_runtime_dependencies(/home/icrs/icrsUR/install/service_ur5ik/share/colcon-core/packages/service_ur5ik)
[2.975s] Level 1:colcon.colcon_core.environment:create_environment_scripts_only(ur_bringup)
[2.976s] Level 1:colcon.colcon_core.environment:checking '/home/icrs/icrsUR/install/ur_bringup' for CMake module files
[2.977s] DEBUG:colcon.colcon_core.event_handler.log_command:Invoked command in '/home/icrs/icrsUR/build/ur_bringup' returned '0': AMENT_PREFIX_PATH=/home/icrs/icrsUR/install/ur_controllers:/home/icrs/icrsUR/install/ur_description:/home/icrs/icrsUR/install/ur_dashboard_msgs:${AMENT_PREFIX_PATH} CMAKE_PREFIX_PATH=/home/icrs/icrsUR/install/ur_controllers:/home/icrs/icrsUR/install/ur_description:/home/icrs/icrsUR/install/ur_dashboard_msgs:/opt/ros/humble LD_LIBRARY_PATH=/home/icrs/icrsUR/install/ur_controllers/lib:/home/icrs/icrsUR/install/ur_dashboard_msgs/lib:${LD_LIBRARY_PATH} PYTHONPATH=/home/icrs/icrsUR/install/ur_dashboard_msgs/local/lib/python3.10/dist-packages:${PYTHONPATH} /usr/bin/cmake --install /home/icrs/icrsUR/build/ur_bringup
[2.978s] Level 1:colcon.colcon_core.environment:checking '/home/icrs/icrsUR/install/ur_bringup' for CMake config files
[2.978s] Level 1:colcon.colcon_core.shell:create_environment_hook('ur_bringup', 'cmake_prefix_path')
[2.978s] INFO:colcon.colcon_core.shell:Creating environment hook '/home/icrs/icrsUR/install/ur_bringup/share/ur_bringup/hook/cmake_prefix_path.ps1'
[2.979s] INFO:colcon.colcon_core.shell:Creating environment descriptor '/home/icrs/icrsUR/install/ur_bringup/share/ur_bringup/hook/cmake_prefix_path.dsv'
[2.980s] INFO:colcon.colcon_core.shell:Creating environment hook '/home/icrs/icrsUR/install/ur_bringup/share/ur_bringup/hook/cmake_prefix_path.sh'
[2.981s] Level 1:colcon.colcon_core.environment:checking '/home/icrs/icrsUR/install/ur_bringup/lib'
[2.981s] Level 1:colcon.colcon_core.environment:checking '/home/icrs/icrsUR/install/ur_bringup/bin'
[2.981s] Level 1:colcon.colcon_core.environment:checking '/home/icrs/icrsUR/install/ur_bringup/lib/pkgconfig/ur_bringup.pc'
[2.982s] Level 1:colcon.colcon_core.environment:checking '/home/icrs/icrsUR/install/ur_bringup/lib/python3.10/site-packages'
[2.982s] Level 1:colcon.colcon_core.environment:checking '/home/icrs/icrsUR/install/ur_bringup/bin'
[2.983s] INFO:colcon.colcon_core.shell:Creating package script '/home/icrs/icrsUR/install/ur_bringup/share/ur_bringup/package.ps1'
[2.984s] INFO:colcon.colcon_core.shell:Creating package descriptor '/home/icrs/icrsUR/install/ur_bringup/share/ur_bringup/package.dsv'
[2.985s] INFO:colcon.colcon_core.shell:Creating package script '/home/icrs/icrsUR/install/ur_bringup/share/ur_bringup/package.sh'
[2.985s] INFO:colcon.colcon_core.shell:Creating package script '/home/icrs/icrsUR/install/ur_bringup/share/ur_bringup/package.bash'
[2.986s] INFO:colcon.colcon_core.shell:Creating package script '/home/icrs/icrsUR/install/ur_bringup/share/ur_bringup/package.zsh'
[2.987s] Level 1:colcon.colcon_core.environment:create_file_with_runtime_dependencies(/home/icrs/icrsUR/install/ur_bringup/share/colcon-core/packages/ur_bringup)
[3.017s] Level 1:colcon.colcon_core.environment:create_environment_scripts_only(ur_bringup)
[3.018s] Level 1:colcon.colcon_core.environment:checking '/home/icrs/icrsUR/install/ur_bringup' for CMake module files
[3.019s] Level 1:colcon.colcon_core.environment:checking '/home/icrs/icrsUR/install/ur_bringup' for CMake config files
[3.019s] Level 1:colcon.colcon_core.shell:create_environment_hook('ur_bringup', 'cmake_prefix_path')
[3.019s] INFO:colcon.colcon_core.shell:Creating environment hook '/home/icrs/icrsUR/install/ur_bringup/share/ur_bringup/hook/cmake_prefix_path.ps1'
[3.020s] INFO:colcon.colcon_core.shell:Creating environment descriptor '/home/icrs/icrsUR/install/ur_bringup/share/ur_bringup/hook/cmake_prefix_path.dsv'
[3.021s] INFO:colcon.colcon_core.shell:Creating environment hook '/home/icrs/icrsUR/install/ur_bringup/share/ur_bringup/hook/cmake_prefix_path.sh'
[3.021s] Level 1:colcon.colcon_core.environment:checking '/home/icrs/icrsUR/install/ur_bringup/lib'
[3.022s] Level 1:colcon.colcon_core.environment:checking '/home/icrs/icrsUR/install/ur_bringup/bin'
[3.022s] Level 1:colcon.colcon_core.environment:checking '/home/icrs/icrsUR/install/ur_bringup/lib/pkgconfig/ur_bringup.pc'
[3.022s] Level 1:colcon.colcon_core.environment:checking '/home/icrs/icrsUR/install/ur_bringup/lib/python3.10/site-packages'
[3.022s] Level 1:colcon.colcon_core.environment:checking '/home/icrs/icrsUR/install/ur_bringup/bin'
[3.023s] INFO:colcon.colcon_core.shell:Creating package script '/home/icrs/icrsUR/install/ur_bringup/share/ur_bringup/package.ps1'
[3.024s] INFO:colcon.colcon_core.shell:Creating package descriptor '/home/icrs/icrsUR/install/ur_bringup/share/ur_bringup/package.dsv'
[3.025s] INFO:colcon.colcon_core.shell:Creating package script '/home/icrs/icrsUR/install/ur_bringup/share/ur_bringup/package.sh'
[3.026s] INFO:colcon.colcon_core.shell:Creating package script '/home/icrs/icrsUR/install/ur_bringup/share/ur_bringup/package.bash'
[3.026s] INFO:colcon.colcon_core.shell:Creating package script '/home/icrs/icrsUR/install/ur_bringup/share/ur_bringup/package.zsh'
[3.027s] Level 1:colcon.colcon_core.environment:create_file_with_runtime_dependencies(/home/icrs/icrsUR/install/ur_bringup/share/colcon-core/packages/ur_bringup)
[3.253s] Level 1:colcon.colcon_core.environment:checking '/home/icrs/icrsUR/install/camera_control' for CMake module files
[3.254s] DEBUG:colcon.colcon_core.event_handler.log_command:Invoked command in '/home/icrs/icrsUR/src/camera_control' returned '0': AMENT_PREFIX_PATH=/home/icrs/icrsUR/install/ur_custom_interfaces:${AMENT_PREFIX_PATH} CMAKE_PREFIX_PATH=/home/icrs/icrsUR/install/ur_custom_interfaces LD_LIBRARY_PATH=/home/icrs/icrsUR/install/ur_custom_interfaces/lib:${LD_LIBRARY_PATH} PYTHONPATH=/home/icrs/icrsUR/build/camera_control/prefix_override:/usr/lib/python3/dist-packages/colcon_core/task/python/colcon_distutils_commands:/home/icrs/icrsUR/install/camera_control/lib/python3.10/site-packages:/home/icrs/icrsUR/install/ur_custom_interfaces/local/lib/python3.10/dist-packages:${PYTHONPATH} /usr/bin/python3 -W ignore:setup.py install is deprecated setup.py egg_info --egg-base ../../build/camera_control build --build-base /home/icrs/icrsUR/build/camera_control/build install --record /home/icrs/icrsUR/build/camera_control/install.log --single-version-externally-managed install_data
[3.254s] Level 1:colcon.colcon_core.environment:checking '/home/icrs/icrsUR/install/camera_control' for CMake config files
[3.255s] Level 1:colcon.colcon_core.environment:checking '/home/icrs/icrsUR/install/camera_control/lib'
[3.255s] Level 1:colcon.colcon_core.environment:checking '/home/icrs/icrsUR/install/camera_control/bin'
[3.255s] Level 1:colcon.colcon_core.environment:checking '/home/icrs/icrsUR/install/camera_control/lib/pkgconfig/camera_control.pc'
[3.256s] Level 1:colcon.colcon_core.environment:checking '/home/icrs/icrsUR/install/camera_control/lib/python3.10/site-packages'
[3.256s] Level 1:colcon.colcon_core.shell:create_environment_hook('camera_control', 'pythonpath')
[3.256s] INFO:colcon.colcon_core.shell:Creating environment hook '/home/icrs/icrsUR/install/camera_control/share/camera_control/hook/pythonpath.ps1'
[3.257s] INFO:colcon.colcon_core.shell:Creating environment descriptor '/home/icrs/icrsUR/install/camera_control/share/camera_control/hook/pythonpath.dsv'
[3.257s] INFO:colcon.colcon_core.shell:Creating environment hook '/home/icrs/icrsUR/install/camera_control/share/camera_control/hook/pythonpath.sh'
[3.258s] Level 1:colcon.colcon_core.environment:checking '/home/icrs/icrsUR/install/camera_control/bin'
[3.258s] Level 1:colcon.colcon_core.environment:create_environment_scripts_only(camera_control)
[3.259s] INFO:colcon.colcon_core.shell:Creating package script '/home/icrs/icrsUR/install/camera_control/share/camera_control/package.ps1'
[3.260s] INFO:colcon.colcon_core.shell:Creating package descriptor '/home/icrs/icrsUR/install/camera_control/share/camera_control/package.dsv'
[3.261s] INFO:colcon.colcon_core.shell:Creating package script '/home/icrs/icrsUR/install/camera_control/share/camera_control/package.sh'
[3.261s] INFO:colcon.colcon_core.shell:Creating package script '/home/icrs/icrsUR/install/camera_control/share/camera_control/package.bash'
[3.262s] INFO:colcon.colcon_core.shell:Creating package script '/home/icrs/icrsUR/install/camera_control/share/camera_control/package.zsh'
[3.263s] Level 1:colcon.colcon_core.environment:create_file_with_runtime_dependencies(/home/icrs/icrsUR/install/camera_control/share/colcon-core/packages/camera_control)
[3.323s] DEBUG:colcon.colcon_core.event_handler.log_command:Invoked command in '/home/icrs/icrsUR/build/ur_robot_driver' returned '0': AMENT_PREFIX_PATH=/home/icrs/icrsUR/install/ur_controllers:/home/icrs/icrsUR/install/ur_description:/home/icrs/icrsUR/install/ur_dashboard_msgs:${AMENT_PREFIX_PATH} CMAKE_PREFIX_PATH=/home/icrs/icrsUR/install/ur_controllers:/home/icrs/icrsUR/install/ur_description:/home/icrs/icrsUR/install/ur_dashboard_msgs:/opt/ros/humble LD_LIBRARY_PATH=/home/icrs/icrsUR/install/ur_controllers/lib:/home/icrs/icrsUR/install/ur_dashboard_msgs/lib:${LD_LIBRARY_PATH} PYTHONPATH=/home/icrs/icrsUR/install/ur_dashboard_msgs/local/lib/python3.10/dist-packages:${PYTHONPATH} /usr/bin/cmake --build /home/icrs/icrsUR/build/ur_robot_driver -- -j8 -l8
[3.363s] DEBUG:colcon.colcon_core.event_handler.log_command:Invoking command in '/home/icrs/icrsUR/build/ur_robot_driver': AMENT_PREFIX_PATH=/home/icrs/icrsUR/install/ur_controllers:/home/icrs/icrsUR/install/ur_description:/home/icrs/icrsUR/install/ur_dashboard_msgs:${AMENT_PREFIX_PATH} CMAKE_PREFIX_PATH=/home/icrs/icrsUR/install/ur_controllers:/home/icrs/icrsUR/install/ur_description:/home/icrs/icrsUR/install/ur_dashboard_msgs:/opt/ros/humble LD_LIBRARY_PATH=/home/icrs/icrsUR/install/ur_controllers/lib:/home/icrs/icrsUR/install/ur_dashboard_msgs/lib:${LD_LIBRARY_PATH} PYTHONPATH=/home/icrs/icrsUR/install/ur_dashboard_msgs/local/lib/python3.10/dist-packages:${PYTHONPATH} /usr/bin/cmake --install /home/icrs/icrsUR/build/ur_robot_driver
[3.433s] Level 1:colcon.colcon_core.environment:create_environment_scripts_only(ur_robot_driver)
[3.433s] Level 1:colcon.colcon_core.environment:checking '/home/icrs/icrsUR/install/ur_robot_driver' for CMake module files
[3.434s] DEBUG:colcon.colcon_core.event_handler.log_command:Invoked command in '/home/icrs/icrsUR/build/ur_robot_driver' returned '0': AMENT_PREFIX_PATH=/home/icrs/icrsUR/install/ur_controllers:/home/icrs/icrsUR/install/ur_description:/home/icrs/icrsUR/install/ur_dashboard_msgs:${AMENT_PREFIX_PATH} CMAKE_PREFIX_PATH=/home/icrs/icrsUR/install/ur_controllers:/home/icrs/icrsUR/install/ur_description:/home/icrs/icrsUR/install/ur_dashboard_msgs:/opt/ros/humble LD_LIBRARY_PATH=/home/icrs/icrsUR/install/ur_controllers/lib:/home/icrs/icrsUR/install/ur_dashboard_msgs/lib:${LD_LIBRARY_PATH} PYTHONPATH=/home/icrs/icrsUR/install/ur_dashboard_msgs/local/lib/python3.10/dist-packages:${PYTHONPATH} /usr/bin/cmake --install /home/icrs/icrsUR/build/ur_robot_driver
[3.434s] Level 1:colcon.colcon_core.environment:checking '/home/icrs/icrsUR/install/ur_robot_driver' for CMake config files
[3.434s] Level 1:colcon.colcon_core.shell:create_environment_hook('ur_robot_driver', 'cmake_prefix_path')
[3.434s] INFO:colcon.colcon_core.shell:Creating environment hook '/home/icrs/icrsUR/install/ur_robot_driver/share/ur_robot_driver/hook/cmake_prefix_path.ps1'
[3.435s] INFO:colcon.colcon_core.shell:Creating environment descriptor '/home/icrs/icrsUR/install/ur_robot_driver/share/ur_robot_driver/hook/cmake_prefix_path.dsv'
[3.435s] INFO:colcon.colcon_core.shell:Creating environment hook '/home/icrs/icrsUR/install/ur_robot_driver/share/ur_robot_driver/hook/cmake_prefix_path.sh'
[3.436s] Level 1:colcon.colcon_core.environment:checking '/home/icrs/icrsUR/install/ur_robot_driver/lib'
[3.436s] Level 1:colcon.colcon_core.shell:create_environment_hook('ur_robot_driver', 'ld_library_path_lib')
[3.436s] INFO:colcon.colcon_core.shell:Creating environment hook '/home/icrs/icrsUR/install/ur_robot_driver/share/ur_robot_driver/hook/ld_library_path_lib.ps1'
[3.436s] INFO:colcon.colcon_core.shell:Creating environment descriptor '/home/icrs/icrsUR/install/ur_robot_driver/share/ur_robot_driver/hook/ld_library_path_lib.dsv'
[3.437s] INFO:colcon.colcon_core.shell:Creating environment hook '/home/icrs/icrsUR/install/ur_robot_driver/share/ur_robot_driver/hook/ld_library_path_lib.sh'
[3.437s] Level 1:colcon.colcon_core.environment:checking '/home/icrs/icrsUR/install/ur_robot_driver/bin'
[3.437s] Level 1:colcon.colcon_core.shell:create_environment_hook('ur_robot_driver', 'path')
[3.437s] INFO:colcon.colcon_core.shell:Creating environment hook '/home/icrs/icrsUR/install/ur_robot_driver/share/ur_robot_driver/hook/path.ps1'
[3.438s] INFO:colcon.colcon_core.shell:Creating environment descriptor '/home/icrs/icrsUR/install/ur_robot_driver/share/ur_robot_driver/hook/path.dsv'
[3.438s] INFO:colcon.colcon_core.shell:Creating environment hook '/home/icrs/icrsUR/install/ur_robot_driver/share/ur_robot_driver/hook/path.sh'
[3.439s] Level 1:colcon.colcon_core.environment:checking '/home/icrs/icrsUR/install/ur_robot_driver/lib/pkgconfig/ur_robot_driver.pc'
[3.439s] Level 1:colcon.colcon_core.environment:checking '/home/icrs/icrsUR/install/ur_robot_driver/lib/python3.10/site-packages'
[3.439s] Level 1:colcon.colcon_core.environment:checking '/home/icrs/icrsUR/install/ur_robot_driver/bin'
[3.439s] Level 1:colcon.colcon_core.shell:create_environment_hook('ur_robot_driver', 'pythonscriptspath')
[3.439s] INFO:colcon.colcon_core.shell:Creating environment hook '/home/icrs/icrsUR/install/ur_robot_driver/share/ur_robot_driver/hook/pythonscriptspath.ps1'
[3.440s] INFO:colcon.colcon_core.shell:Creating environment descriptor '/home/icrs/icrsUR/install/ur_robot_driver/share/ur_robot_driver/hook/pythonscriptspath.dsv'
[3.440s] INFO:colcon.colcon_core.shell:Creating environment hook '/home/icrs/icrsUR/install/ur_robot_driver/share/ur_robot_driver/hook/pythonscriptspath.sh'
[3.441s] INFO:colcon.colcon_core.shell:Creating package script '/home/icrs/icrsUR/install/ur_robot_driver/share/ur_robot_driver/package.ps1'
[3.441s] INFO:colcon.colcon_core.shell:Creating package descriptor '/home/icrs/icrsUR/install/ur_robot_driver/share/ur_robot_driver/package.dsv'
[3.442s] INFO:colcon.colcon_core.shell:Creating package script '/home/icrs/icrsUR/install/ur_robot_driver/share/ur_robot_driver/package.sh'
[3.442s] INFO:colcon.colcon_core.shell:Creating package script '/home/icrs/icrsUR/install/ur_robot_driver/share/ur_robot_driver/package.bash'
[3.443s] INFO:colcon.colcon_core.shell:Creating package script '/home/icrs/icrsUR/install/ur_robot_driver/share/ur_robot_driver/package.zsh'
[3.443s] Level 1:colcon.colcon_core.environment:create_file_with_runtime_dependencies(/home/icrs/icrsUR/install/ur_robot_driver/share/colcon-core/packages/ur_robot_driver)
[3.478s] Level 1:colcon.colcon_core.environment:create_environment_scripts_only(ur_robot_driver)
[3.478s] Level 1:colcon.colcon_core.environment:checking '/home/icrs/icrsUR/install/ur_robot_driver' for CMake module files
[3.479s] Level 1:colcon.colcon_core.environment:checking '/home/icrs/icrsUR/install/ur_robot_driver' for CMake config files
[3.479s] Level 1:colcon.colcon_core.shell:create_environment_hook('ur_robot_driver', 'cmake_prefix_path')
[3.480s] INFO:colcon.colcon_core.shell:Creating environment hook '/home/icrs/icrsUR/install/ur_robot_driver/share/ur_robot_driver/hook/cmake_prefix_path.ps1'
[3.480s] INFO:colcon.colcon_core.shell:Creating environment descriptor '/home/icrs/icrsUR/install/ur_robot_driver/share/ur_robot_driver/hook/cmake_prefix_path.dsv'
[3.481s] INFO:colcon.colcon_core.shell:Creating environment hook '/home/icrs/icrsUR/install/ur_robot_driver/share/ur_robot_driver/hook/cmake_prefix_path.sh'
[3.482s] Level 1:colcon.colcon_core.environment:checking '/home/icrs/icrsUR/install/ur_robot_driver/lib'
[3.482s] Level 1:colcon.colcon_core.shell:create_environment_hook('ur_robot_driver', 'ld_library_path_lib')
[3.482s] INFO:colcon.colcon_core.shell:Creating environment hook '/home/icrs/icrsUR/install/ur_robot_driver/share/ur_robot_driver/hook/ld_library_path_lib.ps1'
[3.483s] INFO:colcon.colcon_core.shell:Creating environment descriptor '/home/icrs/icrsUR/install/ur_robot_driver/share/ur_robot_driver/hook/ld_library_path_lib.dsv'
[3.483s] INFO:colcon.colcon_core.shell:Creating environment hook '/home/icrs/icrsUR/install/ur_robot_driver/share/ur_robot_driver/hook/ld_library_path_lib.sh'
[3.484s] Level 1:colcon.colcon_core.environment:checking '/home/icrs/icrsUR/install/ur_robot_driver/bin'
[3.484s] Level 1:colcon.colcon_core.shell:create_environment_hook('ur_robot_driver', 'path')
[3.484s] INFO:colcon.colcon_core.shell:Creating environment hook '/home/icrs/icrsUR/install/ur_robot_driver/share/ur_robot_driver/hook/path.ps1'
[3.485s] INFO:colcon.colcon_core.shell:Creating environment descriptor '/home/icrs/icrsUR/install/ur_robot_driver/share/ur_robot_driver/hook/path.dsv'
[3.485s] INFO:colcon.colcon_core.shell:Creating environment hook '/home/icrs/icrsUR/install/ur_robot_driver/share/ur_robot_driver/hook/path.sh'
[3.486s] Level 1:colcon.colcon_core.environment:checking '/home/icrs/icrsUR/install/ur_robot_driver/lib/pkgconfig/ur_robot_driver.pc'
[3.486s] Level 1:colcon.colcon_core.environment:checking '/home/icrs/icrsUR/install/ur_robot_driver/lib/python3.10/site-packages'
[3.486s] Level 1:colcon.colcon_core.environment:checking '/home/icrs/icrsUR/install/ur_robot_driver/bin'
[3.486s] Level 1:colcon.colcon_core.shell:create_environment_hook('ur_robot_driver', 'pythonscriptspath')
[3.487s] INFO:colcon.colcon_core.shell:Creating environment hook '/home/icrs/icrsUR/install/ur_robot_driver/share/ur_robot_driver/hook/pythonscriptspath.ps1'
[3.487s] INFO:colcon.colcon_core.shell:Creating environment descriptor '/home/icrs/icrsUR/install/ur_robot_driver/share/ur_robot_driver/hook/pythonscriptspath.dsv'
[3.488s] INFO:colcon.colcon_core.shell:Creating environment hook '/home/icrs/icrsUR/install/ur_robot_driver/share/ur_robot_driver/hook/pythonscriptspath.sh'
[3.489s] INFO:colcon.colcon_core.shell:Creating package script '/home/icrs/icrsUR/install/ur_robot_driver/share/ur_robot_driver/package.ps1'
[3.490s] INFO:colcon.colcon_core.shell:Creating package descriptor '/home/icrs/icrsUR/install/ur_robot_driver/share/ur_robot_driver/package.dsv'
[3.491s] INFO:colcon.colcon_core.shell:Creating package script '/home/icrs/icrsUR/install/ur_robot_driver/share/ur_robot_driver/package.sh'
[3.491s] INFO:colcon.colcon_core.shell:Creating package script '/home/icrs/icrsUR/install/ur_robot_driver/share/ur_robot_driver/package.bash'
[3.492s] INFO:colcon.colcon_core.shell:Creating package script '/home/icrs/icrsUR/install/ur_robot_driver/share/ur_robot_driver/package.zsh'
[3.493s] Level 1:colcon.colcon_core.environment:create_file_with_runtime_dependencies(/home/icrs/icrsUR/install/ur_robot_driver/share/colcon-core/packages/ur_robot_driver)
[3.493s] INFO:colcon.colcon_ros.task.ament_cmake.build:Building ROS package in '/home/icrs/icrsUR/src/Universal_Robots_ROS2_Driver/ur_calibration' with build type 'ament_cmake'
[3.493s] INFO:colcon.colcon_cmake.task.cmake.build:Building CMake package in '/home/icrs/icrsUR/src/Universal_Robots_ROS2_Driver/ur_calibration'
[3.494s] INFO:colcon.colcon_core.shell:Skip shell extension 'powershell' for command environment: Not usable outside of PowerShell
[3.494s] DEBUG:colcon.colcon_core.shell:Skip shell extension 'dsv' for command environment
[3.511s] DEBUG:colcon.colcon_core.event_handler.log_command:Invoking command in '/home/icrs/icrsUR/build/ur_calibration': AMENT_PREFIX_PATH=/home/icrs/icrsUR/install/ur_robot_driver:/home/icrs/icrsUR/install/ur_controllers:/home/icrs/icrsUR/install/ur_description:/home/icrs/icrsUR/install/ur_dashboard_msgs:${AMENT_PREFIX_PATH} CMAKE_PREFIX_PATH=/home/icrs/icrsUR/install/ur_robot_driver:/home/icrs/icrsUR/install/ur_controllers:/home/icrs/icrsUR/install/ur_description:/home/icrs/icrsUR/install/ur_dashboard_msgs:/opt/ros/humble LD_LIBRARY_PATH=/home/icrs/icrsUR/install/ur_robot_driver/lib:/home/icrs/icrsUR/install/ur_controllers/lib:/home/icrs/icrsUR/install/ur_dashboard_msgs/lib:${LD_LIBRARY_PATH} PATH=/home/icrs/icrsUR/install/ur_robot_driver/bin:${PATH} PYTHONPATH=/home/icrs/icrsUR/install/ur_robot_driver/local/lib/python3.10/dist-packages:/home/icrs/icrsUR/install/ur_dashboard_msgs/local/lib/python3.10/dist-packages:${PYTHONPATH} /usr/bin/cmake --build /home/icrs/icrsUR/build/ur_calibration -- -j8 -l8
[3.617s] DEBUG:colcon.colcon_core.event_handler.log_command:Invoked command in '/home/icrs/icrsUR/build/ur_calibration' returned '0': AMENT_PREFIX_PATH=/home/icrs/icrsUR/install/ur_robot_driver:/home/icrs/icrsUR/install/ur_controllers:/home/icrs/icrsUR/install/ur_description:/home/icrs/icrsUR/install/ur_dashboard_msgs:${AMENT_PREFIX_PATH} CMAKE_PREFIX_PATH=/home/icrs/icrsUR/install/ur_robot_driver:/home/icrs/icrsUR/install/ur_controllers:/home/icrs/icrsUR/install/ur_description:/home/icrs/icrsUR/install/ur_dashboard_msgs:/opt/ros/humble LD_LIBRARY_PATH=/home/icrs/icrsUR/install/ur_robot_driver/lib:/home/icrs/icrsUR/install/ur_controllers/lib:/home/icrs/icrsUR/install/ur_dashboard_msgs/lib:${LD_LIBRARY_PATH} PATH=/home/icrs/icrsUR/install/ur_robot_driver/bin:${PATH} PYTHONPATH=/home/icrs/icrsUR/install/ur_robot_driver/local/lib/python3.10/dist-packages:/home/icrs/icrsUR/install/ur_dashboard_msgs/local/lib/python3.10/dist-packages:${PYTHONPATH} /usr/bin/cmake --build /home/icrs/icrsUR/build/ur_calibration -- -j8 -l8
[3.649s] DEBUG:colcon.colcon_core.event_handler.log_command:Invoking command in '/home/icrs/icrsUR/build/ur_calibration': AMENT_PREFIX_PATH=/home/icrs/icrsUR/install/ur_robot_driver:/home/icrs/icrsUR/install/ur_controllers:/home/icrs/icrsUR/install/ur_description:/home/icrs/icrsUR/install/ur_dashboard_msgs:${AMENT_PREFIX_PATH} CMAKE_PREFIX_PATH=/home/icrs/icrsUR/install/ur_robot_driver:/home/icrs/icrsUR/install/ur_controllers:/home/icrs/icrsUR/install/ur_description:/home/icrs/icrsUR/install/ur_dashboard_msgs:/opt/ros/humble LD_LIBRARY_PATH=/home/icrs/icrsUR/install/ur_robot_driver/lib:/home/icrs/icrsUR/install/ur_controllers/lib:/home/icrs/icrsUR/install/ur_dashboard_msgs/lib:${LD_LIBRARY_PATH} PATH=/home/icrs/icrsUR/install/ur_robot_driver/bin:${PATH} PYTHONPATH=/home/icrs/icrsUR/install/ur_robot_driver/local/lib/python3.10/dist-packages:/home/icrs/icrsUR/install/ur_dashboard_msgs/local/lib/python3.10/dist-packages:${PYTHONPATH} /usr/bin/cmake --install /home/icrs/icrsUR/build/ur_calibration
[3.672s] Level 1:colcon.colcon_core.environment:create_environment_scripts_only(ur_calibration)
[3.672s] Level 1:colcon.colcon_core.environment:checking '/home/icrs/icrsUR/install/ur_calibration' for CMake module files
[3.672s] DEBUG:colcon.colcon_core.event_handler.log_command:Invoked command in '/home/icrs/icrsUR/build/ur_calibration' returned '0': AMENT_PREFIX_PATH=/home/icrs/icrsUR/install/ur_robot_driver:/home/icrs/icrsUR/install/ur_controllers:/home/icrs/icrsUR/install/ur_description:/home/icrs/icrsUR/install/ur_dashboard_msgs:${AMENT_PREFIX_PATH} CMAKE_PREFIX_PATH=/home/icrs/icrsUR/install/ur_robot_driver:/home/icrs/icrsUR/install/ur_controllers:/home/icrs/icrsUR/install/ur_description:/home/icrs/icrsUR/install/ur_dashboard_msgs:/opt/ros/humble LD_LIBRARY_PATH=/home/icrs/icrsUR/install/ur_robot_driver/lib:/home/icrs/icrsUR/install/ur_controllers/lib:/home/icrs/icrsUR/install/ur_dashboard_msgs/lib:${LD_LIBRARY_PATH} PATH=/home/icrs/icrsUR/install/ur_robot_driver/bin:${PATH} PYTHONPATH=/home/icrs/icrsUR/install/ur_robot_driver/local/lib/python3.10/dist-packages:/home/icrs/icrsUR/install/ur_dashboard_msgs/local/lib/python3.10/dist-packages:${PYTHONPATH} /usr/bin/cmake --install /home/icrs/icrsUR/build/ur_calibration
[3.673s] Level 1:colcon.colcon_core.environment:checking '/home/icrs/icrsUR/install/ur_calibration' for CMake config files
[3.673s] Level 1:colcon.colcon_core.shell:create_environment_hook('ur_calibration', 'cmake_prefix_path')
[3.673s] INFO:colcon.colcon_core.shell:Creating environment hook '/home/icrs/icrsUR/install/ur_calibration/share/ur_calibration/hook/cmake_prefix_path.ps1'
[3.674s] INFO:colcon.colcon_core.shell:Creating environment descriptor '/home/icrs/icrsUR/install/ur_calibration/share/ur_calibration/hook/cmake_prefix_path.dsv'
[3.674s] INFO:colcon.colcon_core.shell:Creating environment hook '/home/icrs/icrsUR/install/ur_calibration/share/ur_calibration/hook/cmake_prefix_path.sh'
[3.675s] Level 1:colcon.colcon_core.environment:checking '/home/icrs/icrsUR/install/ur_calibration/lib'
[3.675s] Level 1:colcon.colcon_core.environment:checking '/home/icrs/icrsUR/install/ur_calibration/bin'
[3.675s] Level 1:colcon.colcon_core.environment:checking '/home/icrs/icrsUR/install/ur_calibration/lib/pkgconfig/ur_calibration.pc'
[3.675s] Level 1:colcon.colcon_core.environment:checking '/home/icrs/icrsUR/install/ur_calibration/lib/python3.10/site-packages'
[3.675s] Level 1:colcon.colcon_core.environment:checking '/home/icrs/icrsUR/install/ur_calibration/bin'
[3.676s] INFO:colcon.colcon_core.shell:Creating package script '/home/icrs/icrsUR/install/ur_calibration/share/ur_calibration/package.ps1'
[3.676s] INFO:colcon.colcon_core.shell:Creating package descriptor '/home/icrs/icrsUR/install/ur_calibration/share/ur_calibration/package.dsv'
[3.677s] INFO:colcon.colcon_core.shell:Creating package script '/home/icrs/icrsUR/install/ur_calibration/share/ur_calibration/package.sh'
[3.677s] INFO:colcon.colcon_core.shell:Creating package script '/home/icrs/icrsUR/install/ur_calibration/share/ur_calibration/package.bash'
[3.677s] INFO:colcon.colcon_core.shell:Creating package script '/home/icrs/icrsUR/install/ur_calibration/share/ur_calibration/package.zsh'
[3.678s] Level 1:colcon.colcon_core.environment:create_file_with_runtime_dependencies(/home/icrs/icrsUR/install/ur_calibration/share/colcon-core/packages/ur_calibration)
[3.707s] Level 1:colcon.colcon_core.environment:create_environment_scripts_only(ur_calibration)
[3.708s] Level 1:colcon.colcon_core.environment:checking '/home/icrs/icrsUR/install/ur_calibration' for CMake module files
[3.708s] Level 1:colcon.colcon_core.environment:checking '/home/icrs/icrsUR/install/ur_calibration' for CMake config files
[3.708s] Level 1:colcon.colcon_core.shell:create_environment_hook('ur_calibration', 'cmake_prefix_path')
[3.709s] INFO:colcon.colcon_core.shell:Creating environment hook '/home/icrs/icrsUR/install/ur_calibration/share/ur_calibration/hook/cmake_prefix_path.ps1'
[3.709s] INFO:colcon.colcon_core.shell:Creating environment descriptor '/home/icrs/icrsUR/install/ur_calibration/share/ur_calibration/hook/cmake_prefix_path.dsv'
[3.710s] INFO:colcon.colcon_core.shell:Creating environment hook '/home/icrs/icrsUR/install/ur_calibration/share/ur_calibration/hook/cmake_prefix_path.sh'
[3.710s] Level 1:colcon.colcon_core.environment:checking '/home/icrs/icrsUR/install/ur_calibration/lib'
[3.710s] Level 1:colcon.colcon_core.environment:checking '/home/icrs/icrsUR/install/ur_calibration/bin'
[3.710s] Level 1:colcon.colcon_core.environment:checking '/home/icrs/icrsUR/install/ur_calibration/lib/pkgconfig/ur_calibration.pc'
[3.710s] Level 1:colcon.colcon_core.environment:checking '/home/icrs/icrsUR/install/ur_calibration/lib/python3.10/site-packages'
[3.711s] Level 1:colcon.colcon_core.environment:checking '/home/icrs/icrsUR/install/ur_calibration/bin'
[3.711s] INFO:colcon.colcon_core.shell:Creating package script '/home/icrs/icrsUR/install/ur_calibration/share/ur_calibration/package.ps1'
[3.711s] INFO:colcon.colcon_core.shell:Creating package descriptor '/home/icrs/icrsUR/install/ur_calibration/share/ur_calibration/package.dsv'
[3.712s] INFO:colcon.colcon_core.shell:Creating package script '/home/icrs/icrsUR/install/ur_calibration/share/ur_calibration/package.sh'
[3.712s] INFO:colcon.colcon_core.shell:Creating package script '/home/icrs/icrsUR/install/ur_calibration/share/ur_calibration/package.bash'
[3.713s] INFO:colcon.colcon_core.shell:Creating package script '/home/icrs/icrsUR/install/ur_calibration/share/ur_calibration/package.zsh'
[3.713s] Level 1:colcon.colcon_core.environment:create_file_with_runtime_dependencies(/home/icrs/icrsUR/install/ur_calibration/share/colcon-core/packages/ur_calibration)
[3.714s] INFO:colcon.colcon_ros.task.ament_cmake.build:Building ROS package in '/home/icrs/icrsUR/src/Universal_Robots_ROS2_Driver/ur' with build type 'ament_cmake'
[3.714s] INFO:colcon.colcon_cmake.task.cmake.build:Building CMake package in '/home/icrs/icrsUR/src/Universal_Robots_ROS2_Driver/ur'
[3.714s] INFO:colcon.colcon_core.shell:Skip shell extension 'powershell' for command environment: Not usable outside of PowerShell
[3.714s] DEBUG:colcon.colcon_core.shell:Skip shell extension 'dsv' for command environment
[3.729s] DEBUG:colcon.colcon_core.event_handler.log_command:Invoking command in '/home/icrs/icrsUR/build/ur': AMENT_PREFIX_PATH=/home/icrs/icrsUR/install/ur_calibration:/home/icrs/icrsUR/install/ur_robot_driver:/home/icrs/icrsUR/install/ur_moveit_config:/home/icrs/icrsUR/install/ur_controllers:/home/icrs/icrsUR/install/ur_description:/home/icrs/icrsUR/install/ur_dashboard_msgs:${AMENT_PREFIX_PATH} CMAKE_PREFIX_PATH=/home/icrs/icrsUR/install/ur_calibration:/home/icrs/icrsUR/install/ur_robot_driver:/home/icrs/icrsUR/install/ur_moveit_config:/home/icrs/icrsUR/install/ur_controllers:/home/icrs/icrsUR/install/ur_description:/home/icrs/icrsUR/install/ur_dashboard_msgs:/opt/ros/humble LD_LIBRARY_PATH=/home/icrs/icrsUR/install/ur_robot_driver/lib:/home/icrs/icrsUR/install/ur_controllers/lib:/home/icrs/icrsUR/install/ur_dashboard_msgs/lib:${LD_LIBRARY_PATH} PATH=/home/icrs/icrsUR/install/ur_robot_driver/bin:${PATH} PYTHONPATH=/home/icrs/icrsUR/install/ur_robot_driver/local/lib/python3.10/dist-packages:/home/icrs/icrsUR/install/ur_moveit_config/local/lib/python3.10/dist-packages:/home/icrs/icrsUR/install/ur_dashboard_msgs/local/lib/python3.10/dist-packages:${PYTHONPATH} /usr/bin/cmake --build /home/icrs/icrsUR/build/ur -- -j8 -l8
[3.763s] DEBUG:colcon.colcon_core.event_handler.log_command:Invoked command in '/home/icrs/icrsUR/build/ur' returned '0': AMENT_PREFIX_PATH=/home/icrs/icrsUR/install/ur_calibration:/home/icrs/icrsUR/install/ur_robot_driver:/home/icrs/icrsUR/install/ur_moveit_config:/home/icrs/icrsUR/install/ur_controllers:/home/icrs/icrsUR/install/ur_description:/home/icrs/icrsUR/install/ur_dashboard_msgs:${AMENT_PREFIX_PATH} CMAKE_PREFIX_PATH=/home/icrs/icrsUR/install/ur_calibration:/home/icrs/icrsUR/install/ur_robot_driver:/home/icrs/icrsUR/install/ur_moveit_config:/home/icrs/icrsUR/install/ur_controllers:/home/icrs/icrsUR/install/ur_description:/home/icrs/icrsUR/install/ur_dashboard_msgs:/opt/ros/humble LD_LIBRARY_PATH=/home/icrs/icrsUR/install/ur_robot_driver/lib:/home/icrs/icrsUR/install/ur_controllers/lib:/home/icrs/icrsUR/install/ur_dashboard_msgs/lib:${LD_LIBRARY_PATH} PATH=/home/icrs/icrsUR/install/ur_robot_driver/bin:${PATH} PYTHONPATH=/home/icrs/icrsUR/install/ur_robot_driver/local/lib/python3.10/dist-packages:/home/icrs/icrsUR/install/ur_moveit_config/local/lib/python3.10/dist-packages:/home/icrs/icrsUR/install/ur_dashboard_msgs/local/lib/python3.10/dist-packages:${PYTHONPATH} /usr/bin/cmake --build /home/icrs/icrsUR/build/ur -- -j8 -l8
[3.782s] DEBUG:colcon.colcon_core.event_handler.log_command:Invoking command in '/home/icrs/icrsUR/build/ur': AMENT_PREFIX_PATH=/home/icrs/icrsUR/install/ur_calibration:/home/icrs/icrsUR/install/ur_robot_driver:/home/icrs/icrsUR/install/ur_moveit_config:/home/icrs/icrsUR/install/ur_controllers:/home/icrs/icrsUR/install/ur_description:/home/icrs/icrsUR/install/ur_dashboard_msgs:${AMENT_PREFIX_PATH} CMAKE_PREFIX_PATH=/home/icrs/icrsUR/install/ur_calibration:/home/icrs/icrsUR/install/ur_robot_driver:/home/icrs/icrsUR/install/ur_moveit_config:/home/icrs/icrsUR/install/ur_controllers:/home/icrs/icrsUR/install/ur_description:/home/icrs/icrsUR/install/ur_dashboard_msgs:/opt/ros/humble LD_LIBRARY_PATH=/home/icrs/icrsUR/install/ur_robot_driver/lib:/home/icrs/icrsUR/install/ur_controllers/lib:/home/icrs/icrsUR/install/ur_dashboard_msgs/lib:${LD_LIBRARY_PATH} PATH=/home/icrs/icrsUR/install/ur_robot_driver/bin:${PATH} PYTHONPATH=/home/icrs/icrsUR/install/ur_robot_driver/local/lib/python3.10/dist-packages:/home/icrs/icrsUR/install/ur_moveit_config/local/lib/python3.10/dist-packages:/home/icrs/icrsUR/install/ur_dashboard_msgs/local/lib/python3.10/dist-packages:${PYTHONPATH} /usr/bin/cmake --install /home/icrs/icrsUR/build/ur
[3.801s] Level 1:colcon.colcon_core.environment:create_environment_scripts_only(ur)
[3.801s] Level 1:colcon.colcon_core.environment:checking '/home/icrs/icrsUR/install/ur' for CMake module files
[3.802s] DEBUG:colcon.colcon_core.event_handler.log_command:Invoked command in '/home/icrs/icrsUR/build/ur' returned '0': AMENT_PREFIX_PATH=/home/icrs/icrsUR/install/ur_calibration:/home/icrs/icrsUR/install/ur_robot_driver:/home/icrs/icrsUR/install/ur_moveit_config:/home/icrs/icrsUR/install/ur_controllers:/home/icrs/icrsUR/install/ur_description:/home/icrs/icrsUR/install/ur_dashboard_msgs:${AMENT_PREFIX_PATH} CMAKE_PREFIX_PATH=/home/icrs/icrsUR/install/ur_calibration:/home/icrs/icrsUR/install/ur_robot_driver:/home/icrs/icrsUR/install/ur_moveit_config:/home/icrs/icrsUR/install/ur_controllers:/home/icrs/icrsUR/install/ur_description:/home/icrs/icrsUR/install/ur_dashboard_msgs:/opt/ros/humble LD_LIBRARY_PATH=/home/icrs/icrsUR/install/ur_robot_driver/lib:/home/icrs/icrsUR/install/ur_controllers/lib:/home/icrs/icrsUR/install/ur_dashboard_msgs/lib:${LD_LIBRARY_PATH} PATH=/home/icrs/icrsUR/install/ur_robot_driver/bin:${PATH} PYTHONPATH=/home/icrs/icrsUR/install/ur_robot_driver/local/lib/python3.10/dist-packages:/home/icrs/icrsUR/install/ur_moveit_config/local/lib/python3.10/dist-packages:/home/icrs/icrsUR/install/ur_dashboard_msgs/local/lib/python3.10/dist-packages:${PYTHONPATH} /usr/bin/cmake --install /home/icrs/icrsUR/build/ur
[3.802s] Level 1:colcon.colcon_core.environment:checking '/home/icrs/icrsUR/install/ur' for CMake config files
[3.802s] Level 1:colcon.colcon_core.shell:create_environment_hook('ur', 'cmake_prefix_path')
[3.803s] INFO:colcon.colcon_core.shell:Creating environment hook '/home/icrs/icrsUR/install/ur/share/ur/hook/cmake_prefix_path.ps1'
[3.803s] INFO:colcon.colcon_core.shell:Creating environment descriptor '/home/icrs/icrsUR/install/ur/share/ur/hook/cmake_prefix_path.dsv'
[3.803s] INFO:colcon.colcon_core.shell:Creating environment hook '/home/icrs/icrsUR/install/ur/share/ur/hook/cmake_prefix_path.sh'
[3.804s] Level 1:colcon.colcon_core.environment:checking '/home/icrs/icrsUR/install/ur/bin'
[3.804s] Level 1:colcon.colcon_core.environment:checking '/home/icrs/icrsUR/install/ur/lib/pkgconfig/ur.pc'
[3.804s] Level 1:colcon.colcon_core.environment:checking '/home/icrs/icrsUR/install/ur/lib/python3.10/site-packages'
[3.804s] Level 1:colcon.colcon_core.environment:checking '/home/icrs/icrsUR/install/ur/bin'
[3.805s] INFO:colcon.colcon_core.shell:Creating package script '/home/icrs/icrsUR/install/ur/share/ur/package.ps1'
[3.805s] INFO:colcon.colcon_core.shell:Creating package descriptor '/home/icrs/icrsUR/install/ur/share/ur/package.dsv'
[3.806s] INFO:colcon.colcon_core.shell:Creating package script '/home/icrs/icrsUR/install/ur/share/ur/package.sh'
[3.806s] INFO:colcon.colcon_core.shell:Creating package script '/home/icrs/icrsUR/install/ur/share/ur/package.bash'
[3.806s] INFO:colcon.colcon_core.shell:Creating package script '/home/icrs/icrsUR/install/ur/share/ur/package.zsh'
[3.807s] Level 1:colcon.colcon_core.environment:create_file_with_runtime_dependencies(/home/icrs/icrsUR/install/ur/share/colcon-core/packages/ur)
[3.824s] Level 1:colcon.colcon_core.environment:create_environment_scripts_only(ur)
[3.824s] Level 1:colcon.colcon_core.environment:checking '/home/icrs/icrsUR/install/ur' for CMake module files
[3.824s] Level 1:colcon.colcon_core.environment:checking '/home/icrs/icrsUR/install/ur' for CMake config files
[3.825s] Level 1:colcon.colcon_core.shell:create_environment_hook('ur', 'cmake_prefix_path')
[3.825s] INFO:colcon.colcon_core.shell:Creating environment hook '/home/icrs/icrsUR/install/ur/share/ur/hook/cmake_prefix_path.ps1'
[3.825s] INFO:colcon.colcon_core.shell:Creating environment descriptor '/home/icrs/icrsUR/install/ur/share/ur/hook/cmake_prefix_path.dsv'
[3.826s] INFO:colcon.colcon_core.shell:Creating environment hook '/home/icrs/icrsUR/install/ur/share/ur/hook/cmake_prefix_path.sh'
[3.826s] Level 1:colcon.colcon_core.environment:checking '/home/icrs/icrsUR/install/ur/bin'
[3.826s] Level 1:colcon.colcon_core.environment:checking '/home/icrs/icrsUR/install/ur/lib/pkgconfig/ur.pc'
[3.826s] Level 1:colcon.colcon_core.environment:checking '/home/icrs/icrsUR/install/ur/lib/python3.10/site-packages'
[3.827s] Level 1:colcon.colcon_core.environment:checking '/home/icrs/icrsUR/install/ur/bin'
[3.827s] INFO:colcon.colcon_core.shell:Creating package script '/home/icrs/icrsUR/install/ur/share/ur/package.ps1'
[3.828s] INFO:colcon.colcon_core.shell:Creating package descriptor '/home/icrs/icrsUR/install/ur/share/ur/package.dsv'
[3.828s] INFO:colcon.colcon_core.shell:Creating package script '/home/icrs/icrsUR/install/ur/share/ur/package.sh'
[3.828s] INFO:colcon.colcon_core.shell:Creating package script '/home/icrs/icrsUR/install/ur/share/ur/package.bash'
[3.829s] INFO:colcon.colcon_core.shell:Creating package script '/home/icrs/icrsUR/install/ur/share/ur/package.zsh'
[3.829s] Level 1:colcon.colcon_core.environment:create_file_with_runtime_dependencies(/home/icrs/icrsUR/install/ur/share/colcon-core/packages/ur)
[19.445s] DEBUG:colcon.colcon_core.event_handler.log_command:Invoked command in '/home/icrs/icrsUR/build/ur_mover' returned '0': AMENT_PREFIX_PATH=/home/icrs/icrsUR/install/ur_custom_interfaces:/home/icrs/icrsUR/install/interfaces_ur5ik:${AMENT_PREFIX_PATH} CMAKE_PREFIX_PATH=/home/icrs/icrsUR/install/ur_custom_interfaces:/home/icrs/icrsUR/install/interfaces_ur5ik:/opt/ros/humble LD_LIBRARY_PATH=/home/icrs/icrsUR/install/ur_custom_interfaces/lib:/home/icrs/icrsUR/install/interfaces_ur5ik/lib:${LD_LIBRARY_PATH} PYTHONPATH=/home/icrs/icrsUR/install/ur_custom_interfaces/local/lib/python3.10/dist-packages:/home/icrs/icrsUR/install/interfaces_ur5ik/local/lib/python3.10/dist-packages:${PYTHONPATH} /usr/bin/cmake --build /home/icrs/icrsUR/build/ur_mover -- -j8 -l8
[19.466s] DEBUG:colcon.colcon_core.event_handler.log_command:Invoking command in '/home/icrs/icrsUR/build/ur_mover': AMENT_PREFIX_PATH=/home/icrs/icrsUR/install/ur_custom_interfaces:/home/icrs/icrsUR/install/interfaces_ur5ik:${AMENT_PREFIX_PATH} CMAKE_PREFIX_PATH=/home/icrs/icrsUR/install/ur_custom_interfaces:/home/icrs/icrsUR/install/interfaces_ur5ik:/opt/ros/humble LD_LIBRARY_PATH=/home/icrs/icrsUR/install/ur_custom_interfaces/lib:/home/icrs/icrsUR/install/interfaces_ur5ik/lib:${LD_LIBRARY_PATH} PYTHONPATH=/home/icrs/icrsUR/install/ur_custom_interfaces/local/lib/python3.10/dist-packages:/home/icrs/icrsUR/install/interfaces_ur5ik/local/lib/python3.10/dist-packages:${PYTHONPATH} /usr/bin/cmake --install /home/icrs/icrsUR/build/ur_mover
[19.484s] Level 1:colcon.colcon_core.environment:create_environment_scripts_only(ur_mover)
[19.484s] Level 1:colcon.colcon_core.environment:checking '/home/icrs/icrsUR/install/ur_mover' for CMake module files
[19.484s] DEBUG:colcon.colcon_core.event_handler.log_command:Invoked command in '/home/icrs/icrsUR/build/ur_mover' returned '0': AMENT_PREFIX_PATH=/home/icrs/icrsUR/install/ur_custom_interfaces:/home/icrs/icrsUR/install/interfaces_ur5ik:${AMENT_PREFIX_PATH} CMAKE_PREFIX_PATH=/home/icrs/icrsUR/install/ur_custom_interfaces:/home/icrs/icrsUR/install/interfaces_ur5ik:/opt/ros/humble LD_LIBRARY_PATH=/home/icrs/icrsUR/install/ur_custom_interfaces/lib:/home/icrs/icrsUR/install/interfaces_ur5ik/lib:${LD_LIBRARY_PATH} PYTHONPATH=/home/icrs/icrsUR/install/ur_custom_interfaces/local/lib/python3.10/dist-packages:/home/icrs/icrsUR/install/interfaces_ur5ik/local/lib/python3.10/dist-packages:${PYTHONPATH} /usr/bin/cmake --install /home/icrs/icrsUR/build/ur_mover
[19.485s] Level 1:colcon.colcon_core.environment:checking '/home/icrs/icrsUR/install/ur_mover' for CMake config files
[19.485s] Level 1:colcon.colcon_core.shell:create_environment_hook('ur_mover', 'cmake_prefix_path')
[19.485s] INFO:colcon.colcon_core.shell:Creating environment hook '/home/icrs/icrsUR/install/ur_mover/share/ur_mover/hook/cmake_prefix_path.ps1'
[19.485s] INFO:colcon.colcon_core.shell:Creating environment descriptor '/home/icrs/icrsUR/install/ur_mover/share/ur_mover/hook/cmake_prefix_path.dsv'
[19.486s] INFO:colcon.colcon_core.shell:Creating environment hook '/home/icrs/icrsUR/install/ur_mover/share/ur_mover/hook/cmake_prefix_path.sh'
[19.486s] Level 1:colcon.colcon_core.environment:checking '/home/icrs/icrsUR/install/ur_mover/lib'
[19.486s] Level 1:colcon.colcon_core.environment:checking '/home/icrs/icrsUR/install/ur_mover/bin'
[19.486s] Level 1:colcon.colcon_core.environment:checking '/home/icrs/icrsUR/install/ur_mover/lib/pkgconfig/ur_mover.pc'
[19.486s] Level 1:colcon.colcon_core.environment:checking '/home/icrs/icrsUR/install/ur_mover/lib/python3.10/site-packages'
[19.487s] Level 1:colcon.colcon_core.environment:checking '/home/icrs/icrsUR/install/ur_mover/bin'
[19.487s] INFO:colcon.colcon_core.shell:Creating package script '/home/icrs/icrsUR/install/ur_mover/share/ur_mover/package.ps1'
[19.487s] INFO:colcon.colcon_core.shell:Creating package descriptor '/home/icrs/icrsUR/install/ur_mover/share/ur_mover/package.dsv'
[19.488s] INFO:colcon.colcon_core.shell:Creating package script '/home/icrs/icrsUR/install/ur_mover/share/ur_mover/package.sh'
[19.488s] INFO:colcon.colcon_core.shell:Creating package script '/home/icrs/icrsUR/install/ur_mover/share/ur_mover/package.bash'
[19.488s] INFO:colcon.colcon_core.shell:Creating package script '/home/icrs/icrsUR/install/ur_mover/share/ur_mover/package.zsh'
[19.488s] Level 1:colcon.colcon_core.environment:create_file_with_runtime_dependencies(/home/icrs/icrsUR/install/ur_mover/share/colcon-core/packages/ur_mover)
[19.510s] Level 1:colcon.colcon_core.environment:create_environment_scripts_only(ur_mover)
[19.510s] Level 1:colcon.colcon_core.environment:checking '/home/icrs/icrsUR/install/ur_mover' for CMake module files
[19.511s] Level 1:colcon.colcon_core.environment:checking '/home/icrs/icrsUR/install/ur_mover' for CMake config files
[19.511s] Level 1:colcon.colcon_core.shell:create_environment_hook('ur_mover', 'cmake_prefix_path')
[19.511s] INFO:colcon.colcon_core.shell:Creating environment hook '/home/icrs/icrsUR/install/ur_mover/share/ur_mover/hook/cmake_prefix_path.ps1'
[19.512s] INFO:colcon.colcon_core.shell:Creating environment descriptor '/home/icrs/icrsUR/install/ur_mover/share/ur_mover/hook/cmake_prefix_path.dsv'
[19.512s] INFO:colcon.colcon_core.shell:Creating environment hook '/home/icrs/icrsUR/install/ur_mover/share/ur_mover/hook/cmake_prefix_path.sh'
[19.513s] Level 1:colcon.colcon_core.environment:checking '/home/icrs/icrsUR/install/ur_mover/lib'
[19.513s] Level 1:colcon.colcon_core.environment:checking '/home/icrs/icrsUR/install/ur_mover/bin'
[19.513s] Level 1:colcon.colcon_core.environment:checking '/home/icrs/icrsUR/install/ur_mover/lib/pkgconfig/ur_mover.pc'
[19.514s] Level 1:colcon.colcon_core.environment:checking '/home/icrs/icrsUR/install/ur_mover/lib/python3.10/site-packages'
[19.514s] Level 1:colcon.colcon_core.environment:checking '/home/icrs/icrsUR/install/ur_mover/bin'
[19.514s] INFO:colcon.colcon_core.shell:Creating package script '/home/icrs/icrsUR/install/ur_mover/share/ur_mover/package.ps1'
[19.515s] INFO:colcon.colcon_core.shell:Creating package descriptor '/home/icrs/icrsUR/install/ur_mover/share/ur_mover/package.dsv'
[19.516s] INFO:colcon.colcon_core.shell:Creating package script '/home/icrs/icrsUR/install/ur_mover/share/ur_mover/package.sh'
[19.516s] INFO:colcon.colcon_core.shell:Creating package script '/home/icrs/icrsUR/install/ur_mover/share/ur_mover/package.bash'
[19.517s] INFO:colcon.colcon_core.shell:Creating package script '/home/icrs/icrsUR/install/ur_mover/share/ur_mover/package.zsh'
[19.517s] Level 1:colcon.colcon_core.environment:create_file_with_runtime_dependencies(/home/icrs/icrsUR/install/ur_mover/share/colcon-core/packages/ur_mover)
[19.518s] DEBUG:colcon.colcon_parallel_executor.executor.parallel:closing loop
[19.518s] DEBUG:colcon.colcon_parallel_executor.executor.parallel:loop closed
[19.518s] DEBUG:colcon.colcon_parallel_executor.executor.parallel:run_until_complete finished with '0'
[19.518s] DEBUG:colcon.colcon_core.event_reactor:joining thread
[19.523s] INFO:colcon.colcon_core.plugin_system:Skipping extension 'colcon_notification.desktop_notification.terminal_notifier': Not used on non-Darwin systems
[19.523s] INFO:colcon.colcon_core.plugin_system:Skipping extension 'colcon_notification.desktop_notification.win32': Not used on non-Windows systems
[19.523s] INFO:colcon.colcon_notification.desktop_notification:Sending desktop notification using 'notify2'
[19.535s] DEBUG:colcon.colcon_core.event_reactor:joined thread
[19.535s] INFO:colcon.colcon_core.shell:Creating prefix script '/home/icrs/icrsUR/install/local_setup.ps1'
[19.536s] INFO:colcon.colcon_core.shell:Creating prefix util module '/home/icrs/icrsUR/install/_local_setup_util_ps1.py'
[19.537s] INFO:colcon.colcon_core.shell:Creating prefix chain script '/home/icrs/icrsUR/install/setup.ps1'
[19.538s] INFO:colcon.colcon_core.shell:Creating prefix script '/home/icrs/icrsUR/install/local_setup.sh'
[19.539s] INFO:colcon.colcon_core.shell:Creating prefix util module '/home/icrs/icrsUR/install/_local_setup_util_sh.py'
[19.539s] INFO:colcon.colcon_core.shell:Creating prefix chain script '/home/icrs/icrsUR/install/setup.sh'
[19.540s] INFO:colcon.colcon_core.shell:Creating prefix script '/home/icrs/icrsUR/install/local_setup.bash'
[19.541s] INFO:colcon.colcon_core.shell:Creating prefix chain script '/home/icrs/icrsUR/install/setup.bash'
[19.541s] INFO:colcon.colcon_core.shell:Creating prefix script '/home/icrs/icrsUR/install/local_setup.zsh'
[19.542s] INFO:colcon.colcon_core.shell:Creating prefix chain script '/home/icrs/icrsUR/install/setup.zsh'
