[0.159s] DEBUG:colcon:Command line arguments: ['/usr/bin/colcon', 'build']
[0.159s] DEBUG:colcon:Parsed command line arguments: Namespace(log_base=None, log_level=None, verb_name='build', build_base='build', install_base='install', merge_install=False, symlink_install=False, test_result_base=None, continue_on_error=False, executor='parallel', parallel_workers=8, event_handlers=None, ignore_user_meta=False, metas=['./colcon.meta'], base_paths=['.'], packages_ignore=None, packages_ignore_regex=None, paths=None, packages_up_to=None, packages_up_to_regex=None, packages_above=None, packages_above_and_dependencies=None, packages_above_depth=None, packages_select_by_dep=None, packages_skip_by_dep=None, packages_skip_up_to=None, packages_select_build_failed=False, packages_skip_build_finished=False, packages_select_test_failures=False, packages_skip_test_passed=False, packages_select=None, packages_skip=None, packages_select_regex=None, packages_skip_regex=None, packages_start=None, packages_end=None, allow_overriding=[], cmake_args=None, cmake_target=None, cmake_target_skip_unavailable=False, cmake_clean_cache=False, cmake_clean_first=False, cmake_force_configure=False, ament_cmake_args=None, catkin_cmake_args=None, catkin_skip_building_tests=False, mixin_files=None, mixin=None, verb_parser=<colcon_mixin.mixin.mixin_argument.MixinArgumentDecorator object at 0x76dd2063f8b0>, verb_extension=<colcon_core.verb.build.BuildVerb object at 0x76dd2063f2b0>, main=<bound method BuildVerb.main of <colcon_core.verb.build.BuildVerb object at 0x76dd2063f2b0>>, mixin_verb=('build',))
[0.401s] Level 1:colcon.colcon_core.package_discovery:discover_packages(colcon_meta) check parameters
[0.401s] Level 1:colcon.colcon_core.package_discovery:discover_packages(recursive) check parameters
[0.401s] Level 1:colcon.colcon_core.package_discovery:discover_packages(ignore) check parameters
[0.401s] Level 1:colcon.colcon_core.package_discovery:discover_packages(path) check parameters
[0.401s] Level 1:colcon.colcon_core.package_discovery:discover_packages(colcon_meta) discover
[0.401s] Level 1:colcon.colcon_core.package_discovery:discover_packages(recursive) discover
[0.401s] INFO:colcon.colcon_core.package_discovery:Crawling recursively for packages in '/home/icrs/icrsUR'
[0.401s] Level 1:colcon.colcon_core.package_identification:_identify(.) by extensions ['ignore', 'ignore_ament_install']
[0.402s] Level 1:colcon.colcon_core.package_identification:_identify(.) by extension 'ignore'
[0.402s] Level 1:colcon.colcon_core.package_identification:_identify(.) by extension 'ignore_ament_install'
[0.402s] Level 1:colcon.colcon_core.package_identification:_identify(.) by extensions ['colcon_pkg']
[0.402s] Level 1:colcon.colcon_core.package_identification:_identify(.) by extension 'colcon_pkg'
[0.402s] Level 1:colcon.colcon_core.package_identification:_identify(.) by extensions ['colcon_meta']
[0.402s] Level 1:colcon.colcon_core.package_identification:_identify(.) by extension 'colcon_meta'
[0.402s] Level 1:colcon.colcon_core.package_identification:_identify(.) by extensions ['ros']
[0.402s] Level 1:colcon.colcon_core.package_identification:_identify(.) by extension 'ros'
[0.415s] Level 1:colcon.colcon_core.package_identification:_identify(.) by extensions ['cmake', 'python']
[0.415s] Level 1:colcon.colcon_core.package_identification:_identify(.) by extension 'cmake'
[0.415s] Level 1:colcon.colcon_core.package_identification:_identify(.) by extension 'python'
[0.415s] Level 1:colcon.colcon_core.package_identification:_identify(.) by extensions ['python_setup_py']
[0.415s] Level 1:colcon.colcon_core.package_identification:_identify(.) by extension 'python_setup_py'
[0.415s] Level 1:colcon.colcon_core.package_identification:_identify(build) by extensions ['ignore', 'ignore_ament_install']
[0.415s] Level 1:colcon.colcon_core.package_identification:_identify(build) by extension 'ignore'
[0.415s] Level 1:colcon.colcon_core.package_identification:_identify(build) ignored
[0.415s] Level 1:colcon.colcon_core.package_identification:_identify(install) by extensions ['ignore', 'ignore_ament_install']
[0.415s] Level 1:colcon.colcon_core.package_identification:_identify(install) by extension 'ignore'
[0.416s] Level 1:colcon.colcon_core.package_identification:_identify(install) ignored
[0.416s] Level 1:colcon.colcon_core.package_identification:_identify(log) by extensions ['ignore', 'ignore_ament_install']
[0.416s] Level 1:colcon.colcon_core.package_identification:_identify(log) by extension 'ignore'
[0.416s] Level 1:colcon.colcon_core.package_identification:_identify(log) ignored
[0.416s] Level 1:colcon.colcon_core.package_identification:_identify(src) by extensions ['ignore', 'ignore_ament_install']
[0.416s] Level 1:colcon.colcon_core.package_identification:_identify(src) by extension 'ignore'
[0.416s] Level 1:colcon.colcon_core.package_identification:_identify(src) by extension 'ignore_ament_install'
[0.416s] Level 1:colcon.colcon_core.package_identification:_identify(src) by extensions ['colcon_pkg']
[0.416s] Level 1:colcon.colcon_core.package_identification:_identify(src) by extension 'colcon_pkg'
[0.416s] Level 1:colcon.colcon_core.package_identification:_identify(src) by extensions ['colcon_meta']
[0.416s] Level 1:colcon.colcon_core.package_identification:_identify(src) by extension 'colcon_meta'
[0.416s] Level 1:colcon.colcon_core.package_identification:_identify(src) by extensions ['ros']
[0.416s] Level 1:colcon.colcon_core.package_identification:_identify(src) by extension 'ros'
[0.416s] Level 1:colcon.colcon_core.package_identification:_identify(src) by extensions ['cmake', 'python']
[0.416s] Level 1:colcon.colcon_core.package_identification:_identify(src) by extension 'cmake'
[0.417s] Level 1:colcon.colcon_core.package_identification:_identify(src) by extension 'python'
[0.417s] Level 1:colcon.colcon_core.package_identification:_identify(src) by extensions ['python_setup_py']
[0.417s] Level 1:colcon.colcon_core.package_identification:_identify(src) by extension 'python_setup_py'
[0.417s] Level 1:colcon.colcon_core.package_identification:_identify(src/Universal_Robots_ROS2_Description) by extensions ['ignore', 'ignore_ament_install']
[0.417s] Level 1:colcon.colcon_core.package_identification:_identify(src/Universal_Robots_ROS2_Description) by extension 'ignore'
[0.417s] Level 1:colcon.colcon_core.package_identification:_identify(src/Universal_Robots_ROS2_Description) by extension 'ignore_ament_install'
[0.417s] Level 1:colcon.colcon_core.package_identification:_identify(src/Universal_Robots_ROS2_Description) by extensions ['colcon_pkg']
[0.417s] Level 1:colcon.colcon_core.package_identification:_identify(src/Universal_Robots_ROS2_Description) by extension 'colcon_pkg'
[0.417s] Level 1:colcon.colcon_core.package_identification:_identify(src/Universal_Robots_ROS2_Description) by extensions ['colcon_meta']
[0.417s] Level 1:colcon.colcon_core.package_identification:_identify(src/Universal_Robots_ROS2_Description) by extension 'colcon_meta'
[0.417s] Level 1:colcon.colcon_core.package_identification:_identify(src/Universal_Robots_ROS2_Description) by extensions ['ros']
[0.417s] Level 1:colcon.colcon_core.package_identification:_identify(src/Universal_Robots_ROS2_Description) by extension 'ros'
[0.420s] DEBUG:colcon.colcon_core.package_identification:Package 'src/Universal_Robots_ROS2_Description' with type 'ros.ament_cmake' and name 'ur_description'
[0.420s] Level 1:colcon.colcon_core.package_identification:_identify(src/Universal_Robots_ROS2_Driver) by extensions ['ignore', 'ignore_ament_install']
[0.420s] Level 1:colcon.colcon_core.package_identification:_identify(src/Universal_Robots_ROS2_Driver) by extension 'ignore'
[0.420s] Level 1:colcon.colcon_core.package_identification:_identify(src/Universal_Robots_ROS2_Driver) by extension 'ignore_ament_install'
[0.420s] Level 1:colcon.colcon_core.package_identification:_identify(src/Universal_Robots_ROS2_Driver) by extensions ['colcon_pkg']
[0.420s] Level 1:colcon.colcon_core.package_identification:_identify(src/Universal_Robots_ROS2_Driver) by extension 'colcon_pkg'
[0.420s] Level 1:colcon.colcon_core.package_identification:_identify(src/Universal_Robots_ROS2_Driver) by extensions ['colcon_meta']
[0.421s] Level 1:colcon.colcon_core.package_identification:_identify(src/Universal_Robots_ROS2_Driver) by extension 'colcon_meta'
[0.421s] Level 1:colcon.colcon_core.package_identification:_identify(src/Universal_Robots_ROS2_Driver) by extensions ['ros']
[0.421s] Level 1:colcon.colcon_core.package_identification:_identify(src/Universal_Robots_ROS2_Driver) by extension 'ros'
[0.421s] Level 1:colcon.colcon_core.package_identification:_identify(src/Universal_Robots_ROS2_Driver) by extensions ['cmake', 'python']
[0.421s] Level 1:colcon.colcon_core.package_identification:_identify(src/Universal_Robots_ROS2_Driver) by extension 'cmake'
[0.421s] Level 1:colcon.colcon_core.package_identification:_identify(src/Universal_Robots_ROS2_Driver) by extension 'python'
[0.421s] Level 1:colcon.colcon_core.package_identification:_identify(src/Universal_Robots_ROS2_Driver) by extensions ['python_setup_py']
[0.421s] Level 1:colcon.colcon_core.package_identification:_identify(src/Universal_Robots_ROS2_Driver) by extension 'python_setup_py'
[0.421s] Level 1:colcon.colcon_core.package_identification:_identify(src/Universal_Robots_ROS2_Driver/ur) by extensions ['ignore', 'ignore_ament_install']
[0.421s] Level 1:colcon.colcon_core.package_identification:_identify(src/Universal_Robots_ROS2_Driver/ur) by extension 'ignore'
[0.421s] Level 1:colcon.colcon_core.package_identification:_identify(src/Universal_Robots_ROS2_Driver/ur) by extension 'ignore_ament_install'
[0.421s] Level 1:colcon.colcon_core.package_identification:_identify(src/Universal_Robots_ROS2_Driver/ur) by extensions ['colcon_pkg']
[0.421s] Level 1:colcon.colcon_core.package_identification:_identify(src/Universal_Robots_ROS2_Driver/ur) by extension 'colcon_pkg'
[0.421s] Level 1:colcon.colcon_core.package_identification:_identify(src/Universal_Robots_ROS2_Driver/ur) by extensions ['colcon_meta']
[0.421s] Level 1:colcon.colcon_core.package_identification:_identify(src/Universal_Robots_ROS2_Driver/ur) by extension 'colcon_meta'
[0.421s] Level 1:colcon.colcon_core.package_identification:_identify(src/Universal_Robots_ROS2_Driver/ur) by extensions ['ros']
[0.421s] Level 1:colcon.colcon_core.package_identification:_identify(src/Universal_Robots_ROS2_Driver/ur) by extension 'ros'
[0.422s] DEBUG:colcon.colcon_core.package_identification:Package 'src/Universal_Robots_ROS2_Driver/ur' with type 'ros.ament_cmake' and name 'ur'
[0.422s] Level 1:colcon.colcon_core.package_identification:_identify(src/Universal_Robots_ROS2_Driver/ur_bringup) by extensions ['ignore', 'ignore_ament_install']
[0.422s] Level 1:colcon.colcon_core.package_identification:_identify(src/Universal_Robots_ROS2_Driver/ur_bringup) by extension 'ignore'
[0.422s] Level 1:colcon.colcon_core.package_identification:_identify(src/Universal_Robots_ROS2_Driver/ur_bringup) by extension 'ignore_ament_install'
[0.422s] Level 1:colcon.colcon_core.package_identification:_identify(src/Universal_Robots_ROS2_Driver/ur_bringup) by extensions ['colcon_pkg']
[0.422s] Level 1:colcon.colcon_core.package_identification:_identify(src/Universal_Robots_ROS2_Driver/ur_bringup) by extension 'colcon_pkg'
[0.422s] Level 1:colcon.colcon_core.package_identification:_identify(src/Universal_Robots_ROS2_Driver/ur_bringup) by extensions ['colcon_meta']
[0.422s] Level 1:colcon.colcon_core.package_identification:_identify(src/Universal_Robots_ROS2_Driver/ur_bringup) by extension 'colcon_meta'
[0.423s] Level 1:colcon.colcon_core.package_identification:_identify(src/Universal_Robots_ROS2_Driver/ur_bringup) by extensions ['ros']
[0.423s] Level 1:colcon.colcon_core.package_identification:_identify(src/Universal_Robots_ROS2_Driver/ur_bringup) by extension 'ros'
[0.425s] DEBUG:colcon.colcon_core.package_identification:Package 'src/Universal_Robots_ROS2_Driver/ur_bringup' with type 'ros.ament_cmake' and name 'ur_bringup'
[0.425s] Level 1:colcon.colcon_core.package_identification:_identify(src/Universal_Robots_ROS2_Driver/ur_calibration) by extensions ['ignore', 'ignore_ament_install']
[0.425s] Level 1:colcon.colcon_core.package_identification:_identify(src/Universal_Robots_ROS2_Driver/ur_calibration) by extension 'ignore'
[0.425s] Level 1:colcon.colcon_core.package_identification:_identify(src/Universal_Robots_ROS2_Driver/ur_calibration) by extension 'ignore_ament_install'
[0.425s] Level 1:colcon.colcon_core.package_identification:_identify(src/Universal_Robots_ROS2_Driver/ur_calibration) by extensions ['colcon_pkg']
[0.425s] Level 1:colcon.colcon_core.package_identification:_identify(src/Universal_Robots_ROS2_Driver/ur_calibration) by extension 'colcon_pkg'
[0.425s] Level 1:colcon.colcon_core.package_identification:_identify(src/Universal_Robots_ROS2_Driver/ur_calibration) by extensions ['colcon_meta']
[0.425s] Level 1:colcon.colcon_core.package_identification:_identify(src/Universal_Robots_ROS2_Driver/ur_calibration) by extension 'colcon_meta'
[0.425s] Level 1:colcon.colcon_core.package_identification:_identify(src/Universal_Robots_ROS2_Driver/ur_calibration) by extensions ['ros']
[0.425s] Level 1:colcon.colcon_core.package_identification:_identify(src/Universal_Robots_ROS2_Driver/ur_calibration) by extension 'ros'
[0.426s] DEBUG:colcon.colcon_core.package_identification:Package 'src/Universal_Robots_ROS2_Driver/ur_calibration' with type 'ros.ament_cmake' and name 'ur_calibration'
[0.426s] Level 1:colcon.colcon_core.package_identification:_identify(src/Universal_Robots_ROS2_Driver/ur_controllers) by extensions ['ignore', 'ignore_ament_install']
[0.426s] Level 1:colcon.colcon_core.package_identification:_identify(src/Universal_Robots_ROS2_Driver/ur_controllers) by extension 'ignore'
[0.427s] Level 1:colcon.colcon_core.package_identification:_identify(src/Universal_Robots_ROS2_Driver/ur_controllers) by extension 'ignore_ament_install'
[0.427s] Level 1:colcon.colcon_core.package_identification:_identify(src/Universal_Robots_ROS2_Driver/ur_controllers) by extensions ['colcon_pkg']
[0.427s] Level 1:colcon.colcon_core.package_identification:_identify(src/Universal_Robots_ROS2_Driver/ur_controllers) by extension 'colcon_pkg'
[0.427s] Level 1:colcon.colcon_core.package_identification:_identify(src/Universal_Robots_ROS2_Driver/ur_controllers) by extensions ['colcon_meta']
[0.427s] Level 1:colcon.colcon_core.package_identification:_identify(src/Universal_Robots_ROS2_Driver/ur_controllers) by extension 'colcon_meta'
[0.427s] Level 1:colcon.colcon_core.package_identification:_identify(src/Universal_Robots_ROS2_Driver/ur_controllers) by extensions ['ros']
[0.427s] Level 1:colcon.colcon_core.package_identification:_identify(src/Universal_Robots_ROS2_Driver/ur_controllers) by extension 'ros'
[0.428s] DEBUG:colcon.colcon_core.package_identification:Package 'src/Universal_Robots_ROS2_Driver/ur_controllers' with type 'ros.ament_cmake' and name 'ur_controllers'
[0.428s] Level 1:colcon.colcon_core.package_identification:_identify(src/Universal_Robots_ROS2_Driver/ur_dashboard_msgs) by extensions ['ignore', 'ignore_ament_install']
[0.428s] Level 1:colcon.colcon_core.package_identification:_identify(src/Universal_Robots_ROS2_Driver/ur_dashboard_msgs) by extension 'ignore'
[0.429s] Level 1:colcon.colcon_core.package_identification:_identify(src/Universal_Robots_ROS2_Driver/ur_dashboard_msgs) by extension 'ignore_ament_install'
[0.429s] Level 1:colcon.colcon_core.package_identification:_identify(src/Universal_Robots_ROS2_Driver/ur_dashboard_msgs) by extensions ['colcon_pkg']
[0.429s] Level 1:colcon.colcon_core.package_identification:_identify(src/Universal_Robots_ROS2_Driver/ur_dashboard_msgs) by extension 'colcon_pkg'
[0.429s] Level 1:colcon.colcon_core.package_identification:_identify(src/Universal_Robots_ROS2_Driver/ur_dashboard_msgs) by extensions ['colcon_meta']
[0.429s] Level 1:colcon.colcon_core.package_identification:_identify(src/Universal_Robots_ROS2_Driver/ur_dashboard_msgs) by extension 'colcon_meta'
[0.429s] Level 1:colcon.colcon_core.package_identification:_identify(src/Universal_Robots_ROS2_Driver/ur_dashboard_msgs) by extensions ['ros']
[0.429s] Level 1:colcon.colcon_core.package_identification:_identify(src/Universal_Robots_ROS2_Driver/ur_dashboard_msgs) by extension 'ros'
[0.443s] DEBUG:colcon.colcon_core.package_identification:Package 'src/Universal_Robots_ROS2_Driver/ur_dashboard_msgs' with type 'ros.ament_cmake' and name 'ur_dashboard_msgs'
[0.443s] Level 1:colcon.colcon_core.package_identification:_identify(src/Universal_Robots_ROS2_Driver/ur_moveit_config) by extensions ['ignore', 'ignore_ament_install']
[0.443s] Level 1:colcon.colcon_core.package_identification:_identify(src/Universal_Robots_ROS2_Driver/ur_moveit_config) by extension 'ignore'
[0.443s] Level 1:colcon.colcon_core.package_identification:_identify(src/Universal_Robots_ROS2_Driver/ur_moveit_config) by extension 'ignore_ament_install'
[0.443s] Level 1:colcon.colcon_core.package_identification:_identify(src/Universal_Robots_ROS2_Driver/ur_moveit_config) by extensions ['colcon_pkg']
[0.443s] Level 1:colcon.colcon_core.package_identification:_identify(src/Universal_Robots_ROS2_Driver/ur_moveit_config) by extension 'colcon_pkg'
[0.443s] Level 1:colcon.colcon_core.package_identification:_identify(src/Universal_Robots_ROS2_Driver/ur_moveit_config) by extensions ['colcon_meta']
[0.443s] Level 1:colcon.colcon_core.package_identification:_identify(src/Universal_Robots_ROS2_Driver/ur_moveit_config) by extension 'colcon_meta'
[0.444s] Level 1:colcon.colcon_core.package_identification:_identify(src/Universal_Robots_ROS2_Driver/ur_moveit_config) by extensions ['ros']
[0.444s] Level 1:colcon.colcon_core.package_identification:_identify(src/Universal_Robots_ROS2_Driver/ur_moveit_config) by extension 'ros'
[0.444s] DEBUG:colcon.colcon_core.package_identification:Package 'src/Universal_Robots_ROS2_Driver/ur_moveit_config' with type 'ros.ament_cmake' and name 'ur_moveit_config'
[0.445s] Level 1:colcon.colcon_core.package_identification:_identify(src/Universal_Robots_ROS2_Driver/ur_robot_driver) by extensions ['ignore', 'ignore_ament_install']
[0.445s] Level 1:colcon.colcon_core.package_identification:_identify(src/Universal_Robots_ROS2_Driver/ur_robot_driver) by extension 'ignore'
[0.445s] Level 1:colcon.colcon_core.package_identification:_identify(src/Universal_Robots_ROS2_Driver/ur_robot_driver) by extension 'ignore_ament_install'
[0.445s] Level 1:colcon.colcon_core.package_identification:_identify(src/Universal_Robots_ROS2_Driver/ur_robot_driver) by extensions ['colcon_pkg']
[0.445s] Level 1:colcon.colcon_core.package_identification:_identify(src/Universal_Robots_ROS2_Driver/ur_robot_driver) by extension 'colcon_pkg'
[0.445s] Level 1:colcon.colcon_core.package_identification:_identify(src/Universal_Robots_ROS2_Driver/ur_robot_driver) by extensions ['colcon_meta']
[0.445s] Level 1:colcon.colcon_core.package_identification:_identify(src/Universal_Robots_ROS2_Driver/ur_robot_driver) by extension 'colcon_meta'
[0.445s] Level 1:colcon.colcon_core.package_identification:_identify(src/Universal_Robots_ROS2_Driver/ur_robot_driver) by extensions ['ros']
[0.445s] Level 1:colcon.colcon_core.package_identification:_identify(src/Universal_Robots_ROS2_Driver/ur_robot_driver) by extension 'ros'
[0.448s] DEBUG:colcon.colcon_core.package_identification:Package 'src/Universal_Robots_ROS2_Driver/ur_robot_driver' with type 'ros.ament_cmake' and name 'ur_robot_driver'
[0.448s] Level 1:colcon.colcon_core.package_identification:_identify(src/camera_control) by extensions ['ignore', 'ignore_ament_install']
[0.448s] Level 1:colcon.colcon_core.package_identification:_identify(src/camera_control) by extension 'ignore'
[0.448s] Level 1:colcon.colcon_core.package_identification:_identify(src/camera_control) by extension 'ignore_ament_install'
[0.448s] Level 1:colcon.colcon_core.package_identification:_identify(src/camera_control) by extensions ['colcon_pkg']
[0.448s] Level 1:colcon.colcon_core.package_identification:_identify(src/camera_control) by extension 'colcon_pkg'
[0.448s] Level 1:colcon.colcon_core.package_identification:_identify(src/camera_control) by extensions ['colcon_meta']
[0.448s] Level 1:colcon.colcon_core.package_identification:_identify(src/camera_control) by extension 'colcon_meta'
[0.448s] Level 1:colcon.colcon_core.package_identification:_identify(src/camera_control) by extensions ['ros']
[0.448s] Level 1:colcon.colcon_core.package_identification:_identify(src/camera_control) by extension 'ros'
[0.449s] DEBUG:colcon.colcon_core.package_identification:Package 'src/camera_control' with type 'ros.ament_python' and name 'camera_control'
[0.449s] Level 1:colcon.colcon_core.package_identification:_identify(src/gripper_control) by extensions ['ignore', 'ignore_ament_install']
[0.449s] Level 1:colcon.colcon_core.package_identification:_identify(src/gripper_control) by extension 'ignore'
[0.450s] Level 1:colcon.colcon_core.package_identification:_identify(src/gripper_control) by extension 'ignore_ament_install'
[0.450s] Level 1:colcon.colcon_core.package_identification:_identify(src/gripper_control) by extensions ['colcon_pkg']
[0.450s] Level 1:colcon.colcon_core.package_identification:_identify(src/gripper_control) by extension 'colcon_pkg'
[0.450s] Level 1:colcon.colcon_core.package_identification:_identify(src/gripper_control) by extensions ['colcon_meta']
[0.450s] Level 1:colcon.colcon_core.package_identification:_identify(src/gripper_control) by extension 'colcon_meta'
[0.450s] Level 1:colcon.colcon_core.package_identification:_identify(src/gripper_control) by extensions ['ros']
[0.450s] Level 1:colcon.colcon_core.package_identification:_identify(src/gripper_control) by extension 'ros'
[0.450s] DEBUG:colcon.colcon_core.package_identification:Package 'src/gripper_control' with type 'ros.ament_python' and name 'gripper_control'
[0.451s] Level 1:colcon.colcon_core.package_identification:_identify(src/interfaces_ur5ik) by extensions ['ignore', 'ignore_ament_install']
[0.451s] Level 1:colcon.colcon_core.package_identification:_identify(src/interfaces_ur5ik) by extension 'ignore'
[0.451s] Level 1:colcon.colcon_core.package_identification:_identify(src/interfaces_ur5ik) by extension 'ignore_ament_install'
[0.451s] Level 1:colcon.colcon_core.package_identification:_identify(src/interfaces_ur5ik) by extensions ['colcon_pkg']
[0.451s] Level 1:colcon.colcon_core.package_identification:_identify(src/interfaces_ur5ik) by extension 'colcon_pkg'
[0.451s] Level 1:colcon.colcon_core.package_identification:_identify(src/interfaces_ur5ik) by extensions ['colcon_meta']
[0.451s] Level 1:colcon.colcon_core.package_identification:_identify(src/interfaces_ur5ik) by extension 'colcon_meta'
[0.451s] Level 1:colcon.colcon_core.package_identification:_identify(src/interfaces_ur5ik) by extensions ['ros']
[0.451s] Level 1:colcon.colcon_core.package_identification:_identify(src/interfaces_ur5ik) by extension 'ros'
[0.452s] DEBUG:colcon.colcon_core.package_identification:Package 'src/interfaces_ur5ik' with type 'ros.ament_cmake' and name 'interfaces_ur5ik'
[0.452s] Level 1:colcon.colcon_core.package_identification:_identify(src/robotiq_description) by extensions ['ignore', 'ignore_ament_install']
[0.452s] Level 1:colcon.colcon_core.package_identification:_identify(src/robotiq_description) by extension 'ignore'
[0.452s] Level 1:colcon.colcon_core.package_identification:_identify(src/robotiq_description) by extension 'ignore_ament_install'
[0.452s] Level 1:colcon.colcon_core.package_identification:_identify(src/robotiq_description) by extensions ['colcon_pkg']
[0.452s] Level 1:colcon.colcon_core.package_identification:_identify(src/robotiq_description) by extension 'colcon_pkg'
[0.452s] Level 1:colcon.colcon_core.package_identification:_identify(src/robotiq_description) by extensions ['colcon_meta']
[0.452s] Level 1:colcon.colcon_core.package_identification:_identify(src/robotiq_description) by extension 'colcon_meta'
[0.452s] Level 1:colcon.colcon_core.package_identification:_identify(src/robotiq_description) by extensions ['ros']
[0.452s] Level 1:colcon.colcon_core.package_identification:_identify(src/robotiq_description) by extension 'ros'
[0.453s] DEBUG:colcon.colcon_core.package_identification:Package 'src/robotiq_description' with type 'ros.ament_cmake' and name 'robotiq_description'
[0.453s] Level 1:colcon.colcon_core.package_identification:_identify(src/service_ur5ik) by extensions ['ignore', 'ignore_ament_install']
[0.453s] Level 1:colcon.colcon_core.package_identification:_identify(src/service_ur5ik) by extension 'ignore'
[0.453s] Level 1:colcon.colcon_core.package_identification:_identify(src/service_ur5ik) by extension 'ignore_ament_install'
[0.453s] Level 1:colcon.colcon_core.package_identification:_identify(src/service_ur5ik) by extensions ['colcon_pkg']
[0.453s] Level 1:colcon.colcon_core.package_identification:_identify(src/service_ur5ik) by extension 'colcon_pkg'
[0.453s] Level 1:colcon.colcon_core.package_identification:_identify(src/service_ur5ik) by extensions ['colcon_meta']
[0.453s] Level 1:colcon.colcon_core.package_identification:_identify(src/service_ur5ik) by extension 'colcon_meta'
[0.453s] Level 1:colcon.colcon_core.package_identification:_identify(src/service_ur5ik) by extensions ['ros']
[0.453s] Level 1:colcon.colcon_core.package_identification:_identify(src/service_ur5ik) by extension 'ros'
[0.454s] DEBUG:colcon.colcon_core.package_identification:Package 'src/service_ur5ik' with type 'ros.ament_cmake' and name 'service_ur5ik'
[0.455s] Level 1:colcon.colcon_core.package_identification:_identify(src/ur_custom_interfaces) by extensions ['ignore', 'ignore_ament_install']
[0.455s] Level 1:colcon.colcon_core.package_identification:_identify(src/ur_custom_interfaces) by extension 'ignore'
[0.455s] Level 1:colcon.colcon_core.package_identification:_identify(src/ur_custom_interfaces) by extension 'ignore_ament_install'
[0.455s] Level 1:colcon.colcon_core.package_identification:_identify(src/ur_custom_interfaces) by extensions ['colcon_pkg']
[0.455s] Level 1:colcon.colcon_core.package_identification:_identify(src/ur_custom_interfaces) by extension 'colcon_pkg'
[0.455s] Level 1:colcon.colcon_core.package_identification:_identify(src/ur_custom_interfaces) by extensions ['colcon_meta']
[0.455s] Level 1:colcon.colcon_core.package_identification:_identify(src/ur_custom_interfaces) by extension 'colcon_meta'
[0.455s] Level 1:colcon.colcon_core.package_identification:_identify(src/ur_custom_interfaces) by extensions ['ros']
[0.455s] Level 1:colcon.colcon_core.package_identification:_identify(src/ur_custom_interfaces) by extension 'ros'
[0.456s] DEBUG:colcon.colcon_core.package_identification:Package 'src/ur_custom_interfaces' with type 'ros.ament_cmake' and name 'ur_custom_interfaces'
[0.456s] Level 1:colcon.colcon_core.package_identification:_identify(src/ur_mover) by extensions ['ignore', 'ignore_ament_install']
[0.456s] Level 1:colcon.colcon_core.package_identification:_identify(src/ur_mover) by extension 'ignore'
[0.456s] Level 1:colcon.colcon_core.package_identification:_identify(src/ur_mover) by extension 'ignore_ament_install'
[0.456s] Level 1:colcon.colcon_core.package_identification:_identify(src/ur_mover) by extensions ['colcon_pkg']
[0.456s] Level 1:colcon.colcon_core.package_identification:_identify(src/ur_mover) by extension 'colcon_pkg'
[0.456s] Level 1:colcon.colcon_core.package_identification:_identify(src/ur_mover) by extensions ['colcon_meta']
[0.456s] Level 1:colcon.colcon_core.package_identification:_identify(src/ur_mover) by extension 'colcon_meta'
[0.456s] Level 1:colcon.colcon_core.package_identification:_identify(src/ur_mover) by extensions ['ros']
[0.456s] Level 1:colcon.colcon_core.package_identification:_identify(src/ur_mover) by extension 'ros'
[0.457s] DEBUG:colcon.colcon_core.package_identification:Package 'src/ur_mover' with type 'ros.ament_cmake' and name 'ur_mover'
[0.457s] Level 1:colcon.colcon_core.package_discovery:discover_packages(recursive) using defaults
[0.457s] Level 1:colcon.colcon_core.package_discovery:discover_packages(ignore) discover
[0.457s] Level 1:colcon.colcon_core.package_discovery:discover_packages(ignore) using defaults
[0.457s] Level 1:colcon.colcon_core.package_discovery:discover_packages(path) discover
[0.457s] Level 1:colcon.colcon_core.package_discovery:discover_packages(path) using defaults
[0.486s] Level 1:colcon.colcon_core.package_discovery:discover_packages(prefix_path) check parameters
[0.486s] Level 1:colcon.colcon_core.package_discovery:discover_packages(prefix_path) discover
[0.489s] DEBUG:colcon.colcon_installed_package_information.package_discovery:Found 19 installed packages in /home/icrs/icrsUR/install
[0.490s] DEBUG:colcon.colcon_installed_package_information.package_discovery:Found 330 installed packages in /opt/ros/humble
[0.492s] Level 1:colcon.colcon_core.package_discovery:discover_packages(prefix_path) using defaults
[0.544s] Level 5:colcon.colcon_core.verb:set package 'gripper_control' build argument 'cmake_args' from command line to 'None'
[0.544s] Level 5:colcon.colcon_core.verb:set package 'gripper_control' build argument 'cmake_target' from command line to 'None'
[0.544s] Level 5:colcon.colcon_core.verb:set package 'gripper_control' build argument 'cmake_target_skip_unavailable' from command line to 'False'
[0.544s] Level 5:colcon.colcon_core.verb:set package 'gripper_control' build argument 'cmake_clean_cache' from command line to 'False'
[0.544s] Level 5:colcon.colcon_core.verb:set package 'gripper_control' build argument 'cmake_clean_first' from command line to 'False'
[0.544s] Level 5:colcon.colcon_core.verb:set package 'gripper_control' build argument 'cmake_force_configure' from command line to 'False'
[0.544s] Level 5:colcon.colcon_core.verb:set package 'gripper_control' build argument 'ament_cmake_args' from command line to 'None'
[0.544s] Level 5:colcon.colcon_core.verb:set package 'gripper_control' build argument 'catkin_cmake_args' from command line to 'None'
[0.544s] Level 5:colcon.colcon_core.verb:set package 'gripper_control' build argument 'catkin_skip_building_tests' from command line to 'False'
[0.544s] DEBUG:colcon.colcon_core.verb:Building package 'gripper_control' with the following arguments: {'ament_cmake_args': None, 'build_base': '/home/icrs/icrsUR/build/gripper_control', 'catkin_cmake_args': None, 'catkin_skip_building_tests': False, 'cmake_args': None, 'cmake_clean_cache': False, 'cmake_clean_first': False, 'cmake_force_configure': False, 'cmake_target': None, 'cmake_target_skip_unavailable': False, 'install_base': '/home/icrs/icrsUR/install/gripper_control', 'merge_install': False, 'path': '/home/icrs/icrsUR/src/gripper_control', 'symlink_install': False, 'test_result_base': None}
[0.544s] Level 5:colcon.colcon_core.verb:set package 'interfaces_ur5ik' build argument 'cmake_args' from command line to 'None'
[0.544s] Level 5:colcon.colcon_core.verb:set package 'interfaces_ur5ik' build argument 'cmake_target' from command line to 'None'
[0.544s] Level 5:colcon.colcon_core.verb:set package 'interfaces_ur5ik' build argument 'cmake_target_skip_unavailable' from command line to 'False'
[0.544s] Level 5:colcon.colcon_core.verb:set package 'interfaces_ur5ik' build argument 'cmake_clean_cache' from command line to 'False'
[0.544s] Level 5:colcon.colcon_core.verb:set package 'interfaces_ur5ik' build argument 'cmake_clean_first' from command line to 'False'
[0.545s] Level 5:colcon.colcon_core.verb:set package 'interfaces_ur5ik' build argument 'cmake_force_configure' from command line to 'False'
[0.545s] Level 5:colcon.colcon_core.verb:set package 'interfaces_ur5ik' build argument 'ament_cmake_args' from command line to 'None'
[0.545s] Level 5:colcon.colcon_core.verb:set package 'interfaces_ur5ik' build argument 'catkin_cmake_args' from command line to 'None'
[0.545s] Level 5:colcon.colcon_core.verb:set package 'interfaces_ur5ik' build argument 'catkin_skip_building_tests' from command line to 'False'
[0.545s] DEBUG:colcon.colcon_core.verb:Building package 'interfaces_ur5ik' with the following arguments: {'ament_cmake_args': None, 'build_base': '/home/icrs/icrsUR/build/interfaces_ur5ik', 'catkin_cmake_args': None, 'catkin_skip_building_tests': False, 'cmake_args': None, 'cmake_clean_cache': False, 'cmake_clean_first': False, 'cmake_force_configure': False, 'cmake_target': None, 'cmake_target_skip_unavailable': False, 'install_base': '/home/icrs/icrsUR/install/interfaces_ur5ik', 'merge_install': False, 'path': '/home/icrs/icrsUR/src/interfaces_ur5ik', 'symlink_install': False, 'test_result_base': None}
[0.545s] Level 5:colcon.colcon_core.verb:set package 'robotiq_description' build argument 'cmake_args' from command line to 'None'
[0.545s] Level 5:colcon.colcon_core.verb:set package 'robotiq_description' build argument 'cmake_target' from command line to 'None'
[0.545s] Level 5:colcon.colcon_core.verb:set package 'robotiq_description' build argument 'cmake_target_skip_unavailable' from command line to 'False'
[0.545s] Level 5:colcon.colcon_core.verb:set package 'robotiq_description' build argument 'cmake_clean_cache' from command line to 'False'
[0.545s] Level 5:colcon.colcon_core.verb:set package 'robotiq_description' build argument 'cmake_clean_first' from command line to 'False'
[0.545s] Level 5:colcon.colcon_core.verb:set package 'robotiq_description' build argument 'cmake_force_configure' from command line to 'False'
[0.545s] Level 5:colcon.colcon_core.verb:set package 'robotiq_description' build argument 'ament_cmake_args' from command line to 'None'
[0.545s] Level 5:colcon.colcon_core.verb:set package 'robotiq_description' build argument 'catkin_cmake_args' from command line to 'None'
[0.545s] Level 5:colcon.colcon_core.verb:set package 'robotiq_description' build argument 'catkin_skip_building_tests' from command line to 'False'
[0.545s] DEBUG:colcon.colcon_core.verb:Building package 'robotiq_description' with the following arguments: {'ament_cmake_args': None, 'build_base': '/home/icrs/icrsUR/build/robotiq_description', 'catkin_cmake_args': None, 'catkin_skip_building_tests': False, 'cmake_args': None, 'cmake_clean_cache': False, 'cmake_clean_first': False, 'cmake_force_configure': False, 'cmake_target': None, 'cmake_target_skip_unavailable': False, 'install_base': '/home/icrs/icrsUR/install/robotiq_description', 'merge_install': False, 'path': '/home/icrs/icrsUR/src/robotiq_description', 'symlink_install': False, 'test_result_base': None}
[0.546s] Level 5:colcon.colcon_core.verb:set package 'ur_custom_interfaces' build argument 'cmake_args' from command line to 'None'
[0.546s] Level 5:colcon.colcon_core.verb:set package 'ur_custom_interfaces' build argument 'cmake_target' from command line to 'None'
[0.546s] Level 5:colcon.colcon_core.verb:set package 'ur_custom_interfaces' build argument 'cmake_target_skip_unavailable' from command line to 'False'
[0.546s] Level 5:colcon.colcon_core.verb:set package 'ur_custom_interfaces' build argument 'cmake_clean_cache' from command line to 'False'
[0.546s] Level 5:colcon.colcon_core.verb:set package 'ur_custom_interfaces' build argument 'cmake_clean_first' from command line to 'False'
[0.546s] Level 5:colcon.colcon_core.verb:set package 'ur_custom_interfaces' build argument 'cmake_force_configure' from command line to 'False'
[0.546s] Level 5:colcon.colcon_core.verb:set package 'ur_custom_interfaces' build argument 'ament_cmake_args' from command line to 'None'
[0.546s] Level 5:colcon.colcon_core.verb:set package 'ur_custom_interfaces' build argument 'catkin_cmake_args' from command line to 'None'
[0.546s] Level 5:colcon.colcon_core.verb:set package 'ur_custom_interfaces' build argument 'catkin_skip_building_tests' from command line to 'False'
[0.546s] DEBUG:colcon.colcon_core.verb:Building package 'ur_custom_interfaces' with the following arguments: {'ament_cmake_args': None, 'build_base': '/home/icrs/icrsUR/build/ur_custom_interfaces', 'catkin_cmake_args': None, 'catkin_skip_building_tests': False, 'cmake_args': None, 'cmake_clean_cache': False, 'cmake_clean_first': False, 'cmake_force_configure': False, 'cmake_target': None, 'cmake_target_skip_unavailable': False, 'install_base': '/home/icrs/icrsUR/install/ur_custom_interfaces', 'merge_install': False, 'path': '/home/icrs/icrsUR/src/ur_custom_interfaces', 'symlink_install': False, 'test_result_base': None}
[0.546s] Level 5:colcon.colcon_core.verb:set package 'ur_dashboard_msgs' build argument 'cmake_args' from command line to 'None'
[0.546s] Level 5:colcon.colcon_core.verb:set package 'ur_dashboard_msgs' build argument 'cmake_target' from command line to 'None'
[0.546s] Level 5:colcon.colcon_core.verb:set package 'ur_dashboard_msgs' build argument 'cmake_target_skip_unavailable' from command line to 'False'
[0.546s] Level 5:colcon.colcon_core.verb:set package 'ur_dashboard_msgs' build argument 'cmake_clean_cache' from command line to 'False'
[0.546s] Level 5:colcon.colcon_core.verb:set package 'ur_dashboard_msgs' build argument 'cmake_clean_first' from command line to 'False'
[0.546s] Level 5:colcon.colcon_core.verb:set package 'ur_dashboard_msgs' build argument 'cmake_force_configure' from command line to 'False'
[0.546s] Level 5:colcon.colcon_core.verb:set package 'ur_dashboard_msgs' build argument 'ament_cmake_args' from command line to 'None'
[0.546s] Level 5:colcon.colcon_core.verb:set package 'ur_dashboard_msgs' build argument 'catkin_cmake_args' from command line to 'None'
[0.547s] Level 5:colcon.colcon_core.verb:set package 'ur_dashboard_msgs' build argument 'catkin_skip_building_tests' from command line to 'False'
[0.547s] DEBUG:colcon.colcon_core.verb:Building package 'ur_dashboard_msgs' with the following arguments: {'ament_cmake_args': None, 'build_base': '/home/icrs/icrsUR/build/ur_dashboard_msgs', 'catkin_cmake_args': None, 'catkin_skip_building_tests': False, 'cmake_args': None, 'cmake_clean_cache': False, 'cmake_clean_first': False, 'cmake_force_configure': False, 'cmake_target': None, 'cmake_target_skip_unavailable': False, 'install_base': '/home/icrs/icrsUR/install/ur_dashboard_msgs', 'merge_install': False, 'path': '/home/icrs/icrsUR/src/Universal_Robots_ROS2_Driver/ur_dashboard_msgs', 'symlink_install': False, 'test_result_base': None}
[0.547s] Level 5:colcon.colcon_core.verb:set package 'ur_description' build argument 'cmake_args' from command line to 'None'
[0.547s] Level 5:colcon.colcon_core.verb:set package 'ur_description' build argument 'cmake_target' from command line to 'None'
[0.547s] Level 5:colcon.colcon_core.verb:set package 'ur_description' build argument 'cmake_target_skip_unavailable' from command line to 'False'
[0.547s] Level 5:colcon.colcon_core.verb:set package 'ur_description' build argument 'cmake_clean_cache' from command line to 'False'
[0.547s] Level 5:colcon.colcon_core.verb:set package 'ur_description' build argument 'cmake_clean_first' from command line to 'False'
[0.547s] Level 5:colcon.colcon_core.verb:set package 'ur_description' build argument 'cmake_force_configure' from command line to 'False'
[0.547s] Level 5:colcon.colcon_core.verb:set package 'ur_description' build argument 'ament_cmake_args' from command line to 'None'
[0.547s] Level 5:colcon.colcon_core.verb:set package 'ur_description' build argument 'catkin_cmake_args' from command line to 'None'
[0.547s] Level 5:colcon.colcon_core.verb:set package 'ur_description' build argument 'catkin_skip_building_tests' from command line to 'False'
[0.547s] DEBUG:colcon.colcon_core.verb:Building package 'ur_description' with the following arguments: {'ament_cmake_args': None, 'build_base': '/home/icrs/icrsUR/build/ur_description', 'catkin_cmake_args': None, 'catkin_skip_building_tests': False, 'cmake_args': None, 'cmake_clean_cache': False, 'cmake_clean_first': False, 'cmake_force_configure': False, 'cmake_target': None, 'cmake_target_skip_unavailable': False, 'install_base': '/home/icrs/icrsUR/install/ur_description', 'merge_install': False, 'path': '/home/icrs/icrsUR/src/Universal_Robots_ROS2_Description', 'symlink_install': False, 'test_result_base': None}
[0.548s] Level 5:colcon.colcon_core.verb:set package 'camera_control' build argument 'cmake_args' from command line to 'None'
[0.548s] Level 5:colcon.colcon_core.verb:set package 'camera_control' build argument 'cmake_target' from command line to 'None'
[0.548s] Level 5:colcon.colcon_core.verb:set package 'camera_control' build argument 'cmake_target_skip_unavailable' from command line to 'False'
[0.548s] Level 5:colcon.colcon_core.verb:set package 'camera_control' build argument 'cmake_clean_cache' from command line to 'False'
[0.548s] Level 5:colcon.colcon_core.verb:set package 'camera_control' build argument 'cmake_clean_first' from command line to 'False'
[0.548s] Level 5:colcon.colcon_core.verb:set package 'camera_control' build argument 'cmake_force_configure' from command line to 'False'
[0.548s] Level 5:colcon.colcon_core.verb:set package 'camera_control' build argument 'ament_cmake_args' from command line to 'None'
[0.548s] Level 5:colcon.colcon_core.verb:set package 'camera_control' build argument 'catkin_cmake_args' from command line to 'None'
[0.548s] Level 5:colcon.colcon_core.verb:set package 'camera_control' build argument 'catkin_skip_building_tests' from command line to 'False'
[0.548s] DEBUG:colcon.colcon_core.verb:Building package 'camera_control' with the following arguments: {'ament_cmake_args': None, 'build_base': '/home/icrs/icrsUR/build/camera_control', 'catkin_cmake_args': None, 'catkin_skip_building_tests': False, 'cmake_args': None, 'cmake_clean_cache': False, 'cmake_clean_first': False, 'cmake_force_configure': False, 'cmake_target': None, 'cmake_target_skip_unavailable': False, 'install_base': '/home/icrs/icrsUR/install/camera_control', 'merge_install': False, 'path': '/home/icrs/icrsUR/src/camera_control', 'symlink_install': False, 'test_result_base': None}
[0.548s] Level 5:colcon.colcon_core.verb:set package 'service_ur5ik' build argument 'cmake_args' from command line to 'None'
[0.548s] Level 5:colcon.colcon_core.verb:set package 'service_ur5ik' build argument 'cmake_target' from command line to 'None'
[0.548s] Level 5:colcon.colcon_core.verb:set package 'service_ur5ik' build argument 'cmake_target_skip_unavailable' from command line to 'False'
[0.548s] Level 5:colcon.colcon_core.verb:set package 'service_ur5ik' build argument 'cmake_clean_cache' from command line to 'False'
[0.548s] Level 5:colcon.colcon_core.verb:set package 'service_ur5ik' build argument 'cmake_clean_first' from command line to 'False'
[0.548s] Level 5:colcon.colcon_core.verb:set package 'service_ur5ik' build argument 'cmake_force_configure' from command line to 'False'
[0.548s] Level 5:colcon.colcon_core.verb:set package 'service_ur5ik' build argument 'ament_cmake_args' from command line to 'None'
[0.548s] Level 5:colcon.colcon_core.verb:set package 'service_ur5ik' build argument 'catkin_cmake_args' from command line to 'None'
[0.548s] Level 5:colcon.colcon_core.verb:set package 'service_ur5ik' build argument 'catkin_skip_building_tests' from command line to 'False'
[0.549s] DEBUG:colcon.colcon_core.verb:Building package 'service_ur5ik' with the following arguments: {'ament_cmake_args': None, 'build_base': '/home/icrs/icrsUR/build/service_ur5ik', 'catkin_cmake_args': None, 'catkin_skip_building_tests': False, 'cmake_args': None, 'cmake_clean_cache': False, 'cmake_clean_first': False, 'cmake_force_configure': False, 'cmake_target': None, 'cmake_target_skip_unavailable': False, 'install_base': '/home/icrs/icrsUR/install/service_ur5ik', 'merge_install': False, 'path': '/home/icrs/icrsUR/src/service_ur5ik', 'symlink_install': False, 'test_result_base': None}
[0.549s] Level 5:colcon.colcon_core.verb:set package 'ur_controllers' build argument 'cmake_args' from command line to 'None'
[0.549s] Level 5:colcon.colcon_core.verb:set package 'ur_controllers' build argument 'cmake_target' from command line to 'None'
[0.549s] Level 5:colcon.colcon_core.verb:set package 'ur_controllers' build argument 'cmake_target_skip_unavailable' from command line to 'False'
[0.549s] Level 5:colcon.colcon_core.verb:set package 'ur_controllers' build argument 'cmake_clean_cache' from command line to 'False'
[0.549s] Level 5:colcon.colcon_core.verb:set package 'ur_controllers' build argument 'cmake_clean_first' from command line to 'False'
[0.549s] Level 5:colcon.colcon_core.verb:set package 'ur_controllers' build argument 'cmake_force_configure' from command line to 'False'
[0.549s] Level 5:colcon.colcon_core.verb:set package 'ur_controllers' build argument 'ament_cmake_args' from command line to 'None'
[0.549s] Level 5:colcon.colcon_core.verb:set package 'ur_controllers' build argument 'catkin_cmake_args' from command line to 'None'
[0.549s] Level 5:colcon.colcon_core.verb:set package 'ur_controllers' build argument 'catkin_skip_building_tests' from command line to 'False'
[0.549s] DEBUG:colcon.colcon_core.verb:Building package 'ur_controllers' with the following arguments: {'ament_cmake_args': None, 'build_base': '/home/icrs/icrsUR/build/ur_controllers', 'catkin_cmake_args': None, 'catkin_skip_building_tests': False, 'cmake_args': None, 'cmake_clean_cache': False, 'cmake_clean_first': False, 'cmake_force_configure': False, 'cmake_target': None, 'cmake_target_skip_unavailable': False, 'install_base': '/home/icrs/icrsUR/install/ur_controllers', 'merge_install': False, 'path': '/home/icrs/icrsUR/src/Universal_Robots_ROS2_Driver/ur_controllers', 'symlink_install': False, 'test_result_base': None}
[0.550s] Level 5:colcon.colcon_core.verb:set package 'ur_moveit_config' build argument 'cmake_args' from command line to 'None'
[0.550s] Level 5:colcon.colcon_core.verb:set package 'ur_moveit_config' build argument 'cmake_target' from command line to 'None'
[0.550s] Level 5:colcon.colcon_core.verb:set package 'ur_moveit_config' build argument 'cmake_target_skip_unavailable' from command line to 'False'
[0.550s] Level 5:colcon.colcon_core.verb:set package 'ur_moveit_config' build argument 'cmake_clean_cache' from command line to 'False'
[0.550s] Level 5:colcon.colcon_core.verb:set package 'ur_moveit_config' build argument 'cmake_clean_first' from command line to 'False'
[0.550s] Level 5:colcon.colcon_core.verb:set package 'ur_moveit_config' build argument 'cmake_force_configure' from command line to 'False'
[0.550s] Level 5:colcon.colcon_core.verb:set package 'ur_moveit_config' build argument 'ament_cmake_args' from command line to 'None'
[0.550s] Level 5:colcon.colcon_core.verb:set package 'ur_moveit_config' build argument 'catkin_cmake_args' from command line to 'None'
[0.550s] Level 5:colcon.colcon_core.verb:set package 'ur_moveit_config' build argument 'catkin_skip_building_tests' from command line to 'False'
[0.550s] DEBUG:colcon.colcon_core.verb:Building package 'ur_moveit_config' with the following arguments: {'ament_cmake_args': None, 'build_base': '/home/icrs/icrsUR/build/ur_moveit_config', 'catkin_cmake_args': None, 'catkin_skip_building_tests': False, 'cmake_args': None, 'cmake_clean_cache': False, 'cmake_clean_first': False, 'cmake_force_configure': False, 'cmake_target': None, 'cmake_target_skip_unavailable': False, 'install_base': '/home/icrs/icrsUR/install/ur_moveit_config', 'merge_install': False, 'path': '/home/icrs/icrsUR/src/Universal_Robots_ROS2_Driver/ur_moveit_config', 'symlink_install': False, 'test_result_base': None}
[0.551s] Level 5:colcon.colcon_core.verb:set package 'ur_mover' build argument 'cmake_args' from command line to 'None'
[0.551s] Level 5:colcon.colcon_core.verb:set package 'ur_mover' build argument 'cmake_target' from command line to 'None'
[0.551s] Level 5:colcon.colcon_core.verb:set package 'ur_mover' build argument 'cmake_target_skip_unavailable' from command line to 'False'
[0.551s] Level 5:colcon.colcon_core.verb:set package 'ur_mover' build argument 'cmake_clean_cache' from command line to 'False'
[0.551s] Level 5:colcon.colcon_core.verb:set package 'ur_mover' build argument 'cmake_clean_first' from command line to 'False'
[0.551s] Level 5:colcon.colcon_core.verb:set package 'ur_mover' build argument 'cmake_force_configure' from command line to 'False'
[0.551s] Level 5:colcon.colcon_core.verb:set package 'ur_mover' build argument 'ament_cmake_args' from command line to 'None'
[0.551s] Level 5:colcon.colcon_core.verb:set package 'ur_mover' build argument 'catkin_cmake_args' from command line to 'None'
[0.551s] Level 5:colcon.colcon_core.verb:set package 'ur_mover' build argument 'catkin_skip_building_tests' from command line to 'False'
[0.551s] DEBUG:colcon.colcon_core.verb:Building package 'ur_mover' with the following arguments: {'ament_cmake_args': None, 'build_base': '/home/icrs/icrsUR/build/ur_mover', 'catkin_cmake_args': None, 'catkin_skip_building_tests': False, 'cmake_args': None, 'cmake_clean_cache': False, 'cmake_clean_first': False, 'cmake_force_configure': False, 'cmake_target': None, 'cmake_target_skip_unavailable': False, 'install_base': '/home/icrs/icrsUR/install/ur_mover', 'merge_install': False, 'path': '/home/icrs/icrsUR/src/ur_mover', 'symlink_install': False, 'test_result_base': None}
[0.551s] Level 5:colcon.colcon_core.verb:set package 'ur_bringup' build argument 'cmake_args' from command line to 'None'
[0.551s] Level 5:colcon.colcon_core.verb:set package 'ur_bringup' build argument 'cmake_target' from command line to 'None'
[0.551s] Level 5:colcon.colcon_core.verb:set package 'ur_bringup' build argument 'cmake_target_skip_unavailable' from command line to 'False'
[0.551s] Level 5:colcon.colcon_core.verb:set package 'ur_bringup' build argument 'cmake_clean_cache' from command line to 'False'
[0.551s] Level 5:colcon.colcon_core.verb:set package 'ur_bringup' build argument 'cmake_clean_first' from command line to 'False'
[0.551s] Level 5:colcon.colcon_core.verb:set package 'ur_bringup' build argument 'cmake_force_configure' from command line to 'False'
[0.551s] Level 5:colcon.colcon_core.verb:set package 'ur_bringup' build argument 'ament_cmake_args' from command line to 'None'
[0.551s] Level 5:colcon.colcon_core.verb:set package 'ur_bringup' build argument 'catkin_cmake_args' from command line to 'None'
[0.551s] Level 5:colcon.colcon_core.verb:set package 'ur_bringup' build argument 'catkin_skip_building_tests' from command line to 'False'
[0.552s] DEBUG:colcon.colcon_core.verb:Building package 'ur_bringup' with the following arguments: {'ament_cmake_args': None, 'build_base': '/home/icrs/icrsUR/build/ur_bringup', 'catkin_cmake_args': None, 'catkin_skip_building_tests': False, 'cmake_args': None, 'cmake_clean_cache': False, 'cmake_clean_first': False, 'cmake_force_configure': False, 'cmake_target': None, 'cmake_target_skip_unavailable': False, 'install_base': '/home/icrs/icrsUR/install/ur_bringup', 'merge_install': False, 'path': '/home/icrs/icrsUR/src/Universal_Robots_ROS2_Driver/ur_bringup', 'symlink_install': False, 'test_result_base': None}
[0.552s] Level 5:colcon.colcon_core.verb:set package 'ur_robot_driver' build argument 'cmake_args' from command line to 'None'
[0.552s] Level 5:colcon.colcon_core.verb:set package 'ur_robot_driver' build argument 'cmake_target' from command line to 'None'
[0.552s] Level 5:colcon.colcon_core.verb:set package 'ur_robot_driver' build argument 'cmake_target_skip_unavailable' from command line to 'False'
[0.552s] Level 5:colcon.colcon_core.verb:set package 'ur_robot_driver' build argument 'cmake_clean_cache' from command line to 'False'
[0.552s] Level 5:colcon.colcon_core.verb:set package 'ur_robot_driver' build argument 'cmake_clean_first' from command line to 'False'
[0.552s] Level 5:colcon.colcon_core.verb:set package 'ur_robot_driver' build argument 'cmake_force_configure' from command line to 'False'
[0.552s] Level 5:colcon.colcon_core.verb:set package 'ur_robot_driver' build argument 'ament_cmake_args' from command line to 'None'
[0.552s] Level 5:colcon.colcon_core.verb:set package 'ur_robot_driver' build argument 'catkin_cmake_args' from command line to 'None'
[0.552s] Level 5:colcon.colcon_core.verb:set package 'ur_robot_driver' build argument 'catkin_skip_building_tests' from command line to 'False'
[0.552s] DEBUG:colcon.colcon_core.verb:Building package 'ur_robot_driver' with the following arguments: {'ament_cmake_args': None, 'build_base': '/home/icrs/icrsUR/build/ur_robot_driver', 'catkin_cmake_args': None, 'catkin_skip_building_tests': False, 'cmake_args': None, 'cmake_clean_cache': False, 'cmake_clean_first': False, 'cmake_force_configure': False, 'cmake_target': None, 'cmake_target_skip_unavailable': False, 'install_base': '/home/icrs/icrsUR/install/ur_robot_driver', 'merge_install': False, 'path': '/home/icrs/icrsUR/src/Universal_Robots_ROS2_Driver/ur_robot_driver', 'symlink_install': False, 'test_result_base': None}
[0.553s] Level 5:colcon.colcon_core.verb:set package 'ur_calibration' build argument 'cmake_args' from command line to 'None'
[0.553s] Level 5:colcon.colcon_core.verb:set package 'ur_calibration' build argument 'cmake_target' from command line to 'None'
[0.553s] Level 5:colcon.colcon_core.verb:set package 'ur_calibration' build argument 'cmake_target_skip_unavailable' from command line to 'False'
[0.553s] Level 5:colcon.colcon_core.verb:set package 'ur_calibration' build argument 'cmake_clean_cache' from command line to 'False'
[0.553s] Level 5:colcon.colcon_core.verb:set package 'ur_calibration' build argument 'cmake_clean_first' from command line to 'False'
[0.553s] Level 5:colcon.colcon_core.verb:set package 'ur_calibration' build argument 'cmake_force_configure' from command line to 'False'
[0.553s] Level 5:colcon.colcon_core.verb:set package 'ur_calibration' build argument 'ament_cmake_args' from command line to 'None'
[0.553s] Level 5:colcon.colcon_core.verb:set package 'ur_calibration' build argument 'catkin_cmake_args' from command line to 'None'
[0.553s] Level 5:colcon.colcon_core.verb:set package 'ur_calibration' build argument 'catkin_skip_building_tests' from command line to 'False'
[0.553s] DEBUG:colcon.colcon_core.verb:Building package 'ur_calibration' with the following arguments: {'ament_cmake_args': None, 'build_base': '/home/icrs/icrsUR/build/ur_calibration', 'catkin_cmake_args': None, 'catkin_skip_building_tests': False, 'cmake_args': None, 'cmake_clean_cache': False, 'cmake_clean_first': False, 'cmake_force_configure': False, 'cmake_target': None, 'cmake_target_skip_unavailable': False, 'install_base': '/home/icrs/icrsUR/install/ur_calibration', 'merge_install': False, 'path': '/home/icrs/icrsUR/src/Universal_Robots_ROS2_Driver/ur_calibration', 'symlink_install': False, 'test_result_base': None}
[0.553s] Level 5:colcon.colcon_core.verb:set package 'ur' build argument 'cmake_args' from command line to 'None'
[0.553s] Level 5:colcon.colcon_core.verb:set package 'ur' build argument 'cmake_target' from command line to 'None'
[0.553s] Level 5:colcon.colcon_core.verb:set package 'ur' build argument 'cmake_target_skip_unavailable' from command line to 'False'
[0.553s] Level 5:colcon.colcon_core.verb:set package 'ur' build argument 'cmake_clean_cache' from command line to 'False'
[0.553s] Level 5:colcon.colcon_core.verb:set package 'ur' build argument 'cmake_clean_first' from command line to 'False'
[0.554s] Level 5:colcon.colcon_core.verb:set package 'ur' build argument 'cmake_force_configure' from command line to 'False'
[0.554s] Level 5:colcon.colcon_core.verb:set package 'ur' build argument 'ament_cmake_args' from command line to 'None'
[0.554s] Level 5:colcon.colcon_core.verb:set package 'ur' build argument 'catkin_cmake_args' from command line to 'None'
[0.554s] Level 5:colcon.colcon_core.verb:set package 'ur' build argument 'catkin_skip_building_tests' from command line to 'False'
[0.554s] DEBUG:colcon.colcon_core.verb:Building package 'ur' with the following arguments: {'ament_cmake_args': None, 'build_base': '/home/icrs/icrsUR/build/ur', 'catkin_cmake_args': None, 'catkin_skip_building_tests': False, 'cmake_args': None, 'cmake_clean_cache': False, 'cmake_clean_first': False, 'cmake_force_configure': False, 'cmake_target': None, 'cmake_target_skip_unavailable': False, 'install_base': '/home/icrs/icrsUR/install/ur', 'merge_install': False, 'path': '/home/icrs/icrsUR/src/Universal_Robots_ROS2_Driver/ur', 'symlink_install': False, 'test_result_base': None}
[0.554s] INFO:colcon.colcon_core.executor:Executing jobs using 'parallel' executor
[0.555s] DEBUG:colcon.colcon_parallel_executor.executor.parallel:run_until_complete
[0.555s] INFO:colcon.colcon_ros.task.ament_cmake.build:Building ROS package in '/home/icrs/icrsUR/src/Universal_Robots_ROS2_Driver/ur_dashboard_msgs' with build type 'ament_cmake'
[0.556s] INFO:colcon.colcon_cmake.task.cmake.build:Building CMake package in '/home/icrs/icrsUR/src/Universal_Robots_ROS2_Driver/ur_dashboard_msgs'
[0.559s] INFO:colcon.colcon_core.plugin_system:Skipping extension 'colcon_core.shell.bat': Not used on non-Windows systems
[0.559s] INFO:colcon.colcon_core.shell:Skip shell extension 'powershell' for command environment: Not usable outside of PowerShell
[0.559s] DEBUG:colcon.colcon_core.shell:Skip shell extension 'dsv' for command environment
[0.564s] INFO:colcon.colcon_ros.task.ament_cmake.build:Building ROS package in '/home/icrs/icrsUR/src/Universal_Robots_ROS2_Description' with build type 'ament_cmake'
[0.565s] INFO:colcon.colcon_cmake.task.cmake.build:Building CMake package in '/home/icrs/icrsUR/src/Universal_Robots_ROS2_Description'
[0.565s] INFO:colcon.colcon_core.shell:Skip shell extension 'powershell' for command environment: Not usable outside of PowerShell
[0.565s] DEBUG:colcon.colcon_core.shell:Skip shell extension 'dsv' for command environment
[0.570s] INFO:colcon.colcon_ros.task.ament_cmake.build:Building ROS package in '/home/icrs/icrsUR/src/interfaces_ur5ik' with build type 'ament_cmake'
[0.570s] INFO:colcon.colcon_cmake.task.cmake.build:Building CMake package in '/home/icrs/icrsUR/src/interfaces_ur5ik'
[0.570s] INFO:colcon.colcon_core.shell:Skip shell extension 'powershell' for command environment: Not usable outside of PowerShell
[0.570s] DEBUG:colcon.colcon_core.shell:Skip shell extension 'dsv' for command environment
[0.575s] INFO:colcon.colcon_ros.task.ament_cmake.build:Building ROS package in '/home/icrs/icrsUR/src/ur_custom_interfaces' with build type 'ament_cmake'
[0.576s] INFO:colcon.colcon_cmake.task.cmake.build:Building CMake package in '/home/icrs/icrsUR/src/ur_custom_interfaces'
[0.576s] INFO:colcon.colcon_core.shell:Skip shell extension 'powershell' for command environment: Not usable outside of PowerShell
[0.576s] DEBUG:colcon.colcon_core.shell:Skip shell extension 'dsv' for command environment
[0.580s] INFO:colcon.colcon_ros.task.ament_python.build:Building ROS package in '/home/icrs/icrsUR/src/gripper_control' with build type 'ament_python'
[0.580s] Level 1:colcon.colcon_core.shell:create_environment_hook('gripper_control', 'ament_prefix_path')
[0.581s] INFO:colcon.colcon_core.shell:Creating environment hook '/home/icrs/icrsUR/install/gripper_control/share/gripper_control/hook/ament_prefix_path.ps1'
[0.581s] INFO:colcon.colcon_core.shell:Creating environment descriptor '/home/icrs/icrsUR/install/gripper_control/share/gripper_control/hook/ament_prefix_path.dsv'
[0.582s] INFO:colcon.colcon_core.shell:Creating environment hook '/home/icrs/icrsUR/install/gripper_control/share/gripper_control/hook/ament_prefix_path.sh'
[0.583s] INFO:colcon.colcon_core.shell:Skip shell extension 'powershell' for command environment: Not usable outside of PowerShell
[0.583s] DEBUG:colcon.colcon_core.shell:Skip shell extension 'dsv' for command environment
[0.587s] INFO:colcon.colcon_ros.task.ament_cmake.build:Building ROS package in '/home/icrs/icrsUR/src/robotiq_description' with build type 'ament_cmake'
[0.587s] INFO:colcon.colcon_cmake.task.cmake.build:Building CMake package in '/home/icrs/icrsUR/src/robotiq_description'
[0.587s] INFO:colcon.colcon_core.shell:Skip shell extension 'powershell' for command environment: Not usable outside of PowerShell
[0.587s] DEBUG:colcon.colcon_core.shell:Skip shell extension 'dsv' for command environment
[0.598s] DEBUG:colcon.colcon_core.event_handler.log_command:Invoking command in '/home/icrs/icrsUR/build/ur_dashboard_msgs': CMAKE_PREFIX_PATH=${CMAKE_PREFIX_PATH}:/home/icrs/icrsUR/install/camera_control:/home/icrs/icrsUR/install/gripper_control:/opt/ros/humble /usr/bin/cmake --build /home/icrs/icrsUR/build/ur_dashboard_msgs -- -j8 -l8
[0.602s] DEBUG:colcon.colcon_core.event_handler.log_command:Invoking command in '/home/icrs/icrsUR/build/ur_description': CMAKE_PREFIX_PATH=${CMAKE_PREFIX_PATH}:/home/icrs/icrsUR/install/camera_control:/home/icrs/icrsUR/install/gripper_control:/opt/ros/humble /usr/bin/cmake --build /home/icrs/icrsUR/build/ur_description -- -j8 -l8
[0.605s] DEBUG:colcon.colcon_core.event_handler.log_command:Invoking command in '/home/icrs/icrsUR/build/interfaces_ur5ik': CMAKE_PREFIX_PATH=${CMAKE_PREFIX_PATH}:/home/icrs/icrsUR/install/camera_control:/home/icrs/icrsUR/install/gripper_control:/opt/ros/humble /usr/bin/cmake --build /home/icrs/icrsUR/build/interfaces_ur5ik -- -j8 -l8
[0.611s] DEBUG:colcon.colcon_core.event_handler.log_command:Invoking command in '/home/icrs/icrsUR/build/ur_custom_interfaces': CMAKE_PREFIX_PATH=${CMAKE_PREFIX_PATH}:/home/icrs/icrsUR/install/camera_control:/home/icrs/icrsUR/install/gripper_control:/opt/ros/humble /usr/bin/cmake --build /home/icrs/icrsUR/build/ur_custom_interfaces -- -j8 -l8
[1.229s] WARNING:colcon.colcon_ros.task.ament_python.build:Package 'gripper_control' doesn't explicitly install a marker in the package index (colcon-ros currently does it implicitly but that fallback will be removed in the future)
[1.229s] INFO:colcon.colcon_core.task.python.build:Building Python package in '/home/icrs/icrsUR/src/gripper_control'
[1.230s] INFO:colcon.colcon_core.shell:Skip shell extension 'powershell' for command environment: Not usable outside of PowerShell
[1.230s] DEBUG:colcon.colcon_core.shell:Skip shell extension 'dsv' for command environment
[1.257s] DEBUG:colcon.colcon_core.event_handler.log_command:Invoking command in '/home/icrs/icrsUR/build/robotiq_description': CMAKE_PREFIX_PATH=${CMAKE_PREFIX_PATH}:/home/icrs/icrsUR/install/camera_control:/home/icrs/icrsUR/install/gripper_control:/opt/ros/humble /usr/bin/cmake --build /home/icrs/icrsUR/build/robotiq_description -- -j8 -l8
[1.258s] DEBUG:colcon.colcon_core.event_handler.log_command:Invoked command in '/home/icrs/icrsUR/build/ur_description' returned '0': CMAKE_PREFIX_PATH=${CMAKE_PREFIX_PATH}:/home/icrs/icrsUR/install/camera_control:/home/icrs/icrsUR/install/gripper_control:/opt/ros/humble /usr/bin/cmake --build /home/icrs/icrsUR/build/ur_description -- -j8 -l8
[1.315s] DEBUG:colcon.colcon_core.event_handler.log_command:Invoking command in '/home/icrs/icrsUR/build/ur_description': CMAKE_PREFIX_PATH=${CMAKE_PREFIX_PATH}:/home/icrs/icrsUR/install/camera_control:/home/icrs/icrsUR/install/gripper_control:/opt/ros/humble /usr/bin/cmake --install /home/icrs/icrsUR/build/ur_description
[1.319s] DEBUG:colcon.colcon_core.event_handler.log_command:Invoked command in '/home/icrs/icrsUR/build/robotiq_description' returned '0': CMAKE_PREFIX_PATH=${CMAKE_PREFIX_PATH}:/home/icrs/icrsUR/install/camera_control:/home/icrs/icrsUR/install/gripper_control:/opt/ros/humble /usr/bin/cmake --build /home/icrs/icrsUR/build/robotiq_description -- -j8 -l8
[1.378s] DEBUG:colcon.colcon_core.event_handler.log_command:Invoking command in '/home/icrs/icrsUR/build/robotiq_description': CMAKE_PREFIX_PATH=${CMAKE_PREFIX_PATH}:/home/icrs/icrsUR/install/camera_control:/home/icrs/icrsUR/install/gripper_control:/opt/ros/humble /usr/bin/cmake --install /home/icrs/icrsUR/build/robotiq_description
[1.384s] DEBUG:colcon.colcon_core.event_handler.log_command:Invoked command in '/home/icrs/icrsUR/build/ur_dashboard_msgs' returned '0': CMAKE_PREFIX_PATH=${CMAKE_PREFIX_PATH}:/home/icrs/icrsUR/install/camera_control:/home/icrs/icrsUR/install/gripper_control:/opt/ros/humble /usr/bin/cmake --build /home/icrs/icrsUR/build/ur_dashboard_msgs -- -j8 -l8
[1.404s] Level 1:colcon.colcon_core.environment:create_environment_scripts_only(ur_description)
[1.405s] DEBUG:colcon.colcon_core.event_handler.log_command:Invoked command in '/home/icrs/icrsUR/build/ur_description' returned '0': CMAKE_PREFIX_PATH=${CMAKE_PREFIX_PATH}:/home/icrs/icrsUR/install/camera_control:/home/icrs/icrsUR/install/gripper_control:/opt/ros/humble /usr/bin/cmake --install /home/icrs/icrsUR/build/ur_description
[1.411s] Level 1:colcon.colcon_core.environment:checking '/home/icrs/icrsUR/install/ur_description' for CMake module files
[1.412s] Level 1:colcon.colcon_core.environment:checking '/home/icrs/icrsUR/install/ur_description' for CMake config files
[1.413s] Level 1:colcon.colcon_core.shell:create_environment_hook('ur_description', 'cmake_prefix_path')
[1.414s] INFO:colcon.colcon_core.shell:Creating environment hook '/home/icrs/icrsUR/install/ur_description/share/ur_description/hook/cmake_prefix_path.ps1'
[1.414s] INFO:colcon.colcon_core.shell:Creating environment descriptor '/home/icrs/icrsUR/install/ur_description/share/ur_description/hook/cmake_prefix_path.dsv'
[1.415s] INFO:colcon.colcon_core.shell:Creating environment hook '/home/icrs/icrsUR/install/ur_description/share/ur_description/hook/cmake_prefix_path.sh'
[1.417s] Level 1:colcon.colcon_core.environment:checking '/home/icrs/icrsUR/install/ur_description/bin'
[1.417s] Level 1:colcon.colcon_core.environment:checking '/home/icrs/icrsUR/install/ur_description/lib/pkgconfig/ur_description.pc'
[1.418s] Level 1:colcon.colcon_core.environment:checking '/home/icrs/icrsUR/install/ur_description/lib/python3.10/site-packages'
[1.418s] Level 1:colcon.colcon_core.environment:checking '/home/icrs/icrsUR/install/ur_description/bin'
[1.418s] INFO:colcon.colcon_core.shell:Creating package script '/home/icrs/icrsUR/install/ur_description/share/ur_description/package.ps1'
[1.419s] INFO:colcon.colcon_core.shell:Creating package descriptor '/home/icrs/icrsUR/install/ur_description/share/ur_description/package.dsv'
[1.420s] INFO:colcon.colcon_core.shell:Creating package script '/home/icrs/icrsUR/install/ur_description/share/ur_description/package.sh'
[1.421s] INFO:colcon.colcon_core.shell:Creating package script '/home/icrs/icrsUR/install/ur_description/share/ur_description/package.bash'
[1.423s] INFO:colcon.colcon_core.shell:Creating package script '/home/icrs/icrsUR/install/ur_description/share/ur_description/package.zsh'
[1.424s] Level 1:colcon.colcon_core.environment:create_file_with_runtime_dependencies(/home/icrs/icrsUR/install/ur_description/share/colcon-core/packages/ur_description)
[1.428s] DEBUG:colcon.colcon_core.event_handler.log_command:Invoked command in '/home/icrs/icrsUR/build/interfaces_ur5ik' returned '0': CMAKE_PREFIX_PATH=${CMAKE_PREFIX_PATH}:/home/icrs/icrsUR/install/camera_control:/home/icrs/icrsUR/install/gripper_control:/opt/ros/humble /usr/bin/cmake --build /home/icrs/icrsUR/build/interfaces_ur5ik -- -j8 -l8
[1.430s] Level 1:colcon.colcon_core.environment:create_environment_scripts_only(robotiq_description)
[1.430s] Level 1:colcon.colcon_core.environment:checking '/home/icrs/icrsUR/install/robotiq_description' for CMake module files
[1.431s] DEBUG:colcon.colcon_core.event_handler.log_command:Invoked command in '/home/icrs/icrsUR/build/robotiq_description' returned '0': CMAKE_PREFIX_PATH=${CMAKE_PREFIX_PATH}:/home/icrs/icrsUR/install/camera_control:/home/icrs/icrsUR/install/gripper_control:/opt/ros/humble /usr/bin/cmake --install /home/icrs/icrsUR/build/robotiq_description
[1.432s] Level 1:colcon.colcon_core.environment:checking '/home/icrs/icrsUR/install/robotiq_description' for CMake config files
[1.432s] Level 1:colcon.colcon_core.shell:create_environment_hook('robotiq_description', 'cmake_prefix_path')
[1.433s] INFO:colcon.colcon_core.shell:Creating environment hook '/home/icrs/icrsUR/install/robotiq_description/share/robotiq_description/hook/cmake_prefix_path.ps1'
[1.433s] INFO:colcon.colcon_core.shell:Creating environment descriptor '/home/icrs/icrsUR/install/robotiq_description/share/robotiq_description/hook/cmake_prefix_path.dsv'
[1.434s] INFO:colcon.colcon_core.shell:Creating environment hook '/home/icrs/icrsUR/install/robotiq_description/share/robotiq_description/hook/cmake_prefix_path.sh'
[1.435s] Level 1:colcon.colcon_core.environment:checking '/home/icrs/icrsUR/install/robotiq_description/bin'
[1.435s] Level 1:colcon.colcon_core.environment:checking '/home/icrs/icrsUR/install/robotiq_description/lib/pkgconfig/robotiq_description.pc'
[1.436s] Level 1:colcon.colcon_core.environment:checking '/home/icrs/icrsUR/install/robotiq_description/lib/python3.10/site-packages'
[1.436s] Level 1:colcon.colcon_core.environment:checking '/home/icrs/icrsUR/install/robotiq_description/bin'
[1.437s] INFO:colcon.colcon_core.shell:Creating package script '/home/icrs/icrsUR/install/robotiq_description/share/robotiq_description/package.ps1'
[1.437s] INFO:colcon.colcon_core.shell:Creating package descriptor '/home/icrs/icrsUR/install/robotiq_description/share/robotiq_description/package.dsv'
[1.438s] INFO:colcon.colcon_core.shell:Creating package script '/home/icrs/icrsUR/install/robotiq_description/share/robotiq_description/package.sh'
[1.439s] INFO:colcon.colcon_core.shell:Creating package script '/home/icrs/icrsUR/install/robotiq_description/share/robotiq_description/package.bash'
[1.441s] INFO:colcon.colcon_core.shell:Creating package script '/home/icrs/icrsUR/install/robotiq_description/share/robotiq_description/package.zsh'
[1.442s] Level 1:colcon.colcon_core.environment:create_file_with_runtime_dependencies(/home/icrs/icrsUR/install/robotiq_description/share/colcon-core/packages/robotiq_description)
[1.443s] DEBUG:colcon.colcon_core.event_handler.log_command:Invoked command in '/home/icrs/icrsUR/build/ur_custom_interfaces' returned '0': CMAKE_PREFIX_PATH=${CMAKE_PREFIX_PATH}:/home/icrs/icrsUR/install/camera_control:/home/icrs/icrsUR/install/gripper_control:/opt/ros/humble /usr/bin/cmake --build /home/icrs/icrsUR/build/ur_custom_interfaces -- -j8 -l8
[1.452s] Level 1:colcon.colcon_core.environment:create_environment_scripts_only(ur_description)
[1.453s] Level 1:colcon.colcon_core.environment:checking '/home/icrs/icrsUR/install/ur_description' for CMake module files
[1.454s] Level 1:colcon.colcon_core.environment:checking '/home/icrs/icrsUR/install/ur_description' for CMake config files
[1.455s] Level 1:colcon.colcon_core.shell:create_environment_hook('ur_description', 'cmake_prefix_path')
[1.455s] INFO:colcon.colcon_core.shell:Creating environment hook '/home/icrs/icrsUR/install/ur_description/share/ur_description/hook/cmake_prefix_path.ps1'
[1.457s] INFO:colcon.colcon_core.shell:Creating environment descriptor '/home/icrs/icrsUR/install/ur_description/share/ur_description/hook/cmake_prefix_path.dsv'
[1.458s] INFO:colcon.colcon_core.shell:Creating environment hook '/home/icrs/icrsUR/install/ur_description/share/ur_description/hook/cmake_prefix_path.sh'
[1.461s] Level 1:colcon.colcon_core.environment:checking '/home/icrs/icrsUR/install/ur_description/bin'
[1.461s] Level 1:colcon.colcon_core.environment:checking '/home/icrs/icrsUR/install/ur_description/lib/pkgconfig/ur_description.pc'
[1.462s] Level 1:colcon.colcon_core.environment:checking '/home/icrs/icrsUR/install/ur_description/lib/python3.10/site-packages'
[1.463s] Level 1:colcon.colcon_core.environment:checking '/home/icrs/icrsUR/install/ur_description/bin'
[1.464s] INFO:colcon.colcon_core.shell:Creating package script '/home/icrs/icrsUR/install/ur_description/share/ur_description/package.ps1'
[1.465s] INFO:colcon.colcon_core.shell:Creating package descriptor '/home/icrs/icrsUR/install/ur_description/share/ur_description/package.dsv'
[1.466s] INFO:colcon.colcon_core.shell:Creating package script '/home/icrs/icrsUR/install/ur_description/share/ur_description/package.sh'
[1.467s] INFO:colcon.colcon_core.shell:Creating package script '/home/icrs/icrsUR/install/ur_description/share/ur_description/package.bash'
[1.468s] INFO:colcon.colcon_core.shell:Creating package script '/home/icrs/icrsUR/install/ur_description/share/ur_description/package.zsh'
[1.469s] Level 1:colcon.colcon_core.environment:create_file_with_runtime_dependencies(/home/icrs/icrsUR/install/ur_description/share/colcon-core/packages/ur_description)
[1.469s] INFO:colcon.colcon_ros.task.ament_cmake.build:Building ROS package in '/home/icrs/icrsUR/src/Universal_Robots_ROS2_Driver/ur_moveit_config' with build type 'ament_cmake'
[1.469s] INFO:colcon.colcon_cmake.task.cmake.build:Building CMake package in '/home/icrs/icrsUR/src/Universal_Robots_ROS2_Driver/ur_moveit_config'
[1.470s] INFO:colcon.colcon_core.shell:Skip shell extension 'powershell' for command environment: Not usable outside of PowerShell
[1.470s] DEBUG:colcon.colcon_core.shell:Skip shell extension 'dsv' for command environment
[1.480s] Level 1:colcon.colcon_core.environment:create_environment_scripts_only(robotiq_description)
[1.480s] Level 1:colcon.colcon_core.environment:checking '/home/icrs/icrsUR/install/robotiq_description' for CMake module files
[1.482s] Level 1:colcon.colcon_core.environment:checking '/home/icrs/icrsUR/install/robotiq_description' for CMake config files
[1.482s] Level 1:colcon.colcon_core.shell:create_environment_hook('robotiq_description', 'cmake_prefix_path')
[1.483s] INFO:colcon.colcon_core.shell:Creating environment hook '/home/icrs/icrsUR/install/robotiq_description/share/robotiq_description/hook/cmake_prefix_path.ps1'
[1.483s] INFO:colcon.colcon_core.shell:Creating environment descriptor '/home/icrs/icrsUR/install/robotiq_description/share/robotiq_description/hook/cmake_prefix_path.dsv'
[1.484s] INFO:colcon.colcon_core.shell:Creating environment hook '/home/icrs/icrsUR/install/robotiq_description/share/robotiq_description/hook/cmake_prefix_path.sh'
[1.485s] Level 1:colcon.colcon_core.environment:checking '/home/icrs/icrsUR/install/robotiq_description/bin'
[1.485s] Level 1:colcon.colcon_core.environment:checking '/home/icrs/icrsUR/install/robotiq_description/lib/pkgconfig/robotiq_description.pc'
[1.485s] Level 1:colcon.colcon_core.environment:checking '/home/icrs/icrsUR/install/robotiq_description/lib/python3.10/site-packages'
[1.486s] Level 1:colcon.colcon_core.environment:checking '/home/icrs/icrsUR/install/robotiq_description/bin'
[1.486s] INFO:colcon.colcon_core.shell:Creating package script '/home/icrs/icrsUR/install/robotiq_description/share/robotiq_description/package.ps1'
[1.487s] INFO:colcon.colcon_core.shell:Creating package descriptor '/home/icrs/icrsUR/install/robotiq_description/share/robotiq_description/package.dsv'
[1.488s] INFO:colcon.colcon_core.shell:Creating package script '/home/icrs/icrsUR/install/robotiq_description/share/robotiq_description/package.sh'
[1.491s] INFO:colcon.colcon_core.shell:Creating package script '/home/icrs/icrsUR/install/robotiq_description/share/robotiq_description/package.bash'
[1.495s] INFO:colcon.colcon_core.shell:Creating package script '/home/icrs/icrsUR/install/robotiq_description/share/robotiq_description/package.zsh'
[1.496s] Level 1:colcon.colcon_core.environment:create_file_with_runtime_dependencies(/home/icrs/icrsUR/install/robotiq_description/share/colcon-core/packages/robotiq_description)
[1.503s] DEBUG:colcon.colcon_core.event_handler.log_command:Invoking command in '/home/icrs/icrsUR/build/ur_moveit_config': CMAKE_PREFIX_PATH=/home/icrs/icrsUR/install/ur_description:/home/icrs/icrsUR/install/ur:/home/icrs/icrsUR/install/ur_calibration:/home/icrs/icrsUR/install/ur_robot_driver:/home/icrs/icrsUR/install/ur_mover:/home/icrs/icrsUR/install/ur_moveit_config:/home/icrs/icrsUR/install/ur_bringup:/home/icrs/icrsUR/install/ur_controllers:/home/icrs/icrsUR/install/ur_dashboard_msgs:/home/icrs/icrsUR/install/ur_custom_interfaces:/home/icrs/icrsUR/install/service_ur5ik:/home/icrs/icrsUR/install/robotiq_description:/home/icrs/icrsUR/install/module_5_assignment:/home/icrs/icrsUR/install/module_3_assignment:/home/icrs/icrsUR/install/module_1_assignment:/home/icrs/icrsUR/install/module_10_assignment:/home/icrs/icrsUR/install/interfaces_ur5ik:/home/icrs/icrsUR/install/camera_control:/home/icrs/icrsUR/install/gripper_control:/opt/ros/humble /usr/bin/cmake --build /home/icrs/icrsUR/build/ur_moveit_config -- -j8 -l8
[1.534s] DEBUG:colcon.colcon_core.event_handler.log_command:Invoking command in '/home/icrs/icrsUR/build/ur_custom_interfaces': CMAKE_PREFIX_PATH=${CMAKE_PREFIX_PATH}:/home/icrs/icrsUR/install/camera_control:/home/icrs/icrsUR/install/gripper_control:/opt/ros/humble /usr/bin/cmake --install /home/icrs/icrsUR/build/ur_custom_interfaces
[1.581s] DEBUG:colcon.colcon_core.event_handler.log_command:Invoking command in '/home/icrs/icrsUR/build/interfaces_ur5ik': CMAKE_PREFIX_PATH=${CMAKE_PREFIX_PATH}:/home/icrs/icrsUR/install/camera_control:/home/icrs/icrsUR/install/gripper_control:/opt/ros/humble /usr/bin/cmake --install /home/icrs/icrsUR/build/interfaces_ur5ik
[1.667s] Level 1:colcon.colcon_core.environment:create_environment_scripts_only(ur_custom_interfaces)
[1.667s] Level 1:colcon.colcon_core.environment:checking '/home/icrs/icrsUR/install/ur_custom_interfaces' for CMake module files
[1.668s] DEBUG:colcon.colcon_core.event_handler.log_command:Invoked command in '/home/icrs/icrsUR/build/ur_custom_interfaces' returned '0': CMAKE_PREFIX_PATH=${CMAKE_PREFIX_PATH}:/home/icrs/icrsUR/install/camera_control:/home/icrs/icrsUR/install/gripper_control:/opt/ros/humble /usr/bin/cmake --install /home/icrs/icrsUR/build/ur_custom_interfaces
[1.669s] Level 1:colcon.colcon_core.environment:checking '/home/icrs/icrsUR/install/ur_custom_interfaces' for CMake config files
[1.669s] Level 1:colcon.colcon_core.shell:create_environment_hook('ur_custom_interfaces', 'cmake_prefix_path')
[1.669s] INFO:colcon.colcon_core.shell:Creating environment hook '/home/icrs/icrsUR/install/ur_custom_interfaces/share/ur_custom_interfaces/hook/cmake_prefix_path.ps1'
[1.670s] INFO:colcon.colcon_core.shell:Creating environment descriptor '/home/icrs/icrsUR/install/ur_custom_interfaces/share/ur_custom_interfaces/hook/cmake_prefix_path.dsv'
[1.670s] INFO:colcon.colcon_core.shell:Creating environment hook '/home/icrs/icrsUR/install/ur_custom_interfaces/share/ur_custom_interfaces/hook/cmake_prefix_path.sh'
[1.671s] Level 1:colcon.colcon_core.environment:checking '/home/icrs/icrsUR/install/ur_custom_interfaces/lib'
[1.671s] Level 1:colcon.colcon_core.shell:create_environment_hook('ur_custom_interfaces', 'ld_library_path_lib')
[1.672s] INFO:colcon.colcon_core.shell:Creating environment hook '/home/icrs/icrsUR/install/ur_custom_interfaces/share/ur_custom_interfaces/hook/ld_library_path_lib.ps1'
[1.672s] INFO:colcon.colcon_core.shell:Creating environment descriptor '/home/icrs/icrsUR/install/ur_custom_interfaces/share/ur_custom_interfaces/hook/ld_library_path_lib.dsv'
[1.673s] INFO:colcon.colcon_core.shell:Creating environment hook '/home/icrs/icrsUR/install/ur_custom_interfaces/share/ur_custom_interfaces/hook/ld_library_path_lib.sh'
[1.674s] Level 1:colcon.colcon_core.environment:checking '/home/icrs/icrsUR/install/ur_custom_interfaces/bin'
[1.674s] Level 1:colcon.colcon_core.environment:checking '/home/icrs/icrsUR/install/ur_custom_interfaces/lib/pkgconfig/ur_custom_interfaces.pc'
[1.675s] Level 1:colcon.colcon_core.environment:checking '/home/icrs/icrsUR/install/ur_custom_interfaces/lib/python3.10/site-packages'
[1.675s] Level 1:colcon.colcon_core.environment:checking '/home/icrs/icrsUR/install/ur_custom_interfaces/bin'
[1.676s] INFO:colcon.colcon_core.shell:Creating package script '/home/icrs/icrsUR/install/ur_custom_interfaces/share/ur_custom_interfaces/package.ps1'
[1.676s] INFO:colcon.colcon_core.shell:Creating package descriptor '/home/icrs/icrsUR/install/ur_custom_interfaces/share/ur_custom_interfaces/package.dsv'
[1.677s] INFO:colcon.colcon_core.shell:Creating package script '/home/icrs/icrsUR/install/ur_custom_interfaces/share/ur_custom_interfaces/package.sh'
[1.678s] INFO:colcon.colcon_core.shell:Creating package script '/home/icrs/icrsUR/install/ur_custom_interfaces/share/ur_custom_interfaces/package.bash'
[1.678s] INFO:colcon.colcon_core.shell:Creating package script '/home/icrs/icrsUR/install/ur_custom_interfaces/share/ur_custom_interfaces/package.zsh'
[1.679s] Level 1:colcon.colcon_core.environment:create_file_with_runtime_dependencies(/home/icrs/icrsUR/install/ur_custom_interfaces/share/colcon-core/packages/ur_custom_interfaces)
[1.743s] Level 1:colcon.colcon_core.environment:create_environment_scripts_only(interfaces_ur5ik)
[1.744s] Level 1:colcon.colcon_core.environment:checking '/home/icrs/icrsUR/install/interfaces_ur5ik' for CMake module files
[1.746s] DEBUG:colcon.colcon_core.event_handler.log_command:Invoked command in '/home/icrs/icrsUR/build/interfaces_ur5ik' returned '0': CMAKE_PREFIX_PATH=${CMAKE_PREFIX_PATH}:/home/icrs/icrsUR/install/camera_control:/home/icrs/icrsUR/install/gripper_control:/opt/ros/humble /usr/bin/cmake --install /home/icrs/icrsUR/build/interfaces_ur5ik
[1.747s] Level 1:colcon.colcon_core.environment:checking '/home/icrs/icrsUR/install/interfaces_ur5ik' for CMake config files
[1.747s] Level 1:colcon.colcon_core.shell:create_environment_hook('interfaces_ur5ik', 'cmake_prefix_path')
[1.748s] INFO:colcon.colcon_core.shell:Creating environment hook '/home/icrs/icrsUR/install/interfaces_ur5ik/share/interfaces_ur5ik/hook/cmake_prefix_path.ps1'
[1.749s] INFO:colcon.colcon_core.shell:Creating environment descriptor '/home/icrs/icrsUR/install/interfaces_ur5ik/share/interfaces_ur5ik/hook/cmake_prefix_path.dsv'
[1.750s] INFO:colcon.colcon_core.shell:Creating environment hook '/home/icrs/icrsUR/install/interfaces_ur5ik/share/interfaces_ur5ik/hook/cmake_prefix_path.sh'
[1.751s] Level 1:colcon.colcon_core.environment:checking '/home/icrs/icrsUR/install/interfaces_ur5ik/lib'
[1.751s] Level 1:colcon.colcon_core.shell:create_environment_hook('interfaces_ur5ik', 'ld_library_path_lib')
[1.752s] INFO:colcon.colcon_core.shell:Creating environment hook '/home/icrs/icrsUR/install/interfaces_ur5ik/share/interfaces_ur5ik/hook/ld_library_path_lib.ps1'
[1.753s] INFO:colcon.colcon_core.shell:Creating environment descriptor '/home/icrs/icrsUR/install/interfaces_ur5ik/share/interfaces_ur5ik/hook/ld_library_path_lib.dsv'
[1.753s] INFO:colcon.colcon_core.shell:Creating environment hook '/home/icrs/icrsUR/install/interfaces_ur5ik/share/interfaces_ur5ik/hook/ld_library_path_lib.sh'
[1.754s] Level 1:colcon.colcon_core.environment:checking '/home/icrs/icrsUR/install/interfaces_ur5ik/bin'
[1.754s] Level 1:colcon.colcon_core.environment:checking '/home/icrs/icrsUR/install/interfaces_ur5ik/lib/pkgconfig/interfaces_ur5ik.pc'
[1.755s] Level 1:colcon.colcon_core.environment:checking '/home/icrs/icrsUR/install/interfaces_ur5ik/lib/python3.10/site-packages'
[1.755s] Level 1:colcon.colcon_core.environment:checking '/home/icrs/icrsUR/install/interfaces_ur5ik/bin'
[1.756s] INFO:colcon.colcon_core.shell:Creating package script '/home/icrs/icrsUR/install/interfaces_ur5ik/share/interfaces_ur5ik/package.ps1'
[1.758s] INFO:colcon.colcon_core.shell:Creating package descriptor '/home/icrs/icrsUR/install/interfaces_ur5ik/share/interfaces_ur5ik/package.dsv'
[1.759s] INFO:colcon.colcon_core.shell:Creating package script '/home/icrs/icrsUR/install/interfaces_ur5ik/share/interfaces_ur5ik/package.sh'
[1.760s] INFO:colcon.colcon_core.shell:Creating package script '/home/icrs/icrsUR/install/interfaces_ur5ik/share/interfaces_ur5ik/package.bash'
[1.761s] INFO:colcon.colcon_core.shell:Creating package script '/home/icrs/icrsUR/install/interfaces_ur5ik/share/interfaces_ur5ik/package.zsh'
[1.761s] Level 1:colcon.colcon_core.environment:create_file_with_runtime_dependencies(/home/icrs/icrsUR/install/interfaces_ur5ik/share/colcon-core/packages/interfaces_ur5ik)
[1.764s] Level 1:colcon.colcon_core.environment:create_environment_scripts_only(ur_custom_interfaces)
[1.764s] Level 1:colcon.colcon_core.environment:checking '/home/icrs/icrsUR/install/ur_custom_interfaces' for CMake module files
[1.765s] Level 1:colcon.colcon_core.environment:checking '/home/icrs/icrsUR/install/ur_custom_interfaces' for CMake config files
[1.766s] Level 1:colcon.colcon_core.shell:create_environment_hook('ur_custom_interfaces', 'cmake_prefix_path')
[1.767s] INFO:colcon.colcon_core.shell:Creating environment hook '/home/icrs/icrsUR/install/ur_custom_interfaces/share/ur_custom_interfaces/hook/cmake_prefix_path.ps1'
[1.768s] INFO:colcon.colcon_core.shell:Creating environment descriptor '/home/icrs/icrsUR/install/ur_custom_interfaces/share/ur_custom_interfaces/hook/cmake_prefix_path.dsv'
[1.768s] INFO:colcon.colcon_core.shell:Creating environment hook '/home/icrs/icrsUR/install/ur_custom_interfaces/share/ur_custom_interfaces/hook/cmake_prefix_path.sh'
[1.769s] Level 1:colcon.colcon_core.environment:checking '/home/icrs/icrsUR/install/ur_custom_interfaces/lib'
[1.769s] Level 1:colcon.colcon_core.shell:create_environment_hook('ur_custom_interfaces', 'ld_library_path_lib')
[1.770s] INFO:colcon.colcon_core.shell:Creating environment hook '/home/icrs/icrsUR/install/ur_custom_interfaces/share/ur_custom_interfaces/hook/ld_library_path_lib.ps1'
[1.771s] INFO:colcon.colcon_core.shell:Creating environment descriptor '/home/icrs/icrsUR/install/ur_custom_interfaces/share/ur_custom_interfaces/hook/ld_library_path_lib.dsv'
[1.771s] INFO:colcon.colcon_core.shell:Creating environment hook '/home/icrs/icrsUR/install/ur_custom_interfaces/share/ur_custom_interfaces/hook/ld_library_path_lib.sh'
[1.772s] Level 1:colcon.colcon_core.environment:checking '/home/icrs/icrsUR/install/ur_custom_interfaces/bin'
[1.772s] Level 1:colcon.colcon_core.environment:checking '/home/icrs/icrsUR/install/ur_custom_interfaces/lib/pkgconfig/ur_custom_interfaces.pc'
[1.773s] Level 1:colcon.colcon_core.environment:checking '/home/icrs/icrsUR/install/ur_custom_interfaces/lib/python3.10/site-packages'
[1.774s] Level 1:colcon.colcon_core.environment:checking '/home/icrs/icrsUR/install/ur_custom_interfaces/bin'
[1.775s] INFO:colcon.colcon_core.shell:Creating package script '/home/icrs/icrsUR/install/ur_custom_interfaces/share/ur_custom_interfaces/package.ps1'
[1.776s] INFO:colcon.colcon_core.shell:Creating package descriptor '/home/icrs/icrsUR/install/ur_custom_interfaces/share/ur_custom_interfaces/package.dsv'
[1.778s] INFO:colcon.colcon_core.shell:Creating package script '/home/icrs/icrsUR/install/ur_custom_interfaces/share/ur_custom_interfaces/package.sh'
[1.779s] INFO:colcon.colcon_core.shell:Creating package script '/home/icrs/icrsUR/install/ur_custom_interfaces/share/ur_custom_interfaces/package.bash'
[1.780s] INFO:colcon.colcon_core.shell:Creating package script '/home/icrs/icrsUR/install/ur_custom_interfaces/share/ur_custom_interfaces/package.zsh'
[1.781s] Level 1:colcon.colcon_core.environment:create_file_with_runtime_dependencies(/home/icrs/icrsUR/install/ur_custom_interfaces/share/colcon-core/packages/ur_custom_interfaces)
[1.782s] INFO:colcon.colcon_ros.task.ament_python.build:Building ROS package in '/home/icrs/icrsUR/src/camera_control' with build type 'ament_python'
[1.783s] Level 1:colcon.colcon_core.shell:create_environment_hook('camera_control', 'ament_prefix_path')
[1.783s] INFO:colcon.colcon_core.shell:Creating environment hook '/home/icrs/icrsUR/install/camera_control/share/camera_control/hook/ament_prefix_path.ps1'
[1.784s] INFO:colcon.colcon_core.shell:Creating environment descriptor '/home/icrs/icrsUR/install/camera_control/share/camera_control/hook/ament_prefix_path.dsv'
[1.785s] INFO:colcon.colcon_core.shell:Creating environment hook '/home/icrs/icrsUR/install/camera_control/share/camera_control/hook/ament_prefix_path.sh'
[1.786s] INFO:colcon.colcon_core.shell:Skip shell extension 'powershell' for command environment: Not usable outside of PowerShell
[1.786s] DEBUG:colcon.colcon_core.shell:Skip shell extension 'dsv' for command environment
[2.167s] WARNING:colcon.colcon_ros.task.ament_python.build:Package 'camera_control' doesn't explicitly install a marker in the package index (colcon-ros currently does it implicitly but that fallback will be removed in the future)
[2.168s] INFO:colcon.colcon_core.task.python.build:Building Python package in '/home/icrs/icrsUR/src/camera_control'
[2.168s] INFO:colcon.colcon_core.shell:Skip shell extension 'powershell' for command environment: Not usable outside of PowerShell
[2.168s] DEBUG:colcon.colcon_core.shell:Skip shell extension 'dsv' for command environment
[2.174s] DEBUG:colcon.colcon_core.event_handler.log_command:Invoking command in '/home/icrs/icrsUR/build/ur_dashboard_msgs': CMAKE_PREFIX_PATH=${CMAKE_PREFIX_PATH}:/home/icrs/icrsUR/install/camera_control:/home/icrs/icrsUR/install/gripper_control:/opt/ros/humble /usr/bin/cmake --install /home/icrs/icrsUR/build/ur_dashboard_msgs
[2.175s] Level 1:colcon.colcon_core.environment:create_environment_scripts_only(interfaces_ur5ik)
[2.176s] Level 1:colcon.colcon_core.environment:checking '/home/icrs/icrsUR/install/interfaces_ur5ik' for CMake module files
[2.176s] Level 1:colcon.colcon_core.environment:checking '/home/icrs/icrsUR/install/interfaces_ur5ik' for CMake config files
[2.177s] Level 1:colcon.colcon_core.shell:create_environment_hook('interfaces_ur5ik', 'cmake_prefix_path')
[2.177s] INFO:colcon.colcon_core.shell:Creating environment hook '/home/icrs/icrsUR/install/interfaces_ur5ik/share/interfaces_ur5ik/hook/cmake_prefix_path.ps1'
[2.177s] INFO:colcon.colcon_core.shell:Creating environment descriptor '/home/icrs/icrsUR/install/interfaces_ur5ik/share/interfaces_ur5ik/hook/cmake_prefix_path.dsv'
[2.178s] INFO:colcon.colcon_core.shell:Creating environment hook '/home/icrs/icrsUR/install/interfaces_ur5ik/share/interfaces_ur5ik/hook/cmake_prefix_path.sh'
[2.178s] Level 1:colcon.colcon_core.environment:checking '/home/icrs/icrsUR/install/interfaces_ur5ik/lib'
[2.178s] Level 1:colcon.colcon_core.shell:create_environment_hook('interfaces_ur5ik', 'ld_library_path_lib')
[2.179s] INFO:colcon.colcon_core.shell:Creating environment hook '/home/icrs/icrsUR/install/interfaces_ur5ik/share/interfaces_ur5ik/hook/ld_library_path_lib.ps1'
[2.179s] INFO:colcon.colcon_core.shell:Creating environment descriptor '/home/icrs/icrsUR/install/interfaces_ur5ik/share/interfaces_ur5ik/hook/ld_library_path_lib.dsv'
[2.179s] INFO:colcon.colcon_core.shell:Creating environment hook '/home/icrs/icrsUR/install/interfaces_ur5ik/share/interfaces_ur5ik/hook/ld_library_path_lib.sh'
[2.180s] Level 1:colcon.colcon_core.environment:checking '/home/icrs/icrsUR/install/interfaces_ur5ik/bin'
[2.180s] Level 1:colcon.colcon_core.environment:checking '/home/icrs/icrsUR/install/interfaces_ur5ik/lib/pkgconfig/interfaces_ur5ik.pc'
[2.180s] Level 1:colcon.colcon_core.environment:checking '/home/icrs/icrsUR/install/interfaces_ur5ik/lib/python3.10/site-packages'
[2.180s] Level 1:colcon.colcon_core.environment:checking '/home/icrs/icrsUR/install/interfaces_ur5ik/bin'
[2.181s] INFO:colcon.colcon_core.shell:Creating package script '/home/icrs/icrsUR/install/interfaces_ur5ik/share/interfaces_ur5ik/package.ps1'
[2.181s] INFO:colcon.colcon_core.shell:Creating package descriptor '/home/icrs/icrsUR/install/interfaces_ur5ik/share/interfaces_ur5ik/package.dsv'
[2.182s] INFO:colcon.colcon_core.shell:Creating package script '/home/icrs/icrsUR/install/interfaces_ur5ik/share/interfaces_ur5ik/package.sh'
[2.182s] INFO:colcon.colcon_core.shell:Creating package script '/home/icrs/icrsUR/install/interfaces_ur5ik/share/interfaces_ur5ik/package.bash'
[2.183s] INFO:colcon.colcon_core.shell:Creating package script '/home/icrs/icrsUR/install/interfaces_ur5ik/share/interfaces_ur5ik/package.zsh'
[2.183s] Level 1:colcon.colcon_core.environment:create_file_with_runtime_dependencies(/home/icrs/icrsUR/install/interfaces_ur5ik/share/colcon-core/packages/interfaces_ur5ik)
[2.186s] INFO:colcon.colcon_ros.task.ament_cmake.build:Building ROS package in '/home/icrs/icrsUR/src/service_ur5ik' with build type 'ament_cmake'
[2.186s] INFO:colcon.colcon_cmake.task.cmake.build:Building CMake package in '/home/icrs/icrsUR/src/service_ur5ik'
[2.186s] INFO:colcon.colcon_core.shell:Skip shell extension 'powershell' for command environment: Not usable outside of PowerShell
[2.186s] DEBUG:colcon.colcon_core.shell:Skip shell extension 'dsv' for command environment
[2.187s] DEBUG:colcon.colcon_core.event_handler.log_command:Invoking command in '/home/icrs/icrsUR/src/gripper_control': PYTHONPATH=/home/icrs/icrsUR/build/gripper_control/prefix_override:/usr/lib/python3/dist-packages/colcon_core/task/python/colcon_distutils_commands:/home/icrs/icrsUR/install/gripper_control/lib/python3.10/site-packages:${PYTHONPATH} /usr/bin/python3 -W ignore:setup.py install is deprecated setup.py egg_info --egg-base ../../build/gripper_control build --build-base /home/icrs/icrsUR/build/gripper_control/build install --record /home/icrs/icrsUR/build/gripper_control/install.log --single-version-externally-managed install_data
[2.220s] INFO:colcon.colcon_ros.task.ament_cmake.build:Building ROS package in '/home/icrs/icrsUR/src/ur_mover' with build type 'ament_cmake'
[2.220s] INFO:colcon.colcon_cmake.task.cmake.build:Building CMake package in '/home/icrs/icrsUR/src/ur_mover'
[2.220s] INFO:colcon.colcon_core.shell:Skip shell extension 'powershell' for command environment: Not usable outside of PowerShell
[2.220s] DEBUG:colcon.colcon_core.shell:Skip shell extension 'dsv' for command environment
[2.234s] DEBUG:colcon.colcon_core.event_handler.log_command:Invoked command in '/home/icrs/icrsUR/build/ur_moveit_config' returned '0': CMAKE_PREFIX_PATH=/home/icrs/icrsUR/install/ur_description:/home/icrs/icrsUR/install/ur:/home/icrs/icrsUR/install/ur_calibration:/home/icrs/icrsUR/install/ur_robot_driver:/home/icrs/icrsUR/install/ur_mover:/home/icrs/icrsUR/install/ur_moveit_config:/home/icrs/icrsUR/install/ur_bringup:/home/icrs/icrsUR/install/ur_controllers:/home/icrs/icrsUR/install/ur_dashboard_msgs:/home/icrs/icrsUR/install/ur_custom_interfaces:/home/icrs/icrsUR/install/service_ur5ik:/home/icrs/icrsUR/install/robotiq_description:/home/icrs/icrsUR/install/module_5_assignment:/home/icrs/icrsUR/install/module_3_assignment:/home/icrs/icrsUR/install/module_1_assignment:/home/icrs/icrsUR/install/module_10_assignment:/home/icrs/icrsUR/install/interfaces_ur5ik:/home/icrs/icrsUR/install/camera_control:/home/icrs/icrsUR/install/gripper_control:/opt/ros/humble /usr/bin/cmake --build /home/icrs/icrsUR/build/ur_moveit_config -- -j8 -l8
[2.251s] DEBUG:colcon.colcon_core.event_handler.log_command:Invoking command in '/home/icrs/icrsUR/build/service_ur5ik': CMAKE_PREFIX_PATH=/home/icrs/icrsUR/install/interfaces_ur5ik:/home/icrs/icrsUR/install/ur:/home/icrs/icrsUR/install/ur_calibration:/home/icrs/icrsUR/install/ur_robot_driver:/home/icrs/icrsUR/install/ur_mover:/home/icrs/icrsUR/install/ur_moveit_config:/home/icrs/icrsUR/install/ur_bringup:/home/icrs/icrsUR/install/ur_description:/home/icrs/icrsUR/install/ur_controllers:/home/icrs/icrsUR/install/ur_dashboard_msgs:/home/icrs/icrsUR/install/ur_custom_interfaces:/home/icrs/icrsUR/install/service_ur5ik:/home/icrs/icrsUR/install/robotiq_description:/home/icrs/icrsUR/install/module_5_assignment:/home/icrs/icrsUR/install/module_3_assignment:/home/icrs/icrsUR/install/module_1_assignment:/home/icrs/icrsUR/install/module_10_assignment:/home/icrs/icrsUR/install/camera_control:/home/icrs/icrsUR/install/gripper_control:/opt/ros/humble LD_LIBRARY_PATH=/home/icrs/icrsUR/install/interfaces_ur5ik/lib:/home/icrs/icrsUR/install/ur_robot_driver/lib:/home/icrs/icrsUR/install/ur_controllers/lib:/home/icrs/icrsUR/install/ur_dashboard_msgs/lib:/home/icrs/icrsUR/install/ur_custom_interfaces/lib:/usr/local/cuda-11.8/lib64:/opt/ros/humble/opt/rviz_ogre_vendor/lib:/opt/ros/humble/lib/x86_64-linux-gnu:/opt/ros/humble/lib /usr/bin/cmake --build /home/icrs/icrsUR/build/service_ur5ik -- -j8 -l8
[2.255s] DEBUG:colcon.colcon_core.event_handler.log_command:Invoking command in '/home/icrs/icrsUR/build/ur_mover': CMAKE_PREFIX_PATH=/home/icrs/icrsUR/install/ur_custom_interfaces:/home/icrs/icrsUR/install/interfaces_ur5ik:/home/icrs/icrsUR/install/ur:/home/icrs/icrsUR/install/ur_calibration:/home/icrs/icrsUR/install/ur_robot_driver:/home/icrs/icrsUR/install/ur_mover:/home/icrs/icrsUR/install/ur_moveit_config:/home/icrs/icrsUR/install/ur_bringup:/home/icrs/icrsUR/install/ur_description:/home/icrs/icrsUR/install/ur_controllers:/home/icrs/icrsUR/install/ur_dashboard_msgs:/home/icrs/icrsUR/install/service_ur5ik:/home/icrs/icrsUR/install/robotiq_description:/home/icrs/icrsUR/install/module_5_assignment:/home/icrs/icrsUR/install/module_3_assignment:/home/icrs/icrsUR/install/module_1_assignment:/home/icrs/icrsUR/install/module_10_assignment:/home/icrs/icrsUR/install/camera_control:/home/icrs/icrsUR/install/gripper_control:/opt/ros/humble LD_LIBRARY_PATH=/home/icrs/icrsUR/install/ur_custom_interfaces/lib:/home/icrs/icrsUR/install/interfaces_ur5ik/lib:/home/icrs/icrsUR/install/ur_robot_driver/lib:/home/icrs/icrsUR/install/ur_controllers/lib:/home/icrs/icrsUR/install/ur_dashboard_msgs/lib:/usr/local/cuda-11.8/lib64:/opt/ros/humble/opt/rviz_ogre_vendor/lib:/opt/ros/humble/lib/x86_64-linux-gnu:/opt/ros/humble/lib /usr/bin/cmake --build /home/icrs/icrsUR/build/ur_mover -- -j8 -l8
[2.278s] DEBUG:colcon.colcon_core.event_handler.log_command:Invoking command in '/home/icrs/icrsUR/build/ur_moveit_config': CMAKE_PREFIX_PATH=/home/icrs/icrsUR/install/ur_description:/home/icrs/icrsUR/install/ur:/home/icrs/icrsUR/install/ur_calibration:/home/icrs/icrsUR/install/ur_robot_driver:/home/icrs/icrsUR/install/ur_mover:/home/icrs/icrsUR/install/ur_moveit_config:/home/icrs/icrsUR/install/ur_bringup:/home/icrs/icrsUR/install/ur_controllers:/home/icrs/icrsUR/install/ur_dashboard_msgs:/home/icrs/icrsUR/install/ur_custom_interfaces:/home/icrs/icrsUR/install/service_ur5ik:/home/icrs/icrsUR/install/robotiq_description:/home/icrs/icrsUR/install/module_5_assignment:/home/icrs/icrsUR/install/module_3_assignment:/home/icrs/icrsUR/install/module_1_assignment:/home/icrs/icrsUR/install/module_10_assignment:/home/icrs/icrsUR/install/interfaces_ur5ik:/home/icrs/icrsUR/install/camera_control:/home/icrs/icrsUR/install/gripper_control:/opt/ros/humble /usr/bin/cmake --install /home/icrs/icrsUR/build/ur_moveit_config
[2.342s] Level 1:colcon.colcon_core.environment:create_environment_scripts_only(ur_dashboard_msgs)
[2.343s] Level 1:colcon.colcon_core.environment:checking '/home/icrs/icrsUR/install/ur_dashboard_msgs' for CMake module files
[2.344s] Level 1:colcon.colcon_core.environment:checking '/home/icrs/icrsUR/install/ur_dashboard_msgs' for CMake config files
[2.345s] Level 1:colcon.colcon_core.shell:create_environment_hook('ur_dashboard_msgs', 'cmake_prefix_path')
[2.345s] INFO:colcon.colcon_core.shell:Creating environment hook '/home/icrs/icrsUR/install/ur_dashboard_msgs/share/ur_dashboard_msgs/hook/cmake_prefix_path.ps1'
[2.346s] DEBUG:colcon.colcon_core.event_handler.log_command:Invoked command in '/home/icrs/icrsUR/build/ur_dashboard_msgs' returned '0': CMAKE_PREFIX_PATH=${CMAKE_PREFIX_PATH}:/home/icrs/icrsUR/install/camera_control:/home/icrs/icrsUR/install/gripper_control:/opt/ros/humble /usr/bin/cmake --install /home/icrs/icrsUR/build/ur_dashboard_msgs
[2.350s] INFO:colcon.colcon_core.shell:Creating environment descriptor '/home/icrs/icrsUR/install/ur_dashboard_msgs/share/ur_dashboard_msgs/hook/cmake_prefix_path.dsv'
[2.351s] INFO:colcon.colcon_core.shell:Creating environment hook '/home/icrs/icrsUR/install/ur_dashboard_msgs/share/ur_dashboard_msgs/hook/cmake_prefix_path.sh'
[2.357s] Level 1:colcon.colcon_core.environment:checking '/home/icrs/icrsUR/install/ur_dashboard_msgs/lib'
[2.357s] Level 1:colcon.colcon_core.shell:create_environment_hook('ur_dashboard_msgs', 'ld_library_path_lib')
[2.358s] INFO:colcon.colcon_core.shell:Creating environment hook '/home/icrs/icrsUR/install/ur_dashboard_msgs/share/ur_dashboard_msgs/hook/ld_library_path_lib.ps1'
[2.359s] INFO:colcon.colcon_core.shell:Creating environment descriptor '/home/icrs/icrsUR/install/ur_dashboard_msgs/share/ur_dashboard_msgs/hook/ld_library_path_lib.dsv'
[2.360s] INFO:colcon.colcon_core.shell:Creating environment hook '/home/icrs/icrsUR/install/ur_dashboard_msgs/share/ur_dashboard_msgs/hook/ld_library_path_lib.sh'
[2.361s] Level 1:colcon.colcon_core.environment:checking '/home/icrs/icrsUR/install/ur_dashboard_msgs/bin'
[2.361s] Level 1:colcon.colcon_core.environment:checking '/home/icrs/icrsUR/install/ur_dashboard_msgs/lib/pkgconfig/ur_dashboard_msgs.pc'
[2.362s] Level 1:colcon.colcon_core.environment:checking '/home/icrs/icrsUR/install/ur_dashboard_msgs/lib/python3.10/site-packages'
[2.363s] Level 1:colcon.colcon_core.environment:checking '/home/icrs/icrsUR/install/ur_dashboard_msgs/bin'
[2.367s] INFO:colcon.colcon_core.shell:Creating package script '/home/icrs/icrsUR/install/ur_dashboard_msgs/share/ur_dashboard_msgs/package.ps1'
[2.370s] INFO:colcon.colcon_core.shell:Creating package descriptor '/home/icrs/icrsUR/install/ur_dashboard_msgs/share/ur_dashboard_msgs/package.dsv'
[2.371s] INFO:colcon.colcon_core.shell:Creating package script '/home/icrs/icrsUR/install/ur_dashboard_msgs/share/ur_dashboard_msgs/package.sh'
[2.375s] INFO:colcon.colcon_core.shell:Creating package script '/home/icrs/icrsUR/install/ur_dashboard_msgs/share/ur_dashboard_msgs/package.bash'
[2.376s] INFO:colcon.colcon_core.shell:Creating package script '/home/icrs/icrsUR/install/ur_dashboard_msgs/share/ur_dashboard_msgs/package.zsh'
[2.377s] Level 1:colcon.colcon_core.environment:create_file_with_runtime_dependencies(/home/icrs/icrsUR/install/ur_dashboard_msgs/share/colcon-core/packages/ur_dashboard_msgs)
[2.521s] Level 1:colcon.colcon_core.environment:create_environment_scripts_only(ur_moveit_config)
[2.522s] Level 1:colcon.colcon_core.environment:checking '/home/icrs/icrsUR/install/ur_moveit_config' for CMake module files
[2.524s] DEBUG:colcon.colcon_core.event_handler.log_command:Invoked command in '/home/icrs/icrsUR/build/ur_moveit_config' returned '0': CMAKE_PREFIX_PATH=/home/icrs/icrsUR/install/ur_description:/home/icrs/icrsUR/install/ur:/home/icrs/icrsUR/install/ur_calibration:/home/icrs/icrsUR/install/ur_robot_driver:/home/icrs/icrsUR/install/ur_mover:/home/icrs/icrsUR/install/ur_moveit_config:/home/icrs/icrsUR/install/ur_bringup:/home/icrs/icrsUR/install/ur_controllers:/home/icrs/icrsUR/install/ur_dashboard_msgs:/home/icrs/icrsUR/install/ur_custom_interfaces:/home/icrs/icrsUR/install/service_ur5ik:/home/icrs/icrsUR/install/robotiq_description:/home/icrs/icrsUR/install/module_5_assignment:/home/icrs/icrsUR/install/module_3_assignment:/home/icrs/icrsUR/install/module_1_assignment:/home/icrs/icrsUR/install/module_10_assignment:/home/icrs/icrsUR/install/interfaces_ur5ik:/home/icrs/icrsUR/install/camera_control:/home/icrs/icrsUR/install/gripper_control:/opt/ros/humble /usr/bin/cmake --install /home/icrs/icrsUR/build/ur_moveit_config
[2.524s] Level 1:colcon.colcon_core.environment:checking '/home/icrs/icrsUR/install/ur_moveit_config' for CMake config files
[2.525s] Level 1:colcon.colcon_core.shell:create_environment_hook('ur_moveit_config', 'cmake_prefix_path')
[2.525s] INFO:colcon.colcon_core.shell:Creating environment hook '/home/icrs/icrsUR/install/ur_moveit_config/share/ur_moveit_config/hook/cmake_prefix_path.ps1'
[2.526s] INFO:colcon.colcon_core.shell:Creating environment descriptor '/home/icrs/icrsUR/install/ur_moveit_config/share/ur_moveit_config/hook/cmake_prefix_path.dsv'
[2.527s] INFO:colcon.colcon_core.shell:Creating environment hook '/home/icrs/icrsUR/install/ur_moveit_config/share/ur_moveit_config/hook/cmake_prefix_path.sh'
[2.528s] Level 1:colcon.colcon_core.environment:checking '/home/icrs/icrsUR/install/ur_moveit_config/bin'
[2.528s] Level 1:colcon.colcon_core.environment:checking '/home/icrs/icrsUR/install/ur_moveit_config/lib/pkgconfig/ur_moveit_config.pc'
[2.529s] Level 1:colcon.colcon_core.environment:checking '/home/icrs/icrsUR/install/ur_moveit_config/lib/python3.10/site-packages'
[2.529s] Level 1:colcon.colcon_core.environment:checking '/home/icrs/icrsUR/install/ur_moveit_config/bin'
[2.530s] INFO:colcon.colcon_core.shell:Creating package script '/home/icrs/icrsUR/install/ur_moveit_config/share/ur_moveit_config/package.ps1'
[2.530s] INFO:colcon.colcon_core.shell:Creating package descriptor '/home/icrs/icrsUR/install/ur_moveit_config/share/ur_moveit_config/package.dsv'
[2.531s] INFO:colcon.colcon_core.shell:Creating package script '/home/icrs/icrsUR/install/ur_moveit_config/share/ur_moveit_config/package.sh'
[2.532s] INFO:colcon.colcon_core.shell:Creating package script '/home/icrs/icrsUR/install/ur_moveit_config/share/ur_moveit_config/package.bash'
[2.533s] INFO:colcon.colcon_core.shell:Creating package script '/home/icrs/icrsUR/install/ur_moveit_config/share/ur_moveit_config/package.zsh'
[2.533s] Level 1:colcon.colcon_core.environment:create_file_with_runtime_dependencies(/home/icrs/icrsUR/install/ur_moveit_config/share/colcon-core/packages/ur_moveit_config)
[2.572s] Level 1:colcon.colcon_core.environment:create_environment_scripts_only(ur_moveit_config)
[2.572s] Level 1:colcon.colcon_core.environment:checking '/home/icrs/icrsUR/install/ur_moveit_config' for CMake module files
[2.574s] Level 1:colcon.colcon_core.environment:checking '/home/icrs/icrsUR/install/ur_moveit_config' for CMake config files
[2.574s] Level 1:colcon.colcon_core.shell:create_environment_hook('ur_moveit_config', 'cmake_prefix_path')
[2.575s] INFO:colcon.colcon_core.shell:Creating environment hook '/home/icrs/icrsUR/install/ur_moveit_config/share/ur_moveit_config/hook/cmake_prefix_path.ps1'
[2.575s] INFO:colcon.colcon_core.shell:Creating environment descriptor '/home/icrs/icrsUR/install/ur_moveit_config/share/ur_moveit_config/hook/cmake_prefix_path.dsv'
[2.576s] INFO:colcon.colcon_core.shell:Creating environment hook '/home/icrs/icrsUR/install/ur_moveit_config/share/ur_moveit_config/hook/cmake_prefix_path.sh'
[2.577s] Level 1:colcon.colcon_core.environment:checking '/home/icrs/icrsUR/install/ur_moveit_config/bin'
[2.577s] Level 1:colcon.colcon_core.environment:checking '/home/icrs/icrsUR/install/ur_moveit_config/lib/pkgconfig/ur_moveit_config.pc'
[2.578s] Level 1:colcon.colcon_core.environment:checking '/home/icrs/icrsUR/install/ur_moveit_config/lib/python3.10/site-packages'
[2.578s] Level 1:colcon.colcon_core.environment:checking '/home/icrs/icrsUR/install/ur_moveit_config/bin'
[2.579s] INFO:colcon.colcon_core.shell:Creating package script '/home/icrs/icrsUR/install/ur_moveit_config/share/ur_moveit_config/package.ps1'
[2.580s] INFO:colcon.colcon_core.shell:Creating package descriptor '/home/icrs/icrsUR/install/ur_moveit_config/share/ur_moveit_config/package.dsv'
[2.581s] INFO:colcon.colcon_core.shell:Creating package script '/home/icrs/icrsUR/install/ur_moveit_config/share/ur_moveit_config/package.sh'
[2.582s] INFO:colcon.colcon_core.shell:Creating package script '/home/icrs/icrsUR/install/ur_moveit_config/share/ur_moveit_config/package.bash'
[2.583s] INFO:colcon.colcon_core.shell:Creating package script '/home/icrs/icrsUR/install/ur_moveit_config/share/ur_moveit_config/package.zsh'
[2.584s] Level 1:colcon.colcon_core.environment:create_file_with_runtime_dependencies(/home/icrs/icrsUR/install/ur_moveit_config/share/colcon-core/packages/ur_moveit_config)
[2.811s] Level 1:colcon.colcon_core.environment:create_environment_scripts_only(ur_dashboard_msgs)
[2.812s] Level 1:colcon.colcon_core.environment:checking '/home/icrs/icrsUR/install/ur_dashboard_msgs' for CMake module files
[2.813s] Level 1:colcon.colcon_core.environment:checking '/home/icrs/icrsUR/install/ur_dashboard_msgs' for CMake config files
[2.813s] Level 1:colcon.colcon_core.shell:create_environment_hook('ur_dashboard_msgs', 'cmake_prefix_path')
[2.814s] INFO:colcon.colcon_core.shell:Creating environment hook '/home/icrs/icrsUR/install/ur_dashboard_msgs/share/ur_dashboard_msgs/hook/cmake_prefix_path.ps1'
[2.815s] INFO:colcon.colcon_core.shell:Creating environment descriptor '/home/icrs/icrsUR/install/ur_dashboard_msgs/share/ur_dashboard_msgs/hook/cmake_prefix_path.dsv'
[2.815s] INFO:colcon.colcon_core.shell:Creating environment hook '/home/icrs/icrsUR/install/ur_dashboard_msgs/share/ur_dashboard_msgs/hook/cmake_prefix_path.sh'
[2.816s] Level 1:colcon.colcon_core.environment:checking '/home/icrs/icrsUR/install/ur_dashboard_msgs/lib'
[2.816s] Level 1:colcon.colcon_core.shell:create_environment_hook('ur_dashboard_msgs', 'ld_library_path_lib')
[2.817s] INFO:colcon.colcon_core.shell:Creating environment hook '/home/icrs/icrsUR/install/ur_dashboard_msgs/share/ur_dashboard_msgs/hook/ld_library_path_lib.ps1'
[2.817s] INFO:colcon.colcon_core.shell:Creating environment descriptor '/home/icrs/icrsUR/install/ur_dashboard_msgs/share/ur_dashboard_msgs/hook/ld_library_path_lib.dsv'
[2.818s] INFO:colcon.colcon_core.shell:Creating environment hook '/home/icrs/icrsUR/install/ur_dashboard_msgs/share/ur_dashboard_msgs/hook/ld_library_path_lib.sh'
[2.819s] Level 1:colcon.colcon_core.environment:checking '/home/icrs/icrsUR/install/ur_dashboard_msgs/bin'
[2.819s] Level 1:colcon.colcon_core.environment:checking '/home/icrs/icrsUR/install/ur_dashboard_msgs/lib/pkgconfig/ur_dashboard_msgs.pc'
[2.819s] Level 1:colcon.colcon_core.environment:checking '/home/icrs/icrsUR/install/ur_dashboard_msgs/lib/python3.10/site-packages'
[2.820s] Level 1:colcon.colcon_core.environment:checking '/home/icrs/icrsUR/install/ur_dashboard_msgs/bin'
[2.820s] INFO:colcon.colcon_core.shell:Creating package script '/home/icrs/icrsUR/install/ur_dashboard_msgs/share/ur_dashboard_msgs/package.ps1'
[2.822s] INFO:colcon.colcon_core.shell:Creating package descriptor '/home/icrs/icrsUR/install/ur_dashboard_msgs/share/ur_dashboard_msgs/package.dsv'
[2.823s] INFO:colcon.colcon_core.shell:Creating package script '/home/icrs/icrsUR/install/ur_dashboard_msgs/share/ur_dashboard_msgs/package.sh'
[2.823s] INFO:colcon.colcon_core.shell:Creating package script '/home/icrs/icrsUR/install/ur_dashboard_msgs/share/ur_dashboard_msgs/package.bash'
[2.824s] INFO:colcon.colcon_core.shell:Creating package script '/home/icrs/icrsUR/install/ur_dashboard_msgs/share/ur_dashboard_msgs/package.zsh'
[2.825s] Level 1:colcon.colcon_core.environment:create_file_with_runtime_dependencies(/home/icrs/icrsUR/install/ur_dashboard_msgs/share/colcon-core/packages/ur_dashboard_msgs)
[2.825s] INFO:colcon.colcon_ros.task.ament_cmake.build:Building ROS package in '/home/icrs/icrsUR/src/Universal_Robots_ROS2_Driver/ur_controllers' with build type 'ament_cmake'
[2.826s] INFO:colcon.colcon_cmake.task.cmake.build:Building CMake package in '/home/icrs/icrsUR/src/Universal_Robots_ROS2_Driver/ur_controllers'
[2.826s] INFO:colcon.colcon_core.shell:Skip shell extension 'powershell' for command environment: Not usable outside of PowerShell
[2.826s] DEBUG:colcon.colcon_core.shell:Skip shell extension 'dsv' for command environment
[2.848s] DEBUG:colcon.colcon_core.event_handler.log_command:Invoking command in '/home/icrs/icrsUR/build/ur_controllers': CMAKE_PREFIX_PATH=/home/icrs/icrsUR/install/ur_dashboard_msgs:/home/icrs/icrsUR/install/ur:/home/icrs/icrsUR/install/ur_calibration:/home/icrs/icrsUR/install/ur_robot_driver:/home/icrs/icrsUR/install/ur_mover:/home/icrs/icrsUR/install/ur_moveit_config:/home/icrs/icrsUR/install/ur_bringup:/home/icrs/icrsUR/install/ur_description:/home/icrs/icrsUR/install/ur_controllers:/home/icrs/icrsUR/install/ur_custom_interfaces:/home/icrs/icrsUR/install/service_ur5ik:/home/icrs/icrsUR/install/robotiq_description:/home/icrs/icrsUR/install/module_5_assignment:/home/icrs/icrsUR/install/module_3_assignment:/home/icrs/icrsUR/install/module_1_assignment:/home/icrs/icrsUR/install/module_10_assignment:/home/icrs/icrsUR/install/interfaces_ur5ik:/home/icrs/icrsUR/install/camera_control:/home/icrs/icrsUR/install/gripper_control:/opt/ros/humble LD_LIBRARY_PATH=/home/icrs/icrsUR/install/ur_dashboard_msgs/lib:/home/icrs/icrsUR/install/ur_robot_driver/lib:/home/icrs/icrsUR/install/ur_controllers/lib:/home/icrs/icrsUR/install/ur_custom_interfaces/lib:/home/icrs/icrsUR/install/interfaces_ur5ik/lib:/usr/local/cuda-11.8/lib64:/opt/ros/humble/opt/rviz_ogre_vendor/lib:/opt/ros/humble/lib/x86_64-linux-gnu:/opt/ros/humble/lib /usr/bin/cmake --build /home/icrs/icrsUR/build/ur_controllers -- -j8 -l8
[2.895s] Level 1:colcon.colcon_core.environment:checking '/home/icrs/icrsUR/install/gripper_control' for CMake module files
[2.896s] Level 1:colcon.colcon_core.environment:checking '/home/icrs/icrsUR/install/gripper_control' for CMake config files
[2.898s] Level 1:colcon.colcon_core.environment:checking '/home/icrs/icrsUR/install/gripper_control/lib'
[2.899s] DEBUG:colcon.colcon_core.event_handler.log_command:Invoked command in '/home/icrs/icrsUR/src/gripper_control' returned '0': PYTHONPATH=/home/icrs/icrsUR/build/gripper_control/prefix_override:/usr/lib/python3/dist-packages/colcon_core/task/python/colcon_distutils_commands:/home/icrs/icrsUR/install/gripper_control/lib/python3.10/site-packages:${PYTHONPATH} /usr/bin/python3 -W ignore:setup.py install is deprecated setup.py egg_info --egg-base ../../build/gripper_control build --build-base /home/icrs/icrsUR/build/gripper_control/build install --record /home/icrs/icrsUR/build/gripper_control/install.log --single-version-externally-managed install_data
[2.899s] Level 1:colcon.colcon_core.environment:checking '/home/icrs/icrsUR/install/gripper_control/bin'
[2.899s] Level 1:colcon.colcon_core.environment:checking '/home/icrs/icrsUR/install/gripper_control/lib/pkgconfig/gripper_control.pc'
[2.900s] Level 1:colcon.colcon_core.environment:checking '/home/icrs/icrsUR/install/gripper_control/lib/python3.10/site-packages'
[2.900s] Level 1:colcon.colcon_core.shell:create_environment_hook('gripper_control', 'pythonpath')
[2.901s] INFO:colcon.colcon_core.shell:Creating environment hook '/home/icrs/icrsUR/install/gripper_control/share/gripper_control/hook/pythonpath.ps1'
[2.902s] INFO:colcon.colcon_core.shell:Creating environment descriptor '/home/icrs/icrsUR/install/gripper_control/share/gripper_control/hook/pythonpath.dsv'
[2.903s] INFO:colcon.colcon_core.shell:Creating environment hook '/home/icrs/icrsUR/install/gripper_control/share/gripper_control/hook/pythonpath.sh'
[2.904s] Level 1:colcon.colcon_core.environment:checking '/home/icrs/icrsUR/install/gripper_control/bin'
[2.904s] Level 1:colcon.colcon_core.environment:create_environment_scripts_only(gripper_control)
[2.905s] INFO:colcon.colcon_core.shell:Creating package script '/home/icrs/icrsUR/install/gripper_control/share/gripper_control/package.ps1'
[2.906s] INFO:colcon.colcon_core.shell:Creating package descriptor '/home/icrs/icrsUR/install/gripper_control/share/gripper_control/package.dsv'
[2.908s] INFO:colcon.colcon_core.shell:Creating package script '/home/icrs/icrsUR/install/gripper_control/share/gripper_control/package.sh'
[2.910s] INFO:colcon.colcon_core.shell:Creating package script '/home/icrs/icrsUR/install/gripper_control/share/gripper_control/package.bash'
[2.911s] INFO:colcon.colcon_core.shell:Creating package script '/home/icrs/icrsUR/install/gripper_control/share/gripper_control/package.zsh'
[2.912s] Level 1:colcon.colcon_core.environment:create_file_with_runtime_dependencies(/home/icrs/icrsUR/install/gripper_control/share/colcon-core/packages/gripper_control)
[2.941s] DEBUG:colcon.colcon_core.event_handler.log_command:Invoked command in '/home/icrs/icrsUR/build/service_ur5ik' returned '0': CMAKE_PREFIX_PATH=/home/icrs/icrsUR/install/interfaces_ur5ik:/home/icrs/icrsUR/install/ur:/home/icrs/icrsUR/install/ur_calibration:/home/icrs/icrsUR/install/ur_robot_driver:/home/icrs/icrsUR/install/ur_mover:/home/icrs/icrsUR/install/ur_moveit_config:/home/icrs/icrsUR/install/ur_bringup:/home/icrs/icrsUR/install/ur_description:/home/icrs/icrsUR/install/ur_controllers:/home/icrs/icrsUR/install/ur_dashboard_msgs:/home/icrs/icrsUR/install/ur_custom_interfaces:/home/icrs/icrsUR/install/service_ur5ik:/home/icrs/icrsUR/install/robotiq_description:/home/icrs/icrsUR/install/module_5_assignment:/home/icrs/icrsUR/install/module_3_assignment:/home/icrs/icrsUR/install/module_1_assignment:/home/icrs/icrsUR/install/module_10_assignment:/home/icrs/icrsUR/install/camera_control:/home/icrs/icrsUR/install/gripper_control:/opt/ros/humble LD_LIBRARY_PATH=/home/icrs/icrsUR/install/interfaces_ur5ik/lib:/home/icrs/icrsUR/install/ur_robot_driver/lib:/home/icrs/icrsUR/install/ur_controllers/lib:/home/icrs/icrsUR/install/ur_dashboard_msgs/lib:/home/icrs/icrsUR/install/ur_custom_interfaces/lib:/usr/local/cuda-11.8/lib64:/opt/ros/humble/opt/rviz_ogre_vendor/lib:/opt/ros/humble/lib/x86_64-linux-gnu:/opt/ros/humble/lib /usr/bin/cmake --build /home/icrs/icrsUR/build/service_ur5ik -- -j8 -l8
[2.980s] DEBUG:colcon.colcon_core.event_handler.log_command:Invoking command in '/home/icrs/icrsUR/build/service_ur5ik': CMAKE_PREFIX_PATH=/home/icrs/icrsUR/install/interfaces_ur5ik:/home/icrs/icrsUR/install/ur:/home/icrs/icrsUR/install/ur_calibration:/home/icrs/icrsUR/install/ur_robot_driver:/home/icrs/icrsUR/install/ur_mover:/home/icrs/icrsUR/install/ur_moveit_config:/home/icrs/icrsUR/install/ur_bringup:/home/icrs/icrsUR/install/ur_description:/home/icrs/icrsUR/install/ur_controllers:/home/icrs/icrsUR/install/ur_dashboard_msgs:/home/icrs/icrsUR/install/ur_custom_interfaces:/home/icrs/icrsUR/install/service_ur5ik:/home/icrs/icrsUR/install/robotiq_description:/home/icrs/icrsUR/install/module_5_assignment:/home/icrs/icrsUR/install/module_3_assignment:/home/icrs/icrsUR/install/module_1_assignment:/home/icrs/icrsUR/install/module_10_assignment:/home/icrs/icrsUR/install/camera_control:/home/icrs/icrsUR/install/gripper_control:/opt/ros/humble LD_LIBRARY_PATH=/home/icrs/icrsUR/install/interfaces_ur5ik/lib:/home/icrs/icrsUR/install/ur_robot_driver/lib:/home/icrs/icrsUR/install/ur_controllers/lib:/home/icrs/icrsUR/install/ur_dashboard_msgs/lib:/home/icrs/icrsUR/install/ur_custom_interfaces/lib:/usr/local/cuda-11.8/lib64:/opt/ros/humble/opt/rviz_ogre_vendor/lib:/opt/ros/humble/lib/x86_64-linux-gnu:/opt/ros/humble/lib /usr/bin/cmake --install /home/icrs/icrsUR/build/service_ur5ik
[2.985s] DEBUG:colcon.colcon_core.event_handler.log_command:Invoked command in '/home/icrs/icrsUR/build/ur_controllers' returned '0': CMAKE_PREFIX_PATH=/home/icrs/icrsUR/install/ur_dashboard_msgs:/home/icrs/icrsUR/install/ur:/home/icrs/icrsUR/install/ur_calibration:/home/icrs/icrsUR/install/ur_robot_driver:/home/icrs/icrsUR/install/ur_mover:/home/icrs/icrsUR/install/ur_moveit_config:/home/icrs/icrsUR/install/ur_bringup:/home/icrs/icrsUR/install/ur_description:/home/icrs/icrsUR/install/ur_controllers:/home/icrs/icrsUR/install/ur_custom_interfaces:/home/icrs/icrsUR/install/service_ur5ik:/home/icrs/icrsUR/install/robotiq_description:/home/icrs/icrsUR/install/module_5_assignment:/home/icrs/icrsUR/install/module_3_assignment:/home/icrs/icrsUR/install/module_1_assignment:/home/icrs/icrsUR/install/module_10_assignment:/home/icrs/icrsUR/install/interfaces_ur5ik:/home/icrs/icrsUR/install/camera_control:/home/icrs/icrsUR/install/gripper_control:/opt/ros/humble LD_LIBRARY_PATH=/home/icrs/icrsUR/install/ur_dashboard_msgs/lib:/home/icrs/icrsUR/install/ur_robot_driver/lib:/home/icrs/icrsUR/install/ur_controllers/lib:/home/icrs/icrsUR/install/ur_custom_interfaces/lib:/home/icrs/icrsUR/install/interfaces_ur5ik/lib:/usr/local/cuda-11.8/lib64:/opt/ros/humble/opt/rviz_ogre_vendor/lib:/opt/ros/humble/lib/x86_64-linux-gnu:/opt/ros/humble/lib /usr/bin/cmake --build /home/icrs/icrsUR/build/ur_controllers -- -j8 -l8
[3.026s] DEBUG:colcon.colcon_core.event_handler.log_command:Invoking command in '/home/icrs/icrsUR/build/ur_controllers': CMAKE_PREFIX_PATH=/home/icrs/icrsUR/install/ur_dashboard_msgs:/home/icrs/icrsUR/install/ur:/home/icrs/icrsUR/install/ur_calibration:/home/icrs/icrsUR/install/ur_robot_driver:/home/icrs/icrsUR/install/ur_mover:/home/icrs/icrsUR/install/ur_moveit_config:/home/icrs/icrsUR/install/ur_bringup:/home/icrs/icrsUR/install/ur_description:/home/icrs/icrsUR/install/ur_controllers:/home/icrs/icrsUR/install/ur_custom_interfaces:/home/icrs/icrsUR/install/service_ur5ik:/home/icrs/icrsUR/install/robotiq_description:/home/icrs/icrsUR/install/module_5_assignment:/home/icrs/icrsUR/install/module_3_assignment:/home/icrs/icrsUR/install/module_1_assignment:/home/icrs/icrsUR/install/module_10_assignment:/home/icrs/icrsUR/install/interfaces_ur5ik:/home/icrs/icrsUR/install/camera_control:/home/icrs/icrsUR/install/gripper_control:/opt/ros/humble LD_LIBRARY_PATH=/home/icrs/icrsUR/install/ur_dashboard_msgs/lib:/home/icrs/icrsUR/install/ur_robot_driver/lib:/home/icrs/icrsUR/install/ur_controllers/lib:/home/icrs/icrsUR/install/ur_custom_interfaces/lib:/home/icrs/icrsUR/install/interfaces_ur5ik/lib:/usr/local/cuda-11.8/lib64:/opt/ros/humble/opt/rviz_ogre_vendor/lib:/opt/ros/humble/lib/x86_64-linux-gnu:/opt/ros/humble/lib /usr/bin/cmake --install /home/icrs/icrsUR/build/ur_controllers
[3.053s] Level 1:colcon.colcon_core.environment:create_environment_scripts_only(ur_controllers)
[3.054s] Level 1:colcon.colcon_core.environment:checking '/home/icrs/icrsUR/install/ur_controllers' for CMake module files
[3.055s] DEBUG:colcon.colcon_core.event_handler.log_command:Invoked command in '/home/icrs/icrsUR/build/ur_controllers' returned '0': CMAKE_PREFIX_PATH=/home/icrs/icrsUR/install/ur_dashboard_msgs:/home/icrs/icrsUR/install/ur:/home/icrs/icrsUR/install/ur_calibration:/home/icrs/icrsUR/install/ur_robot_driver:/home/icrs/icrsUR/install/ur_mover:/home/icrs/icrsUR/install/ur_moveit_config:/home/icrs/icrsUR/install/ur_bringup:/home/icrs/icrsUR/install/ur_description:/home/icrs/icrsUR/install/ur_controllers:/home/icrs/icrsUR/install/ur_custom_interfaces:/home/icrs/icrsUR/install/service_ur5ik:/home/icrs/icrsUR/install/robotiq_description:/home/icrs/icrsUR/install/module_5_assignment:/home/icrs/icrsUR/install/module_3_assignment:/home/icrs/icrsUR/install/module_1_assignment:/home/icrs/icrsUR/install/module_10_assignment:/home/icrs/icrsUR/install/interfaces_ur5ik:/home/icrs/icrsUR/install/camera_control:/home/icrs/icrsUR/install/gripper_control:/opt/ros/humble LD_LIBRARY_PATH=/home/icrs/icrsUR/install/ur_dashboard_msgs/lib:/home/icrs/icrsUR/install/ur_robot_driver/lib:/home/icrs/icrsUR/install/ur_controllers/lib:/home/icrs/icrsUR/install/ur_custom_interfaces/lib:/home/icrs/icrsUR/install/interfaces_ur5ik/lib:/usr/local/cuda-11.8/lib64:/opt/ros/humble/opt/rviz_ogre_vendor/lib:/opt/ros/humble/lib/x86_64-linux-gnu:/opt/ros/humble/lib /usr/bin/cmake --install /home/icrs/icrsUR/build/ur_controllers
[3.056s] Level 1:colcon.colcon_core.environment:checking '/home/icrs/icrsUR/install/ur_controllers' for CMake config files
[3.056s] Level 1:colcon.colcon_core.shell:create_environment_hook('ur_controllers', 'cmake_prefix_path')
[3.058s] INFO:colcon.colcon_core.shell:Creating environment hook '/home/icrs/icrsUR/install/ur_controllers/share/ur_controllers/hook/cmake_prefix_path.ps1'
[3.060s] INFO:colcon.colcon_core.shell:Creating environment descriptor '/home/icrs/icrsUR/install/ur_controllers/share/ur_controllers/hook/cmake_prefix_path.dsv'
[3.061s] INFO:colcon.colcon_core.shell:Creating environment hook '/home/icrs/icrsUR/install/ur_controllers/share/ur_controllers/hook/cmake_prefix_path.sh'
[3.062s] Level 1:colcon.colcon_core.environment:checking '/home/icrs/icrsUR/install/ur_controllers/lib'
[3.062s] Level 1:colcon.colcon_core.shell:create_environment_hook('ur_controllers', 'ld_library_path_lib')
[3.062s] INFO:colcon.colcon_core.shell:Creating environment hook '/home/icrs/icrsUR/install/ur_controllers/share/ur_controllers/hook/ld_library_path_lib.ps1'
[3.063s] INFO:colcon.colcon_core.shell:Creating environment descriptor '/home/icrs/icrsUR/install/ur_controllers/share/ur_controllers/hook/ld_library_path_lib.dsv'
[3.063s] INFO:colcon.colcon_core.shell:Creating environment hook '/home/icrs/icrsUR/install/ur_controllers/share/ur_controllers/hook/ld_library_path_lib.sh'
[3.064s] Level 1:colcon.colcon_core.environment:checking '/home/icrs/icrsUR/install/ur_controllers/bin'
[3.064s] Level 1:colcon.colcon_core.environment:checking '/home/icrs/icrsUR/install/ur_controllers/lib/pkgconfig/ur_controllers.pc'
[3.064s] Level 1:colcon.colcon_core.environment:checking '/home/icrs/icrsUR/install/ur_controllers/lib/python3.10/site-packages'
[3.065s] Level 1:colcon.colcon_core.environment:checking '/home/icrs/icrsUR/install/ur_controllers/bin'
[3.065s] INFO:colcon.colcon_core.shell:Creating package script '/home/icrs/icrsUR/install/ur_controllers/share/ur_controllers/package.ps1'
[3.066s] INFO:colcon.colcon_core.shell:Creating package descriptor '/home/icrs/icrsUR/install/ur_controllers/share/ur_controllers/package.dsv'
[3.066s] INFO:colcon.colcon_core.shell:Creating package script '/home/icrs/icrsUR/install/ur_controllers/share/ur_controllers/package.sh'
[3.067s] INFO:colcon.colcon_core.shell:Creating package script '/home/icrs/icrsUR/install/ur_controllers/share/ur_controllers/package.bash'
[3.067s] INFO:colcon.colcon_core.shell:Creating package script '/home/icrs/icrsUR/install/ur_controllers/share/ur_controllers/package.zsh'
[3.067s] Level 1:colcon.colcon_core.environment:create_file_with_runtime_dependencies(/home/icrs/icrsUR/install/ur_controllers/share/colcon-core/packages/ur_controllers)
[3.070s] Level 1:colcon.colcon_core.environment:create_environment_scripts_only(service_ur5ik)
[3.070s] Level 1:colcon.colcon_core.environment:checking '/home/icrs/icrsUR/install/service_ur5ik' for CMake module files
[3.071s] DEBUG:colcon.colcon_core.event_handler.log_command:Invoked command in '/home/icrs/icrsUR/build/service_ur5ik' returned '0': CMAKE_PREFIX_PATH=/home/icrs/icrsUR/install/interfaces_ur5ik:/home/icrs/icrsUR/install/ur:/home/icrs/icrsUR/install/ur_calibration:/home/icrs/icrsUR/install/ur_robot_driver:/home/icrs/icrsUR/install/ur_mover:/home/icrs/icrsUR/install/ur_moveit_config:/home/icrs/icrsUR/install/ur_bringup:/home/icrs/icrsUR/install/ur_description:/home/icrs/icrsUR/install/ur_controllers:/home/icrs/icrsUR/install/ur_dashboard_msgs:/home/icrs/icrsUR/install/ur_custom_interfaces:/home/icrs/icrsUR/install/service_ur5ik:/home/icrs/icrsUR/install/robotiq_description:/home/icrs/icrsUR/install/module_5_assignment:/home/icrs/icrsUR/install/module_3_assignment:/home/icrs/icrsUR/install/module_1_assignment:/home/icrs/icrsUR/install/module_10_assignment:/home/icrs/icrsUR/install/camera_control:/home/icrs/icrsUR/install/gripper_control:/opt/ros/humble LD_LIBRARY_PATH=/home/icrs/icrsUR/install/interfaces_ur5ik/lib:/home/icrs/icrsUR/install/ur_robot_driver/lib:/home/icrs/icrsUR/install/ur_controllers/lib:/home/icrs/icrsUR/install/ur_dashboard_msgs/lib:/home/icrs/icrsUR/install/ur_custom_interfaces/lib:/usr/local/cuda-11.8/lib64:/opt/ros/humble/opt/rviz_ogre_vendor/lib:/opt/ros/humble/lib/x86_64-linux-gnu:/opt/ros/humble/lib /usr/bin/cmake --install /home/icrs/icrsUR/build/service_ur5ik
[3.073s] Level 1:colcon.colcon_core.environment:checking '/home/icrs/icrsUR/install/service_ur5ik' for CMake config files
[3.074s] Level 1:colcon.colcon_core.shell:create_environment_hook('service_ur5ik', 'cmake_prefix_path')
[3.074s] INFO:colcon.colcon_core.shell:Creating environment hook '/home/icrs/icrsUR/install/service_ur5ik/share/service_ur5ik/hook/cmake_prefix_path.ps1'
[3.075s] INFO:colcon.colcon_core.shell:Creating environment descriptor '/home/icrs/icrsUR/install/service_ur5ik/share/service_ur5ik/hook/cmake_prefix_path.dsv'
[3.076s] INFO:colcon.colcon_core.shell:Creating environment hook '/home/icrs/icrsUR/install/service_ur5ik/share/service_ur5ik/hook/cmake_prefix_path.sh'
[3.077s] Level 1:colcon.colcon_core.environment:checking '/home/icrs/icrsUR/install/service_ur5ik/lib'
[3.077s] Level 1:colcon.colcon_core.environment:checking '/home/icrs/icrsUR/install/service_ur5ik/bin'
[3.077s] Level 1:colcon.colcon_core.environment:checking '/home/icrs/icrsUR/install/service_ur5ik/lib/pkgconfig/service_ur5ik.pc'
[3.077s] Level 1:colcon.colcon_core.environment:checking '/home/icrs/icrsUR/install/service_ur5ik/lib/python3.10/site-packages'
[3.078s] Level 1:colcon.colcon_core.environment:checking '/home/icrs/icrsUR/install/service_ur5ik/bin'
[3.078s] INFO:colcon.colcon_core.shell:Creating package script '/home/icrs/icrsUR/install/service_ur5ik/share/service_ur5ik/package.ps1'
[3.079s] INFO:colcon.colcon_core.shell:Creating package descriptor '/home/icrs/icrsUR/install/service_ur5ik/share/service_ur5ik/package.dsv'
[3.080s] INFO:colcon.colcon_core.shell:Creating package script '/home/icrs/icrsUR/install/service_ur5ik/share/service_ur5ik/package.sh'
[3.081s] INFO:colcon.colcon_core.shell:Creating package script '/home/icrs/icrsUR/install/service_ur5ik/share/service_ur5ik/package.bash'
[3.081s] INFO:colcon.colcon_core.shell:Creating package script '/home/icrs/icrsUR/install/service_ur5ik/share/service_ur5ik/package.zsh'
[3.082s] Level 1:colcon.colcon_core.environment:create_file_with_runtime_dependencies(/home/icrs/icrsUR/install/service_ur5ik/share/colcon-core/packages/service_ur5ik)
[3.109s] Level 1:colcon.colcon_core.environment:create_environment_scripts_only(ur_controllers)
[3.110s] Level 1:colcon.colcon_core.environment:checking '/home/icrs/icrsUR/install/ur_controllers' for CMake module files
[3.111s] Level 1:colcon.colcon_core.environment:checking '/home/icrs/icrsUR/install/ur_controllers' for CMake config files
[3.111s] Level 1:colcon.colcon_core.shell:create_environment_hook('ur_controllers', 'cmake_prefix_path')
[3.112s] INFO:colcon.colcon_core.shell:Creating environment hook '/home/icrs/icrsUR/install/ur_controllers/share/ur_controllers/hook/cmake_prefix_path.ps1'
[3.113s] INFO:colcon.colcon_core.shell:Creating environment descriptor '/home/icrs/icrsUR/install/ur_controllers/share/ur_controllers/hook/cmake_prefix_path.dsv'
[3.113s] INFO:colcon.colcon_core.shell:Creating environment hook '/home/icrs/icrsUR/install/ur_controllers/share/ur_controllers/hook/cmake_prefix_path.sh'
[3.115s] Level 1:colcon.colcon_core.environment:checking '/home/icrs/icrsUR/install/ur_controllers/lib'
[3.115s] Level 1:colcon.colcon_core.shell:create_environment_hook('ur_controllers', 'ld_library_path_lib')
[3.115s] INFO:colcon.colcon_core.shell:Creating environment hook '/home/icrs/icrsUR/install/ur_controllers/share/ur_controllers/hook/ld_library_path_lib.ps1'
[3.116s] INFO:colcon.colcon_core.shell:Creating environment descriptor '/home/icrs/icrsUR/install/ur_controllers/share/ur_controllers/hook/ld_library_path_lib.dsv'
[3.117s] INFO:colcon.colcon_core.shell:Creating environment hook '/home/icrs/icrsUR/install/ur_controllers/share/ur_controllers/hook/ld_library_path_lib.sh'
[3.118s] Level 1:colcon.colcon_core.environment:checking '/home/icrs/icrsUR/install/ur_controllers/bin'
[3.118s] Level 1:colcon.colcon_core.environment:checking '/home/icrs/icrsUR/install/ur_controllers/lib/pkgconfig/ur_controllers.pc'
[3.118s] Level 1:colcon.colcon_core.environment:checking '/home/icrs/icrsUR/install/ur_controllers/lib/python3.10/site-packages'
[3.119s] Level 1:colcon.colcon_core.environment:checking '/home/icrs/icrsUR/install/ur_controllers/bin'
[3.120s] INFO:colcon.colcon_core.shell:Creating package script '/home/icrs/icrsUR/install/ur_controllers/share/ur_controllers/package.ps1'
[3.121s] INFO:colcon.colcon_core.shell:Creating package descriptor '/home/icrs/icrsUR/install/ur_controllers/share/ur_controllers/package.dsv'
[3.123s] INFO:colcon.colcon_core.shell:Creating package script '/home/icrs/icrsUR/install/ur_controllers/share/ur_controllers/package.sh'
[3.124s] INFO:colcon.colcon_core.shell:Creating package script '/home/icrs/icrsUR/install/ur_controllers/share/ur_controllers/package.bash'
[3.127s] INFO:colcon.colcon_core.shell:Creating package script '/home/icrs/icrsUR/install/ur_controllers/share/ur_controllers/package.zsh'
[3.128s] Level 1:colcon.colcon_core.environment:create_file_with_runtime_dependencies(/home/icrs/icrsUR/install/ur_controllers/share/colcon-core/packages/ur_controllers)
[3.129s] INFO:colcon.colcon_ros.task.ament_cmake.build:Building ROS package in '/home/icrs/icrsUR/src/Universal_Robots_ROS2_Driver/ur_robot_driver' with build type 'ament_cmake'
[3.129s] INFO:colcon.colcon_cmake.task.cmake.build:Building CMake package in '/home/icrs/icrsUR/src/Universal_Robots_ROS2_Driver/ur_robot_driver'
[3.130s] INFO:colcon.colcon_core.shell:Skip shell extension 'powershell' for command environment: Not usable outside of PowerShell
[3.130s] DEBUG:colcon.colcon_core.shell:Skip shell extension 'dsv' for command environment
[3.139s] INFO:colcon.colcon_ros.task.ament_cmake.build:Building ROS package in '/home/icrs/icrsUR/src/Universal_Robots_ROS2_Driver/ur_bringup' with build type 'ament_cmake'
[3.139s] INFO:colcon.colcon_cmake.task.cmake.build:Building CMake package in '/home/icrs/icrsUR/src/Universal_Robots_ROS2_Driver/ur_bringup'
[3.140s] INFO:colcon.colcon_core.shell:Skip shell extension 'powershell' for command environment: Not usable outside of PowerShell
[3.140s] DEBUG:colcon.colcon_core.shell:Skip shell extension 'dsv' for command environment
[3.151s] Level 1:colcon.colcon_core.environment:create_environment_scripts_only(service_ur5ik)
[3.152s] Level 1:colcon.colcon_core.environment:checking '/home/icrs/icrsUR/install/service_ur5ik' for CMake module files
[3.154s] Level 1:colcon.colcon_core.environment:checking '/home/icrs/icrsUR/install/service_ur5ik' for CMake config files
[3.155s] Level 1:colcon.colcon_core.shell:create_environment_hook('service_ur5ik', 'cmake_prefix_path')
[3.156s] INFO:colcon.colcon_core.shell:Creating environment hook '/home/icrs/icrsUR/install/service_ur5ik/share/service_ur5ik/hook/cmake_prefix_path.ps1'
[3.157s] INFO:colcon.colcon_core.shell:Creating environment descriptor '/home/icrs/icrsUR/install/service_ur5ik/share/service_ur5ik/hook/cmake_prefix_path.dsv'
[3.160s] INFO:colcon.colcon_core.shell:Creating environment hook '/home/icrs/icrsUR/install/service_ur5ik/share/service_ur5ik/hook/cmake_prefix_path.sh'
[3.162s] Level 1:colcon.colcon_core.environment:checking '/home/icrs/icrsUR/install/service_ur5ik/lib'
[3.162s] Level 1:colcon.colcon_core.environment:checking '/home/icrs/icrsUR/install/service_ur5ik/bin'
[3.162s] Level 1:colcon.colcon_core.environment:checking '/home/icrs/icrsUR/install/service_ur5ik/lib/pkgconfig/service_ur5ik.pc'
[3.163s] Level 1:colcon.colcon_core.environment:checking '/home/icrs/icrsUR/install/service_ur5ik/lib/python3.10/site-packages'
[3.163s] Level 1:colcon.colcon_core.environment:checking '/home/icrs/icrsUR/install/service_ur5ik/bin'
[3.164s] INFO:colcon.colcon_core.shell:Creating package script '/home/icrs/icrsUR/install/service_ur5ik/share/service_ur5ik/package.ps1'
[3.165s] INFO:colcon.colcon_core.shell:Creating package descriptor '/home/icrs/icrsUR/install/service_ur5ik/share/service_ur5ik/package.dsv'
[3.166s] INFO:colcon.colcon_core.shell:Creating package script '/home/icrs/icrsUR/install/service_ur5ik/share/service_ur5ik/package.sh'
[3.168s] INFO:colcon.colcon_core.shell:Creating package script '/home/icrs/icrsUR/install/service_ur5ik/share/service_ur5ik/package.bash'
[3.168s] INFO:colcon.colcon_core.shell:Creating package script '/home/icrs/icrsUR/install/service_ur5ik/share/service_ur5ik/package.zsh'
[3.170s] Level 1:colcon.colcon_core.environment:create_file_with_runtime_dependencies(/home/icrs/icrsUR/install/service_ur5ik/share/colcon-core/packages/service_ur5ik)
[3.178s] DEBUG:colcon.colcon_core.event_handler.log_command:Invoking command in '/home/icrs/icrsUR/build/ur_robot_driver': CMAKE_PREFIX_PATH=/home/icrs/icrsUR/install/ur_controllers:/home/icrs/icrsUR/install/ur_description:/home/icrs/icrsUR/install/ur_dashboard_msgs:/home/icrs/icrsUR/install/ur:/home/icrs/icrsUR/install/ur_calibration:/home/icrs/icrsUR/install/ur_robot_driver:/home/icrs/icrsUR/install/ur_mover:/home/icrs/icrsUR/install/ur_moveit_config:/home/icrs/icrsUR/install/ur_bringup:/home/icrs/icrsUR/install/ur_custom_interfaces:/home/icrs/icrsUR/install/service_ur5ik:/home/icrs/icrsUR/install/robotiq_description:/home/icrs/icrsUR/install/module_5_assignment:/home/icrs/icrsUR/install/module_3_assignment:/home/icrs/icrsUR/install/module_1_assignment:/home/icrs/icrsUR/install/module_10_assignment:/home/icrs/icrsUR/install/interfaces_ur5ik:/home/icrs/icrsUR/install/camera_control:/home/icrs/icrsUR/install/gripper_control:/opt/ros/humble LD_LIBRARY_PATH=/home/icrs/icrsUR/install/ur_controllers/lib:/home/icrs/icrsUR/install/ur_dashboard_msgs/lib:/home/icrs/icrsUR/install/ur_robot_driver/lib:/home/icrs/icrsUR/install/ur_custom_interfaces/lib:/home/icrs/icrsUR/install/interfaces_ur5ik/lib:/usr/local/cuda-11.8/lib64:/opt/ros/humble/opt/rviz_ogre_vendor/lib:/opt/ros/humble/lib/x86_64-linux-gnu:/opt/ros/humble/lib /usr/bin/cmake --build /home/icrs/icrsUR/build/ur_robot_driver -- -j8 -l8
[3.183s] DEBUG:colcon.colcon_core.event_handler.log_command:Invoking command in '/home/icrs/icrsUR/build/ur_bringup': CMAKE_PREFIX_PATH=/home/icrs/icrsUR/install/ur_controllers:/home/icrs/icrsUR/install/ur_description:/home/icrs/icrsUR/install/ur_dashboard_msgs:/home/icrs/icrsUR/install/ur:/home/icrs/icrsUR/install/ur_calibration:/home/icrs/icrsUR/install/ur_robot_driver:/home/icrs/icrsUR/install/ur_mover:/home/icrs/icrsUR/install/ur_moveit_config:/home/icrs/icrsUR/install/ur_bringup:/home/icrs/icrsUR/install/ur_custom_interfaces:/home/icrs/icrsUR/install/service_ur5ik:/home/icrs/icrsUR/install/robotiq_description:/home/icrs/icrsUR/install/module_5_assignment:/home/icrs/icrsUR/install/module_3_assignment:/home/icrs/icrsUR/install/module_1_assignment:/home/icrs/icrsUR/install/module_10_assignment:/home/icrs/icrsUR/install/interfaces_ur5ik:/home/icrs/icrsUR/install/camera_control:/home/icrs/icrsUR/install/gripper_control:/opt/ros/humble LD_LIBRARY_PATH=/home/icrs/icrsUR/install/ur_controllers/lib:/home/icrs/icrsUR/install/ur_dashboard_msgs/lib:/home/icrs/icrsUR/install/ur_robot_driver/lib:/home/icrs/icrsUR/install/ur_custom_interfaces/lib:/home/icrs/icrsUR/install/interfaces_ur5ik/lib:/usr/local/cuda-11.8/lib64:/opt/ros/humble/opt/rviz_ogre_vendor/lib:/opt/ros/humble/lib/x86_64-linux-gnu:/opt/ros/humble/lib /usr/bin/cmake --build /home/icrs/icrsUR/build/ur_bringup -- -j8 -l8
[3.187s] DEBUG:colcon.colcon_core.event_handler.log_command:Invoking command in '/home/icrs/icrsUR/src/camera_control': CMAKE_PREFIX_PATH=/home/icrs/icrsUR/install/ur_custom_interfaces:/home/icrs/icrsUR/install/ur:/home/icrs/icrsUR/install/ur_calibration:/home/icrs/icrsUR/install/ur_robot_driver:/home/icrs/icrsUR/install/ur_mover:/home/icrs/icrsUR/install/ur_moveit_config:/home/icrs/icrsUR/install/ur_bringup:/home/icrs/icrsUR/install/ur_description:/home/icrs/icrsUR/install/ur_controllers:/home/icrs/icrsUR/install/ur_dashboard_msgs:/home/icrs/icrsUR/install/service_ur5ik:/home/icrs/icrsUR/install/robotiq_description:/home/icrs/icrsUR/install/module_5_assignment:/home/icrs/icrsUR/install/module_3_assignment:/home/icrs/icrsUR/install/module_1_assignment:/home/icrs/icrsUR/install/module_10_assignment:/home/icrs/icrsUR/install/interfaces_ur5ik LD_LIBRARY_PATH=/home/icrs/icrsUR/install/ur_custom_interfaces/lib:/home/icrs/icrsUR/install/ur_robot_driver/lib:/home/icrs/icrsUR/install/ur_controllers/lib:/home/icrs/icrsUR/install/ur_dashboard_msgs/lib:/home/icrs/icrsUR/install/interfaces_ur5ik/lib:/usr/local/cuda-11.8/lib64:/opt/ros/humble/opt/rviz_ogre_vendor/lib:/opt/ros/humble/lib/x86_64-linux-gnu:/opt/ros/humble/lib PYTHONPATH=/home/icrs/icrsUR/build/camera_control/prefix_override:/usr/lib/python3/dist-packages/colcon_core/task/python/colcon_distutils_commands:/home/icrs/icrsUR/install/camera_control/lib/python3.10/site-packages:${PYTHONPATH} /usr/bin/python3 -W ignore:setup.py install is deprecated setup.py egg_info --egg-base ../../build/camera_control build --build-base /home/icrs/icrsUR/build/camera_control/build install --record /home/icrs/icrsUR/build/camera_control/install.log --single-version-externally-managed install_data
[3.239s] DEBUG:colcon.colcon_core.event_handler.log_command:Invoked command in '/home/icrs/icrsUR/build/ur_bringup' returned '0': CMAKE_PREFIX_PATH=/home/icrs/icrsUR/install/ur_controllers:/home/icrs/icrsUR/install/ur_description:/home/icrs/icrsUR/install/ur_dashboard_msgs:/home/icrs/icrsUR/install/ur:/home/icrs/icrsUR/install/ur_calibration:/home/icrs/icrsUR/install/ur_robot_driver:/home/icrs/icrsUR/install/ur_mover:/home/icrs/icrsUR/install/ur_moveit_config:/home/icrs/icrsUR/install/ur_bringup:/home/icrs/icrsUR/install/ur_custom_interfaces:/home/icrs/icrsUR/install/service_ur5ik:/home/icrs/icrsUR/install/robotiq_description:/home/icrs/icrsUR/install/module_5_assignment:/home/icrs/icrsUR/install/module_3_assignment:/home/icrs/icrsUR/install/module_1_assignment:/home/icrs/icrsUR/install/module_10_assignment:/home/icrs/icrsUR/install/interfaces_ur5ik:/home/icrs/icrsUR/install/camera_control:/home/icrs/icrsUR/install/gripper_control:/opt/ros/humble LD_LIBRARY_PATH=/home/icrs/icrsUR/install/ur_controllers/lib:/home/icrs/icrsUR/install/ur_dashboard_msgs/lib:/home/icrs/icrsUR/install/ur_robot_driver/lib:/home/icrs/icrsUR/install/ur_custom_interfaces/lib:/home/icrs/icrsUR/install/interfaces_ur5ik/lib:/usr/local/cuda-11.8/lib64:/opt/ros/humble/opt/rviz_ogre_vendor/lib:/opt/ros/humble/lib/x86_64-linux-gnu:/opt/ros/humble/lib /usr/bin/cmake --build /home/icrs/icrsUR/build/ur_bringup -- -j8 -l8
[3.303s] DEBUG:colcon.colcon_core.event_handler.log_command:Invoking command in '/home/icrs/icrsUR/build/ur_bringup': CMAKE_PREFIX_PATH=/home/icrs/icrsUR/install/ur_controllers:/home/icrs/icrsUR/install/ur_description:/home/icrs/icrsUR/install/ur_dashboard_msgs:/home/icrs/icrsUR/install/ur:/home/icrs/icrsUR/install/ur_calibration:/home/icrs/icrsUR/install/ur_robot_driver:/home/icrs/icrsUR/install/ur_mover:/home/icrs/icrsUR/install/ur_moveit_config:/home/icrs/icrsUR/install/ur_bringup:/home/icrs/icrsUR/install/ur_custom_interfaces:/home/icrs/icrsUR/install/service_ur5ik:/home/icrs/icrsUR/install/robotiq_description:/home/icrs/icrsUR/install/module_5_assignment:/home/icrs/icrsUR/install/module_3_assignment:/home/icrs/icrsUR/install/module_1_assignment:/home/icrs/icrsUR/install/module_10_assignment:/home/icrs/icrsUR/install/interfaces_ur5ik:/home/icrs/icrsUR/install/camera_control:/home/icrs/icrsUR/install/gripper_control:/opt/ros/humble LD_LIBRARY_PATH=/home/icrs/icrsUR/install/ur_controllers/lib:/home/icrs/icrsUR/install/ur_dashboard_msgs/lib:/home/icrs/icrsUR/install/ur_robot_driver/lib:/home/icrs/icrsUR/install/ur_custom_interfaces/lib:/home/icrs/icrsUR/install/interfaces_ur5ik/lib:/usr/local/cuda-11.8/lib64:/opt/ros/humble/opt/rviz_ogre_vendor/lib:/opt/ros/humble/lib/x86_64-linux-gnu:/opt/ros/humble/lib /usr/bin/cmake --install /home/icrs/icrsUR/build/ur_bringup
[3.336s] Level 1:colcon.colcon_core.environment:create_environment_scripts_only(ur_bringup)
[3.336s] Level 1:colcon.colcon_core.environment:checking '/home/icrs/icrsUR/install/ur_bringup' for CMake module files
[3.337s] DEBUG:colcon.colcon_core.event_handler.log_command:Invoked command in '/home/icrs/icrsUR/build/ur_bringup' returned '0': CMAKE_PREFIX_PATH=/home/icrs/icrsUR/install/ur_controllers:/home/icrs/icrsUR/install/ur_description:/home/icrs/icrsUR/install/ur_dashboard_msgs:/home/icrs/icrsUR/install/ur:/home/icrs/icrsUR/install/ur_calibration:/home/icrs/icrsUR/install/ur_robot_driver:/home/icrs/icrsUR/install/ur_mover:/home/icrs/icrsUR/install/ur_moveit_config:/home/icrs/icrsUR/install/ur_bringup:/home/icrs/icrsUR/install/ur_custom_interfaces:/home/icrs/icrsUR/install/service_ur5ik:/home/icrs/icrsUR/install/robotiq_description:/home/icrs/icrsUR/install/module_5_assignment:/home/icrs/icrsUR/install/module_3_assignment:/home/icrs/icrsUR/install/module_1_assignment:/home/icrs/icrsUR/install/module_10_assignment:/home/icrs/icrsUR/install/interfaces_ur5ik:/home/icrs/icrsUR/install/camera_control:/home/icrs/icrsUR/install/gripper_control:/opt/ros/humble LD_LIBRARY_PATH=/home/icrs/icrsUR/install/ur_controllers/lib:/home/icrs/icrsUR/install/ur_dashboard_msgs/lib:/home/icrs/icrsUR/install/ur_robot_driver/lib:/home/icrs/icrsUR/install/ur_custom_interfaces/lib:/home/icrs/icrsUR/install/interfaces_ur5ik/lib:/usr/local/cuda-11.8/lib64:/opt/ros/humble/opt/rviz_ogre_vendor/lib:/opt/ros/humble/lib/x86_64-linux-gnu:/opt/ros/humble/lib /usr/bin/cmake --install /home/icrs/icrsUR/build/ur_bringup
[3.337s] Level 1:colcon.colcon_core.environment:checking '/home/icrs/icrsUR/install/ur_bringup' for CMake config files
[3.338s] Level 1:colcon.colcon_core.shell:create_environment_hook('ur_bringup', 'cmake_prefix_path')
[3.338s] INFO:colcon.colcon_core.shell:Creating environment hook '/home/icrs/icrsUR/install/ur_bringup/share/ur_bringup/hook/cmake_prefix_path.ps1'
[3.338s] INFO:colcon.colcon_core.shell:Creating environment descriptor '/home/icrs/icrsUR/install/ur_bringup/share/ur_bringup/hook/cmake_prefix_path.dsv'
[3.339s] INFO:colcon.colcon_core.shell:Creating environment hook '/home/icrs/icrsUR/install/ur_bringup/share/ur_bringup/hook/cmake_prefix_path.sh'
[3.339s] Level 1:colcon.colcon_core.environment:checking '/home/icrs/icrsUR/install/ur_bringup/lib'
[3.340s] Level 1:colcon.colcon_core.environment:checking '/home/icrs/icrsUR/install/ur_bringup/bin'
[3.340s] Level 1:colcon.colcon_core.environment:checking '/home/icrs/icrsUR/install/ur_bringup/lib/pkgconfig/ur_bringup.pc'
[3.340s] Level 1:colcon.colcon_core.environment:checking '/home/icrs/icrsUR/install/ur_bringup/lib/python3.10/site-packages'
[3.340s] Level 1:colcon.colcon_core.environment:checking '/home/icrs/icrsUR/install/ur_bringup/bin'
[3.341s] INFO:colcon.colcon_core.shell:Creating package script '/home/icrs/icrsUR/install/ur_bringup/share/ur_bringup/package.ps1'
[3.341s] INFO:colcon.colcon_core.shell:Creating package descriptor '/home/icrs/icrsUR/install/ur_bringup/share/ur_bringup/package.dsv'
[3.342s] INFO:colcon.colcon_core.shell:Creating package script '/home/icrs/icrsUR/install/ur_bringup/share/ur_bringup/package.sh'
[3.342s] INFO:colcon.colcon_core.shell:Creating package script '/home/icrs/icrsUR/install/ur_bringup/share/ur_bringup/package.bash'
[3.343s] INFO:colcon.colcon_core.shell:Creating package script '/home/icrs/icrsUR/install/ur_bringup/share/ur_bringup/package.zsh'
[3.343s] Level 1:colcon.colcon_core.environment:create_file_with_runtime_dependencies(/home/icrs/icrsUR/install/ur_bringup/share/colcon-core/packages/ur_bringup)
[3.369s] Level 1:colcon.colcon_core.environment:create_environment_scripts_only(ur_bringup)
[3.370s] Level 1:colcon.colcon_core.environment:checking '/home/icrs/icrsUR/install/ur_bringup' for CMake module files
[3.371s] Level 1:colcon.colcon_core.environment:checking '/home/icrs/icrsUR/install/ur_bringup' for CMake config files
[3.371s] Level 1:colcon.colcon_core.shell:create_environment_hook('ur_bringup', 'cmake_prefix_path')
[3.371s] INFO:colcon.colcon_core.shell:Creating environment hook '/home/icrs/icrsUR/install/ur_bringup/share/ur_bringup/hook/cmake_prefix_path.ps1'
[3.372s] INFO:colcon.colcon_core.shell:Creating environment descriptor '/home/icrs/icrsUR/install/ur_bringup/share/ur_bringup/hook/cmake_prefix_path.dsv'
[3.373s] INFO:colcon.colcon_core.shell:Creating environment hook '/home/icrs/icrsUR/install/ur_bringup/share/ur_bringup/hook/cmake_prefix_path.sh'
[3.375s] Level 1:colcon.colcon_core.environment:checking '/home/icrs/icrsUR/install/ur_bringup/lib'
[3.375s] Level 1:colcon.colcon_core.environment:checking '/home/icrs/icrsUR/install/ur_bringup/bin'
[3.375s] Level 1:colcon.colcon_core.environment:checking '/home/icrs/icrsUR/install/ur_bringup/lib/pkgconfig/ur_bringup.pc'
[3.376s] Level 1:colcon.colcon_core.environment:checking '/home/icrs/icrsUR/install/ur_bringup/lib/python3.10/site-packages'
[3.376s] Level 1:colcon.colcon_core.environment:checking '/home/icrs/icrsUR/install/ur_bringup/bin'
[3.377s] INFO:colcon.colcon_core.shell:Creating package script '/home/icrs/icrsUR/install/ur_bringup/share/ur_bringup/package.ps1'
[3.378s] INFO:colcon.colcon_core.shell:Creating package descriptor '/home/icrs/icrsUR/install/ur_bringup/share/ur_bringup/package.dsv'
[3.380s] INFO:colcon.colcon_core.shell:Creating package script '/home/icrs/icrsUR/install/ur_bringup/share/ur_bringup/package.sh'
[3.381s] INFO:colcon.colcon_core.shell:Creating package script '/home/icrs/icrsUR/install/ur_bringup/share/ur_bringup/package.bash'
[3.382s] INFO:colcon.colcon_core.shell:Creating package script '/home/icrs/icrsUR/install/ur_bringup/share/ur_bringup/package.zsh'
[3.383s] Level 1:colcon.colcon_core.environment:create_file_with_runtime_dependencies(/home/icrs/icrsUR/install/ur_bringup/share/colcon-core/packages/ur_bringup)
[3.680s] Level 1:colcon.colcon_core.environment:checking '/home/icrs/icrsUR/install/camera_control' for CMake module files
[3.681s] DEBUG:colcon.colcon_core.event_handler.log_command:Invoked command in '/home/icrs/icrsUR/src/camera_control' returned '0': CMAKE_PREFIX_PATH=/home/icrs/icrsUR/install/ur_custom_interfaces:/home/icrs/icrsUR/install/ur:/home/icrs/icrsUR/install/ur_calibration:/home/icrs/icrsUR/install/ur_robot_driver:/home/icrs/icrsUR/install/ur_mover:/home/icrs/icrsUR/install/ur_moveit_config:/home/icrs/icrsUR/install/ur_bringup:/home/icrs/icrsUR/install/ur_description:/home/icrs/icrsUR/install/ur_controllers:/home/icrs/icrsUR/install/ur_dashboard_msgs:/home/icrs/icrsUR/install/service_ur5ik:/home/icrs/icrsUR/install/robotiq_description:/home/icrs/icrsUR/install/module_5_assignment:/home/icrs/icrsUR/install/module_3_assignment:/home/icrs/icrsUR/install/module_1_assignment:/home/icrs/icrsUR/install/module_10_assignment:/home/icrs/icrsUR/install/interfaces_ur5ik LD_LIBRARY_PATH=/home/icrs/icrsUR/install/ur_custom_interfaces/lib:/home/icrs/icrsUR/install/ur_robot_driver/lib:/home/icrs/icrsUR/install/ur_controllers/lib:/home/icrs/icrsUR/install/ur_dashboard_msgs/lib:/home/icrs/icrsUR/install/interfaces_ur5ik/lib:/usr/local/cuda-11.8/lib64:/opt/ros/humble/opt/rviz_ogre_vendor/lib:/opt/ros/humble/lib/x86_64-linux-gnu:/opt/ros/humble/lib PYTHONPATH=/home/icrs/icrsUR/build/camera_control/prefix_override:/usr/lib/python3/dist-packages/colcon_core/task/python/colcon_distutils_commands:/home/icrs/icrsUR/install/camera_control/lib/python3.10/site-packages:${PYTHONPATH} /usr/bin/python3 -W ignore:setup.py install is deprecated setup.py egg_info --egg-base ../../build/camera_control build --build-base /home/icrs/icrsUR/build/camera_control/build install --record /home/icrs/icrsUR/build/camera_control/install.log --single-version-externally-managed install_data
[3.682s] Level 1:colcon.colcon_core.environment:checking '/home/icrs/icrsUR/install/camera_control' for CMake config files
[3.682s] Level 1:colcon.colcon_core.environment:checking '/home/icrs/icrsUR/install/camera_control/lib'
[3.683s] Level 1:colcon.colcon_core.environment:checking '/home/icrs/icrsUR/install/camera_control/bin'
[3.683s] Level 1:colcon.colcon_core.environment:checking '/home/icrs/icrsUR/install/camera_control/lib/pkgconfig/camera_control.pc'
[3.683s] Level 1:colcon.colcon_core.environment:checking '/home/icrs/icrsUR/install/camera_control/lib/python3.10/site-packages'
[3.683s] Level 1:colcon.colcon_core.shell:create_environment_hook('camera_control', 'pythonpath')
[3.683s] INFO:colcon.colcon_core.shell:Creating environment hook '/home/icrs/icrsUR/install/camera_control/share/camera_control/hook/pythonpath.ps1'
[3.684s] INFO:colcon.colcon_core.shell:Creating environment descriptor '/home/icrs/icrsUR/install/camera_control/share/camera_control/hook/pythonpath.dsv'
[3.685s] INFO:colcon.colcon_core.shell:Creating environment hook '/home/icrs/icrsUR/install/camera_control/share/camera_control/hook/pythonpath.sh'
[3.685s] Level 1:colcon.colcon_core.environment:checking '/home/icrs/icrsUR/install/camera_control/bin'
[3.686s] Level 1:colcon.colcon_core.environment:create_environment_scripts_only(camera_control)
[3.686s] INFO:colcon.colcon_core.shell:Creating package script '/home/icrs/icrsUR/install/camera_control/share/camera_control/package.ps1'
[3.687s] INFO:colcon.colcon_core.shell:Creating package descriptor '/home/icrs/icrsUR/install/camera_control/share/camera_control/package.dsv'
[3.687s] INFO:colcon.colcon_core.shell:Creating package script '/home/icrs/icrsUR/install/camera_control/share/camera_control/package.sh'
[3.688s] INFO:colcon.colcon_core.shell:Creating package script '/home/icrs/icrsUR/install/camera_control/share/camera_control/package.bash'
[3.688s] INFO:colcon.colcon_core.shell:Creating package script '/home/icrs/icrsUR/install/camera_control/share/camera_control/package.zsh'
[3.689s] Level 1:colcon.colcon_core.environment:create_file_with_runtime_dependencies(/home/icrs/icrsUR/install/camera_control/share/colcon-core/packages/camera_control)
[3.719s] DEBUG:colcon.colcon_core.event_handler.log_command:Invoked command in '/home/icrs/icrsUR/build/ur_robot_driver' returned '0': CMAKE_PREFIX_PATH=/home/icrs/icrsUR/install/ur_controllers:/home/icrs/icrsUR/install/ur_description:/home/icrs/icrsUR/install/ur_dashboard_msgs:/home/icrs/icrsUR/install/ur:/home/icrs/icrsUR/install/ur_calibration:/home/icrs/icrsUR/install/ur_robot_driver:/home/icrs/icrsUR/install/ur_mover:/home/icrs/icrsUR/install/ur_moveit_config:/home/icrs/icrsUR/install/ur_bringup:/home/icrs/icrsUR/install/ur_custom_interfaces:/home/icrs/icrsUR/install/service_ur5ik:/home/icrs/icrsUR/install/robotiq_description:/home/icrs/icrsUR/install/module_5_assignment:/home/icrs/icrsUR/install/module_3_assignment:/home/icrs/icrsUR/install/module_1_assignment:/home/icrs/icrsUR/install/module_10_assignment:/home/icrs/icrsUR/install/interfaces_ur5ik:/home/icrs/icrsUR/install/camera_control:/home/icrs/icrsUR/install/gripper_control:/opt/ros/humble LD_LIBRARY_PATH=/home/icrs/icrsUR/install/ur_controllers/lib:/home/icrs/icrsUR/install/ur_dashboard_msgs/lib:/home/icrs/icrsUR/install/ur_robot_driver/lib:/home/icrs/icrsUR/install/ur_custom_interfaces/lib:/home/icrs/icrsUR/install/interfaces_ur5ik/lib:/usr/local/cuda-11.8/lib64:/opt/ros/humble/opt/rviz_ogre_vendor/lib:/opt/ros/humble/lib/x86_64-linux-gnu:/opt/ros/humble/lib /usr/bin/cmake --build /home/icrs/icrsUR/build/ur_robot_driver -- -j8 -l8
[3.764s] DEBUG:colcon.colcon_core.event_handler.log_command:Invoking command in '/home/icrs/icrsUR/build/ur_robot_driver': CMAKE_PREFIX_PATH=/home/icrs/icrsUR/install/ur_controllers:/home/icrs/icrsUR/install/ur_description:/home/icrs/icrsUR/install/ur_dashboard_msgs:/home/icrs/icrsUR/install/ur:/home/icrs/icrsUR/install/ur_calibration:/home/icrs/icrsUR/install/ur_robot_driver:/home/icrs/icrsUR/install/ur_mover:/home/icrs/icrsUR/install/ur_moveit_config:/home/icrs/icrsUR/install/ur_bringup:/home/icrs/icrsUR/install/ur_custom_interfaces:/home/icrs/icrsUR/install/service_ur5ik:/home/icrs/icrsUR/install/robotiq_description:/home/icrs/icrsUR/install/module_5_assignment:/home/icrs/icrsUR/install/module_3_assignment:/home/icrs/icrsUR/install/module_1_assignment:/home/icrs/icrsUR/install/module_10_assignment:/home/icrs/icrsUR/install/interfaces_ur5ik:/home/icrs/icrsUR/install/camera_control:/home/icrs/icrsUR/install/gripper_control:/opt/ros/humble LD_LIBRARY_PATH=/home/icrs/icrsUR/install/ur_controllers/lib:/home/icrs/icrsUR/install/ur_dashboard_msgs/lib:/home/icrs/icrsUR/install/ur_robot_driver/lib:/home/icrs/icrsUR/install/ur_custom_interfaces/lib:/home/icrs/icrsUR/install/interfaces_ur5ik/lib:/usr/local/cuda-11.8/lib64:/opt/ros/humble/opt/rviz_ogre_vendor/lib:/opt/ros/humble/lib/x86_64-linux-gnu:/opt/ros/humble/lib /usr/bin/cmake --install /home/icrs/icrsUR/build/ur_robot_driver
[3.839s] Level 1:colcon.colcon_core.environment:create_environment_scripts_only(ur_robot_driver)
[3.839s] Level 1:colcon.colcon_core.environment:checking '/home/icrs/icrsUR/install/ur_robot_driver' for CMake module files
[3.840s] DEBUG:colcon.colcon_core.event_handler.log_command:Invoked command in '/home/icrs/icrsUR/build/ur_robot_driver' returned '0': CMAKE_PREFIX_PATH=/home/icrs/icrsUR/install/ur_controllers:/home/icrs/icrsUR/install/ur_description:/home/icrs/icrsUR/install/ur_dashboard_msgs:/home/icrs/icrsUR/install/ur:/home/icrs/icrsUR/install/ur_calibration:/home/icrs/icrsUR/install/ur_robot_driver:/home/icrs/icrsUR/install/ur_mover:/home/icrs/icrsUR/install/ur_moveit_config:/home/icrs/icrsUR/install/ur_bringup:/home/icrs/icrsUR/install/ur_custom_interfaces:/home/icrs/icrsUR/install/service_ur5ik:/home/icrs/icrsUR/install/robotiq_description:/home/icrs/icrsUR/install/module_5_assignment:/home/icrs/icrsUR/install/module_3_assignment:/home/icrs/icrsUR/install/module_1_assignment:/home/icrs/icrsUR/install/module_10_assignment:/home/icrs/icrsUR/install/interfaces_ur5ik:/home/icrs/icrsUR/install/camera_control:/home/icrs/icrsUR/install/gripper_control:/opt/ros/humble LD_LIBRARY_PATH=/home/icrs/icrsUR/install/ur_controllers/lib:/home/icrs/icrsUR/install/ur_dashboard_msgs/lib:/home/icrs/icrsUR/install/ur_robot_driver/lib:/home/icrs/icrsUR/install/ur_custom_interfaces/lib:/home/icrs/icrsUR/install/interfaces_ur5ik/lib:/usr/local/cuda-11.8/lib64:/opt/ros/humble/opt/rviz_ogre_vendor/lib:/opt/ros/humble/lib/x86_64-linux-gnu:/opt/ros/humble/lib /usr/bin/cmake --install /home/icrs/icrsUR/build/ur_robot_driver
[3.840s] Level 1:colcon.colcon_core.environment:checking '/home/icrs/icrsUR/install/ur_robot_driver' for CMake config files
[3.840s] Level 1:colcon.colcon_core.shell:create_environment_hook('ur_robot_driver', 'cmake_prefix_path')
[3.841s] INFO:colcon.colcon_core.shell:Creating environment hook '/home/icrs/icrsUR/install/ur_robot_driver/share/ur_robot_driver/hook/cmake_prefix_path.ps1'
[3.841s] INFO:colcon.colcon_core.shell:Creating environment descriptor '/home/icrs/icrsUR/install/ur_robot_driver/share/ur_robot_driver/hook/cmake_prefix_path.dsv'
[3.842s] INFO:colcon.colcon_core.shell:Creating environment hook '/home/icrs/icrsUR/install/ur_robot_driver/share/ur_robot_driver/hook/cmake_prefix_path.sh'
[3.842s] Level 1:colcon.colcon_core.environment:checking '/home/icrs/icrsUR/install/ur_robot_driver/lib'
[3.842s] Level 1:colcon.colcon_core.shell:create_environment_hook('ur_robot_driver', 'ld_library_path_lib')
[3.843s] INFO:colcon.colcon_core.shell:Creating environment hook '/home/icrs/icrsUR/install/ur_robot_driver/share/ur_robot_driver/hook/ld_library_path_lib.ps1'
[3.843s] INFO:colcon.colcon_core.shell:Creating environment descriptor '/home/icrs/icrsUR/install/ur_robot_driver/share/ur_robot_driver/hook/ld_library_path_lib.dsv'
[3.843s] INFO:colcon.colcon_core.shell:Creating environment hook '/home/icrs/icrsUR/install/ur_robot_driver/share/ur_robot_driver/hook/ld_library_path_lib.sh'
[3.844s] Level 1:colcon.colcon_core.environment:checking '/home/icrs/icrsUR/install/ur_robot_driver/bin'
[3.844s] Level 1:colcon.colcon_core.shell:create_environment_hook('ur_robot_driver', 'path')
[3.844s] INFO:colcon.colcon_core.shell:Creating environment hook '/home/icrs/icrsUR/install/ur_robot_driver/share/ur_robot_driver/hook/path.ps1'
[3.844s] INFO:colcon.colcon_core.shell:Creating environment descriptor '/home/icrs/icrsUR/install/ur_robot_driver/share/ur_robot_driver/hook/path.dsv'
[3.845s] INFO:colcon.colcon_core.shell:Creating environment hook '/home/icrs/icrsUR/install/ur_robot_driver/share/ur_robot_driver/hook/path.sh'
[3.845s] Level 1:colcon.colcon_core.environment:checking '/home/icrs/icrsUR/install/ur_robot_driver/lib/pkgconfig/ur_robot_driver.pc'
[3.845s] Level 1:colcon.colcon_core.environment:checking '/home/icrs/icrsUR/install/ur_robot_driver/lib/python3.10/site-packages'
[3.846s] Level 1:colcon.colcon_core.environment:checking '/home/icrs/icrsUR/install/ur_robot_driver/bin'
[3.846s] Level 1:colcon.colcon_core.shell:create_environment_hook('ur_robot_driver', 'pythonscriptspath')
[3.846s] INFO:colcon.colcon_core.shell:Creating environment hook '/home/icrs/icrsUR/install/ur_robot_driver/share/ur_robot_driver/hook/pythonscriptspath.ps1'
[3.846s] INFO:colcon.colcon_core.shell:Creating environment descriptor '/home/icrs/icrsUR/install/ur_robot_driver/share/ur_robot_driver/hook/pythonscriptspath.dsv'
[3.847s] INFO:colcon.colcon_core.shell:Creating environment hook '/home/icrs/icrsUR/install/ur_robot_driver/share/ur_robot_driver/hook/pythonscriptspath.sh'
[3.847s] INFO:colcon.colcon_core.shell:Creating package script '/home/icrs/icrsUR/install/ur_robot_driver/share/ur_robot_driver/package.ps1'
[3.848s] INFO:colcon.colcon_core.shell:Creating package descriptor '/home/icrs/icrsUR/install/ur_robot_driver/share/ur_robot_driver/package.dsv'
[3.849s] INFO:colcon.colcon_core.shell:Creating package script '/home/icrs/icrsUR/install/ur_robot_driver/share/ur_robot_driver/package.sh'
[3.849s] INFO:colcon.colcon_core.shell:Creating package script '/home/icrs/icrsUR/install/ur_robot_driver/share/ur_robot_driver/package.bash'
[3.850s] INFO:colcon.colcon_core.shell:Creating package script '/home/icrs/icrsUR/install/ur_robot_driver/share/ur_robot_driver/package.zsh'
[3.850s] Level 1:colcon.colcon_core.environment:create_file_with_runtime_dependencies(/home/icrs/icrsUR/install/ur_robot_driver/share/colcon-core/packages/ur_robot_driver)
[3.898s] Level 1:colcon.colcon_core.environment:create_environment_scripts_only(ur_robot_driver)
[3.898s] Level 1:colcon.colcon_core.environment:checking '/home/icrs/icrsUR/install/ur_robot_driver' for CMake module files
[3.899s] Level 1:colcon.colcon_core.environment:checking '/home/icrs/icrsUR/install/ur_robot_driver' for CMake config files
[3.899s] Level 1:colcon.colcon_core.shell:create_environment_hook('ur_robot_driver', 'cmake_prefix_path')
[3.899s] INFO:colcon.colcon_core.shell:Creating environment hook '/home/icrs/icrsUR/install/ur_robot_driver/share/ur_robot_driver/hook/cmake_prefix_path.ps1'
[3.899s] INFO:colcon.colcon_core.shell:Creating environment descriptor '/home/icrs/icrsUR/install/ur_robot_driver/share/ur_robot_driver/hook/cmake_prefix_path.dsv'
[3.900s] INFO:colcon.colcon_core.shell:Creating environment hook '/home/icrs/icrsUR/install/ur_robot_driver/share/ur_robot_driver/hook/cmake_prefix_path.sh'
[3.900s] Level 1:colcon.colcon_core.environment:checking '/home/icrs/icrsUR/install/ur_robot_driver/lib'
[3.900s] Level 1:colcon.colcon_core.shell:create_environment_hook('ur_robot_driver', 'ld_library_path_lib')
[3.901s] INFO:colcon.colcon_core.shell:Creating environment hook '/home/icrs/icrsUR/install/ur_robot_driver/share/ur_robot_driver/hook/ld_library_path_lib.ps1'
[3.901s] INFO:colcon.colcon_core.shell:Creating environment descriptor '/home/icrs/icrsUR/install/ur_robot_driver/share/ur_robot_driver/hook/ld_library_path_lib.dsv'
[3.901s] INFO:colcon.colcon_core.shell:Creating environment hook '/home/icrs/icrsUR/install/ur_robot_driver/share/ur_robot_driver/hook/ld_library_path_lib.sh'
[3.902s] Level 1:colcon.colcon_core.environment:checking '/home/icrs/icrsUR/install/ur_robot_driver/bin'
[3.902s] Level 1:colcon.colcon_core.shell:create_environment_hook('ur_robot_driver', 'path')
[3.902s] INFO:colcon.colcon_core.shell:Creating environment hook '/home/icrs/icrsUR/install/ur_robot_driver/share/ur_robot_driver/hook/path.ps1'
[3.903s] INFO:colcon.colcon_core.shell:Creating environment descriptor '/home/icrs/icrsUR/install/ur_robot_driver/share/ur_robot_driver/hook/path.dsv'
[3.903s] INFO:colcon.colcon_core.shell:Creating environment hook '/home/icrs/icrsUR/install/ur_robot_driver/share/ur_robot_driver/hook/path.sh'
[3.903s] Level 1:colcon.colcon_core.environment:checking '/home/icrs/icrsUR/install/ur_robot_driver/lib/pkgconfig/ur_robot_driver.pc'
[3.903s] Level 1:colcon.colcon_core.environment:checking '/home/icrs/icrsUR/install/ur_robot_driver/lib/python3.10/site-packages'
[3.904s] Level 1:colcon.colcon_core.environment:checking '/home/icrs/icrsUR/install/ur_robot_driver/bin'
[3.904s] Level 1:colcon.colcon_core.shell:create_environment_hook('ur_robot_driver', 'pythonscriptspath')
[3.904s] INFO:colcon.colcon_core.shell:Creating environment hook '/home/icrs/icrsUR/install/ur_robot_driver/share/ur_robot_driver/hook/pythonscriptspath.ps1'
[3.904s] INFO:colcon.colcon_core.shell:Creating environment descriptor '/home/icrs/icrsUR/install/ur_robot_driver/share/ur_robot_driver/hook/pythonscriptspath.dsv'
[3.905s] INFO:colcon.colcon_core.shell:Creating environment hook '/home/icrs/icrsUR/install/ur_robot_driver/share/ur_robot_driver/hook/pythonscriptspath.sh'
[3.905s] INFO:colcon.colcon_core.shell:Creating package script '/home/icrs/icrsUR/install/ur_robot_driver/share/ur_robot_driver/package.ps1'
[3.906s] INFO:colcon.colcon_core.shell:Creating package descriptor '/home/icrs/icrsUR/install/ur_robot_driver/share/ur_robot_driver/package.dsv'
[3.908s] INFO:colcon.colcon_core.shell:Creating package script '/home/icrs/icrsUR/install/ur_robot_driver/share/ur_robot_driver/package.sh'
[3.908s] INFO:colcon.colcon_core.shell:Creating package script '/home/icrs/icrsUR/install/ur_robot_driver/share/ur_robot_driver/package.bash'
[3.909s] INFO:colcon.colcon_core.shell:Creating package script '/home/icrs/icrsUR/install/ur_robot_driver/share/ur_robot_driver/package.zsh'
[3.910s] Level 1:colcon.colcon_core.environment:create_file_with_runtime_dependencies(/home/icrs/icrsUR/install/ur_robot_driver/share/colcon-core/packages/ur_robot_driver)
[3.911s] INFO:colcon.colcon_ros.task.ament_cmake.build:Building ROS package in '/home/icrs/icrsUR/src/Universal_Robots_ROS2_Driver/ur_calibration' with build type 'ament_cmake'
[3.911s] INFO:colcon.colcon_cmake.task.cmake.build:Building CMake package in '/home/icrs/icrsUR/src/Universal_Robots_ROS2_Driver/ur_calibration'
[3.911s] INFO:colcon.colcon_core.shell:Skip shell extension 'powershell' for command environment: Not usable outside of PowerShell
[3.911s] DEBUG:colcon.colcon_core.shell:Skip shell extension 'dsv' for command environment
[3.931s] DEBUG:colcon.colcon_core.event_handler.log_command:Invoking command in '/home/icrs/icrsUR/build/ur_calibration': CMAKE_PREFIX_PATH=/home/icrs/icrsUR/install/ur_robot_driver:/home/icrs/icrsUR/install/ur_controllers:/home/icrs/icrsUR/install/ur_description:/home/icrs/icrsUR/install/ur_dashboard_msgs:/home/icrs/icrsUR/install/ur:/home/icrs/icrsUR/install/ur_calibration:/home/icrs/icrsUR/install/ur_mover:/home/icrs/icrsUR/install/ur_moveit_config:/home/icrs/icrsUR/install/ur_bringup:/home/icrs/icrsUR/install/ur_custom_interfaces:/home/icrs/icrsUR/install/service_ur5ik:/home/icrs/icrsUR/install/robotiq_description:/home/icrs/icrsUR/install/module_5_assignment:/home/icrs/icrsUR/install/module_3_assignment:/home/icrs/icrsUR/install/module_1_assignment:/home/icrs/icrsUR/install/module_10_assignment:/home/icrs/icrsUR/install/interfaces_ur5ik:/home/icrs/icrsUR/install/camera_control:/home/icrs/icrsUR/install/gripper_control:/opt/ros/humble /usr/bin/cmake --build /home/icrs/icrsUR/build/ur_calibration -- -j8 -l8
[4.036s] DEBUG:colcon.colcon_core.event_handler.log_command:Invoked command in '/home/icrs/icrsUR/build/ur_calibration' returned '0': CMAKE_PREFIX_PATH=/home/icrs/icrsUR/install/ur_robot_driver:/home/icrs/icrsUR/install/ur_controllers:/home/icrs/icrsUR/install/ur_description:/home/icrs/icrsUR/install/ur_dashboard_msgs:/home/icrs/icrsUR/install/ur:/home/icrs/icrsUR/install/ur_calibration:/home/icrs/icrsUR/install/ur_mover:/home/icrs/icrsUR/install/ur_moveit_config:/home/icrs/icrsUR/install/ur_bringup:/home/icrs/icrsUR/install/ur_custom_interfaces:/home/icrs/icrsUR/install/service_ur5ik:/home/icrs/icrsUR/install/robotiq_description:/home/icrs/icrsUR/install/module_5_assignment:/home/icrs/icrsUR/install/module_3_assignment:/home/icrs/icrsUR/install/module_1_assignment:/home/icrs/icrsUR/install/module_10_assignment:/home/icrs/icrsUR/install/interfaces_ur5ik:/home/icrs/icrsUR/install/camera_control:/home/icrs/icrsUR/install/gripper_control:/opt/ros/humble /usr/bin/cmake --build /home/icrs/icrsUR/build/ur_calibration -- -j8 -l8
[4.071s] DEBUG:colcon.colcon_core.event_handler.log_command:Invoking command in '/home/icrs/icrsUR/build/ur_calibration': CMAKE_PREFIX_PATH=/home/icrs/icrsUR/install/ur_robot_driver:/home/icrs/icrsUR/install/ur_controllers:/home/icrs/icrsUR/install/ur_description:/home/icrs/icrsUR/install/ur_dashboard_msgs:/home/icrs/icrsUR/install/ur:/home/icrs/icrsUR/install/ur_calibration:/home/icrs/icrsUR/install/ur_mover:/home/icrs/icrsUR/install/ur_moveit_config:/home/icrs/icrsUR/install/ur_bringup:/home/icrs/icrsUR/install/ur_custom_interfaces:/home/icrs/icrsUR/install/service_ur5ik:/home/icrs/icrsUR/install/robotiq_description:/home/icrs/icrsUR/install/module_5_assignment:/home/icrs/icrsUR/install/module_3_assignment:/home/icrs/icrsUR/install/module_1_assignment:/home/icrs/icrsUR/install/module_10_assignment:/home/icrs/icrsUR/install/interfaces_ur5ik:/home/icrs/icrsUR/install/camera_control:/home/icrs/icrsUR/install/gripper_control:/opt/ros/humble /usr/bin/cmake --install /home/icrs/icrsUR/build/ur_calibration
[4.093s] Level 1:colcon.colcon_core.environment:create_environment_scripts_only(ur_calibration)
[4.094s] Level 1:colcon.colcon_core.environment:checking '/home/icrs/icrsUR/install/ur_calibration' for CMake module files
[4.094s] DEBUG:colcon.colcon_core.event_handler.log_command:Invoked command in '/home/icrs/icrsUR/build/ur_calibration' returned '0': CMAKE_PREFIX_PATH=/home/icrs/icrsUR/install/ur_robot_driver:/home/icrs/icrsUR/install/ur_controllers:/home/icrs/icrsUR/install/ur_description:/home/icrs/icrsUR/install/ur_dashboard_msgs:/home/icrs/icrsUR/install/ur:/home/icrs/icrsUR/install/ur_calibration:/home/icrs/icrsUR/install/ur_mover:/home/icrs/icrsUR/install/ur_moveit_config:/home/icrs/icrsUR/install/ur_bringup:/home/icrs/icrsUR/install/ur_custom_interfaces:/home/icrs/icrsUR/install/service_ur5ik:/home/icrs/icrsUR/install/robotiq_description:/home/icrs/icrsUR/install/module_5_assignment:/home/icrs/icrsUR/install/module_3_assignment:/home/icrs/icrsUR/install/module_1_assignment:/home/icrs/icrsUR/install/module_10_assignment:/home/icrs/icrsUR/install/interfaces_ur5ik:/home/icrs/icrsUR/install/camera_control:/home/icrs/icrsUR/install/gripper_control:/opt/ros/humble /usr/bin/cmake --install /home/icrs/icrsUR/build/ur_calibration
[4.095s] Level 1:colcon.colcon_core.environment:checking '/home/icrs/icrsUR/install/ur_calibration' for CMake config files
[4.095s] Level 1:colcon.colcon_core.shell:create_environment_hook('ur_calibration', 'cmake_prefix_path')
[4.095s] INFO:colcon.colcon_core.shell:Creating environment hook '/home/icrs/icrsUR/install/ur_calibration/share/ur_calibration/hook/cmake_prefix_path.ps1'
[4.096s] INFO:colcon.colcon_core.shell:Creating environment descriptor '/home/icrs/icrsUR/install/ur_calibration/share/ur_calibration/hook/cmake_prefix_path.dsv'
[4.096s] INFO:colcon.colcon_core.shell:Creating environment hook '/home/icrs/icrsUR/install/ur_calibration/share/ur_calibration/hook/cmake_prefix_path.sh'
[4.096s] Level 1:colcon.colcon_core.environment:checking '/home/icrs/icrsUR/install/ur_calibration/lib'
[4.097s] Level 1:colcon.colcon_core.environment:checking '/home/icrs/icrsUR/install/ur_calibration/bin'
[4.097s] Level 1:colcon.colcon_core.environment:checking '/home/icrs/icrsUR/install/ur_calibration/lib/pkgconfig/ur_calibration.pc'
[4.097s] Level 1:colcon.colcon_core.environment:checking '/home/icrs/icrsUR/install/ur_calibration/lib/python3.10/site-packages'
[4.097s] Level 1:colcon.colcon_core.environment:checking '/home/icrs/icrsUR/install/ur_calibration/bin'
[4.097s] INFO:colcon.colcon_core.shell:Creating package script '/home/icrs/icrsUR/install/ur_calibration/share/ur_calibration/package.ps1'
[4.098s] INFO:colcon.colcon_core.shell:Creating package descriptor '/home/icrs/icrsUR/install/ur_calibration/share/ur_calibration/package.dsv'
[4.098s] INFO:colcon.colcon_core.shell:Creating package script '/home/icrs/icrsUR/install/ur_calibration/share/ur_calibration/package.sh'
[4.099s] INFO:colcon.colcon_core.shell:Creating package script '/home/icrs/icrsUR/install/ur_calibration/share/ur_calibration/package.bash'
[4.099s] INFO:colcon.colcon_core.shell:Creating package script '/home/icrs/icrsUR/install/ur_calibration/share/ur_calibration/package.zsh'
[4.099s] Level 1:colcon.colcon_core.environment:create_file_with_runtime_dependencies(/home/icrs/icrsUR/install/ur_calibration/share/colcon-core/packages/ur_calibration)
[4.134s] Level 1:colcon.colcon_core.environment:create_environment_scripts_only(ur_calibration)
[4.134s] Level 1:colcon.colcon_core.environment:checking '/home/icrs/icrsUR/install/ur_calibration' for CMake module files
[4.135s] Level 1:colcon.colcon_core.environment:checking '/home/icrs/icrsUR/install/ur_calibration' for CMake config files
[4.135s] Level 1:colcon.colcon_core.shell:create_environment_hook('ur_calibration', 'cmake_prefix_path')
[4.135s] INFO:colcon.colcon_core.shell:Creating environment hook '/home/icrs/icrsUR/install/ur_calibration/share/ur_calibration/hook/cmake_prefix_path.ps1'
[4.136s] INFO:colcon.colcon_core.shell:Creating environment descriptor '/home/icrs/icrsUR/install/ur_calibration/share/ur_calibration/hook/cmake_prefix_path.dsv'
[4.136s] INFO:colcon.colcon_core.shell:Creating environment hook '/home/icrs/icrsUR/install/ur_calibration/share/ur_calibration/hook/cmake_prefix_path.sh'
[4.137s] Level 1:colcon.colcon_core.environment:checking '/home/icrs/icrsUR/install/ur_calibration/lib'
[4.137s] Level 1:colcon.colcon_core.environment:checking '/home/icrs/icrsUR/install/ur_calibration/bin'
[4.137s] Level 1:colcon.colcon_core.environment:checking '/home/icrs/icrsUR/install/ur_calibration/lib/pkgconfig/ur_calibration.pc'
[4.137s] Level 1:colcon.colcon_core.environment:checking '/home/icrs/icrsUR/install/ur_calibration/lib/python3.10/site-packages'
[4.137s] Level 1:colcon.colcon_core.environment:checking '/home/icrs/icrsUR/install/ur_calibration/bin'
[4.138s] INFO:colcon.colcon_core.shell:Creating package script '/home/icrs/icrsUR/install/ur_calibration/share/ur_calibration/package.ps1'
[4.138s] INFO:colcon.colcon_core.shell:Creating package descriptor '/home/icrs/icrsUR/install/ur_calibration/share/ur_calibration/package.dsv'
[4.139s] INFO:colcon.colcon_core.shell:Creating package script '/home/icrs/icrsUR/install/ur_calibration/share/ur_calibration/package.sh'
[4.139s] INFO:colcon.colcon_core.shell:Creating package script '/home/icrs/icrsUR/install/ur_calibration/share/ur_calibration/package.bash'
[4.140s] INFO:colcon.colcon_core.shell:Creating package script '/home/icrs/icrsUR/install/ur_calibration/share/ur_calibration/package.zsh'
[4.140s] Level 1:colcon.colcon_core.environment:create_file_with_runtime_dependencies(/home/icrs/icrsUR/install/ur_calibration/share/colcon-core/packages/ur_calibration)
[4.141s] INFO:colcon.colcon_ros.task.ament_cmake.build:Building ROS package in '/home/icrs/icrsUR/src/Universal_Robots_ROS2_Driver/ur' with build type 'ament_cmake'
[4.141s] INFO:colcon.colcon_cmake.task.cmake.build:Building CMake package in '/home/icrs/icrsUR/src/Universal_Robots_ROS2_Driver/ur'
[4.141s] INFO:colcon.colcon_core.shell:Skip shell extension 'powershell' for command environment: Not usable outside of PowerShell
[4.141s] DEBUG:colcon.colcon_core.shell:Skip shell extension 'dsv' for command environment
[4.160s] DEBUG:colcon.colcon_core.event_handler.log_command:Invoking command in '/home/icrs/icrsUR/build/ur': CMAKE_PREFIX_PATH=/home/icrs/icrsUR/install/ur_calibration:/home/icrs/icrsUR/install/ur_robot_driver:/home/icrs/icrsUR/install/ur_moveit_config:/home/icrs/icrsUR/install/ur_controllers:/home/icrs/icrsUR/install/ur_description:/home/icrs/icrsUR/install/ur_dashboard_msgs:/home/icrs/icrsUR/install/ur:/home/icrs/icrsUR/install/ur_mover:/home/icrs/icrsUR/install/ur_bringup:/home/icrs/icrsUR/install/ur_custom_interfaces:/home/icrs/icrsUR/install/service_ur5ik:/home/icrs/icrsUR/install/robotiq_description:/home/icrs/icrsUR/install/module_5_assignment:/home/icrs/icrsUR/install/module_3_assignment:/home/icrs/icrsUR/install/module_1_assignment:/home/icrs/icrsUR/install/module_10_assignment:/home/icrs/icrsUR/install/interfaces_ur5ik:/home/icrs/icrsUR/install/camera_control:/home/icrs/icrsUR/install/gripper_control:/opt/ros/humble /usr/bin/cmake --build /home/icrs/icrsUR/build/ur -- -j8 -l8
[4.197s] DEBUG:colcon.colcon_core.event_handler.log_command:Invoked command in '/home/icrs/icrsUR/build/ur' returned '0': CMAKE_PREFIX_PATH=/home/icrs/icrsUR/install/ur_calibration:/home/icrs/icrsUR/install/ur_robot_driver:/home/icrs/icrsUR/install/ur_moveit_config:/home/icrs/icrsUR/install/ur_controllers:/home/icrs/icrsUR/install/ur_description:/home/icrs/icrsUR/install/ur_dashboard_msgs:/home/icrs/icrsUR/install/ur:/home/icrs/icrsUR/install/ur_mover:/home/icrs/icrsUR/install/ur_bringup:/home/icrs/icrsUR/install/ur_custom_interfaces:/home/icrs/icrsUR/install/service_ur5ik:/home/icrs/icrsUR/install/robotiq_description:/home/icrs/icrsUR/install/module_5_assignment:/home/icrs/icrsUR/install/module_3_assignment:/home/icrs/icrsUR/install/module_1_assignment:/home/icrs/icrsUR/install/module_10_assignment:/home/icrs/icrsUR/install/interfaces_ur5ik:/home/icrs/icrsUR/install/camera_control:/home/icrs/icrsUR/install/gripper_control:/opt/ros/humble /usr/bin/cmake --build /home/icrs/icrsUR/build/ur -- -j8 -l8
[4.220s] DEBUG:colcon.colcon_core.event_handler.log_command:Invoking command in '/home/icrs/icrsUR/build/ur': CMAKE_PREFIX_PATH=/home/icrs/icrsUR/install/ur_calibration:/home/icrs/icrsUR/install/ur_robot_driver:/home/icrs/icrsUR/install/ur_moveit_config:/home/icrs/icrsUR/install/ur_controllers:/home/icrs/icrsUR/install/ur_description:/home/icrs/icrsUR/install/ur_dashboard_msgs:/home/icrs/icrsUR/install/ur:/home/icrs/icrsUR/install/ur_mover:/home/icrs/icrsUR/install/ur_bringup:/home/icrs/icrsUR/install/ur_custom_interfaces:/home/icrs/icrsUR/install/service_ur5ik:/home/icrs/icrsUR/install/robotiq_description:/home/icrs/icrsUR/install/module_5_assignment:/home/icrs/icrsUR/install/module_3_assignment:/home/icrs/icrsUR/install/module_1_assignment:/home/icrs/icrsUR/install/module_10_assignment:/home/icrs/icrsUR/install/interfaces_ur5ik:/home/icrs/icrsUR/install/camera_control:/home/icrs/icrsUR/install/gripper_control:/opt/ros/humble /usr/bin/cmake --install /home/icrs/icrsUR/build/ur
[4.239s] Level 1:colcon.colcon_core.environment:create_environment_scripts_only(ur)
[4.239s] Level 1:colcon.colcon_core.environment:checking '/home/icrs/icrsUR/install/ur' for CMake module files
[4.239s] DEBUG:colcon.colcon_core.event_handler.log_command:Invoked command in '/home/icrs/icrsUR/build/ur' returned '0': CMAKE_PREFIX_PATH=/home/icrs/icrsUR/install/ur_calibration:/home/icrs/icrsUR/install/ur_robot_driver:/home/icrs/icrsUR/install/ur_moveit_config:/home/icrs/icrsUR/install/ur_controllers:/home/icrs/icrsUR/install/ur_description:/home/icrs/icrsUR/install/ur_dashboard_msgs:/home/icrs/icrsUR/install/ur:/home/icrs/icrsUR/install/ur_mover:/home/icrs/icrsUR/install/ur_bringup:/home/icrs/icrsUR/install/ur_custom_interfaces:/home/icrs/icrsUR/install/service_ur5ik:/home/icrs/icrsUR/install/robotiq_description:/home/icrs/icrsUR/install/module_5_assignment:/home/icrs/icrsUR/install/module_3_assignment:/home/icrs/icrsUR/install/module_1_assignment:/home/icrs/icrsUR/install/module_10_assignment:/home/icrs/icrsUR/install/interfaces_ur5ik:/home/icrs/icrsUR/install/camera_control:/home/icrs/icrsUR/install/gripper_control:/opt/ros/humble /usr/bin/cmake --install /home/icrs/icrsUR/build/ur
[4.240s] Level 1:colcon.colcon_core.environment:checking '/home/icrs/icrsUR/install/ur' for CMake config files
[4.241s] Level 1:colcon.colcon_core.shell:create_environment_hook('ur', 'cmake_prefix_path')
[4.241s] INFO:colcon.colcon_core.shell:Creating environment hook '/home/icrs/icrsUR/install/ur/share/ur/hook/cmake_prefix_path.ps1'
[4.242s] INFO:colcon.colcon_core.shell:Creating environment descriptor '/home/icrs/icrsUR/install/ur/share/ur/hook/cmake_prefix_path.dsv'
[4.243s] INFO:colcon.colcon_core.shell:Creating environment hook '/home/icrs/icrsUR/install/ur/share/ur/hook/cmake_prefix_path.sh'
[4.244s] Level 1:colcon.colcon_core.environment:checking '/home/icrs/icrsUR/install/ur/bin'
[4.244s] Level 1:colcon.colcon_core.environment:checking '/home/icrs/icrsUR/install/ur/lib/pkgconfig/ur.pc'
[4.244s] Level 1:colcon.colcon_core.environment:checking '/home/icrs/icrsUR/install/ur/lib/python3.10/site-packages'
[4.245s] Level 1:colcon.colcon_core.environment:checking '/home/icrs/icrsUR/install/ur/bin'
[4.245s] INFO:colcon.colcon_core.shell:Creating package script '/home/icrs/icrsUR/install/ur/share/ur/package.ps1'
[4.246s] INFO:colcon.colcon_core.shell:Creating package descriptor '/home/icrs/icrsUR/install/ur/share/ur/package.dsv'
[4.246s] INFO:colcon.colcon_core.shell:Creating package script '/home/icrs/icrsUR/install/ur/share/ur/package.sh'
[4.247s] INFO:colcon.colcon_core.shell:Creating package script '/home/icrs/icrsUR/install/ur/share/ur/package.bash'
[4.247s] INFO:colcon.colcon_core.shell:Creating package script '/home/icrs/icrsUR/install/ur/share/ur/package.zsh'
[4.248s] Level 1:colcon.colcon_core.environment:create_file_with_runtime_dependencies(/home/icrs/icrsUR/install/ur/share/colcon-core/packages/ur)
[4.269s] Level 1:colcon.colcon_core.environment:create_environment_scripts_only(ur)
[4.269s] Level 1:colcon.colcon_core.environment:checking '/home/icrs/icrsUR/install/ur' for CMake module files
[4.270s] Level 1:colcon.colcon_core.environment:checking '/home/icrs/icrsUR/install/ur' for CMake config files
[4.270s] Level 1:colcon.colcon_core.shell:create_environment_hook('ur', 'cmake_prefix_path')
[4.270s] INFO:colcon.colcon_core.shell:Creating environment hook '/home/icrs/icrsUR/install/ur/share/ur/hook/cmake_prefix_path.ps1'
[4.271s] INFO:colcon.colcon_core.shell:Creating environment descriptor '/home/icrs/icrsUR/install/ur/share/ur/hook/cmake_prefix_path.dsv'
[4.272s] INFO:colcon.colcon_core.shell:Creating environment hook '/home/icrs/icrsUR/install/ur/share/ur/hook/cmake_prefix_path.sh'
[4.275s] Level 1:colcon.colcon_core.environment:checking '/home/icrs/icrsUR/install/ur/bin'
[4.276s] Level 1:colcon.colcon_core.environment:checking '/home/icrs/icrsUR/install/ur/lib/pkgconfig/ur.pc'
[4.276s] Level 1:colcon.colcon_core.environment:checking '/home/icrs/icrsUR/install/ur/lib/python3.10/site-packages'
[4.277s] Level 1:colcon.colcon_core.environment:checking '/home/icrs/icrsUR/install/ur/bin'
[4.277s] INFO:colcon.colcon_core.shell:Creating package script '/home/icrs/icrsUR/install/ur/share/ur/package.ps1'
[4.278s] INFO:colcon.colcon_core.shell:Creating package descriptor '/home/icrs/icrsUR/install/ur/share/ur/package.dsv'
[4.279s] INFO:colcon.colcon_core.shell:Creating package script '/home/icrs/icrsUR/install/ur/share/ur/package.sh'
[4.280s] INFO:colcon.colcon_core.shell:Creating package script '/home/icrs/icrsUR/install/ur/share/ur/package.bash'
[4.280s] INFO:colcon.colcon_core.shell:Creating package script '/home/icrs/icrsUR/install/ur/share/ur/package.zsh'
[4.281s] Level 1:colcon.colcon_core.environment:create_file_with_runtime_dependencies(/home/icrs/icrsUR/install/ur/share/colcon-core/packages/ur)
[23.076s] DEBUG:colcon.colcon_core.event_handler.log_command:Invoked command in '/home/icrs/icrsUR/build/ur_mover' returned '0': CMAKE_PREFIX_PATH=/home/icrs/icrsUR/install/ur_custom_interfaces:/home/icrs/icrsUR/install/interfaces_ur5ik:/home/icrs/icrsUR/install/ur:/home/icrs/icrsUR/install/ur_calibration:/home/icrs/icrsUR/install/ur_robot_driver:/home/icrs/icrsUR/install/ur_mover:/home/icrs/icrsUR/install/ur_moveit_config:/home/icrs/icrsUR/install/ur_bringup:/home/icrs/icrsUR/install/ur_description:/home/icrs/icrsUR/install/ur_controllers:/home/icrs/icrsUR/install/ur_dashboard_msgs:/home/icrs/icrsUR/install/service_ur5ik:/home/icrs/icrsUR/install/robotiq_description:/home/icrs/icrsUR/install/module_5_assignment:/home/icrs/icrsUR/install/module_3_assignment:/home/icrs/icrsUR/install/module_1_assignment:/home/icrs/icrsUR/install/module_10_assignment:/home/icrs/icrsUR/install/camera_control:/home/icrs/icrsUR/install/gripper_control:/opt/ros/humble LD_LIBRARY_PATH=/home/icrs/icrsUR/install/ur_custom_interfaces/lib:/home/icrs/icrsUR/install/interfaces_ur5ik/lib:/home/icrs/icrsUR/install/ur_robot_driver/lib:/home/icrs/icrsUR/install/ur_controllers/lib:/home/icrs/icrsUR/install/ur_dashboard_msgs/lib:/usr/local/cuda-11.8/lib64:/opt/ros/humble/opt/rviz_ogre_vendor/lib:/opt/ros/humble/lib/x86_64-linux-gnu:/opt/ros/humble/lib /usr/bin/cmake --build /home/icrs/icrsUR/build/ur_mover -- -j8 -l8
[23.104s] DEBUG:colcon.colcon_core.event_handler.log_command:Invoking command in '/home/icrs/icrsUR/build/ur_mover': CMAKE_PREFIX_PATH=/home/icrs/icrsUR/install/ur_custom_interfaces:/home/icrs/icrsUR/install/interfaces_ur5ik:/home/icrs/icrsUR/install/ur:/home/icrs/icrsUR/install/ur_calibration:/home/icrs/icrsUR/install/ur_robot_driver:/home/icrs/icrsUR/install/ur_mover:/home/icrs/icrsUR/install/ur_moveit_config:/home/icrs/icrsUR/install/ur_bringup:/home/icrs/icrsUR/install/ur_description:/home/icrs/icrsUR/install/ur_controllers:/home/icrs/icrsUR/install/ur_dashboard_msgs:/home/icrs/icrsUR/install/service_ur5ik:/home/icrs/icrsUR/install/robotiq_description:/home/icrs/icrsUR/install/module_5_assignment:/home/icrs/icrsUR/install/module_3_assignment:/home/icrs/icrsUR/install/module_1_assignment:/home/icrs/icrsUR/install/module_10_assignment:/home/icrs/icrsUR/install/camera_control:/home/icrs/icrsUR/install/gripper_control:/opt/ros/humble LD_LIBRARY_PATH=/home/icrs/icrsUR/install/ur_custom_interfaces/lib:/home/icrs/icrsUR/install/interfaces_ur5ik/lib:/home/icrs/icrsUR/install/ur_robot_driver/lib:/home/icrs/icrsUR/install/ur_controllers/lib:/home/icrs/icrsUR/install/ur_dashboard_msgs/lib:/usr/local/cuda-11.8/lib64:/opt/ros/humble/opt/rviz_ogre_vendor/lib:/opt/ros/humble/lib/x86_64-linux-gnu:/opt/ros/humble/lib /usr/bin/cmake --install /home/icrs/icrsUR/build/ur_mover
[23.126s] Level 1:colcon.colcon_core.environment:create_environment_scripts_only(ur_mover)
[23.126s] Level 1:colcon.colcon_core.environment:checking '/home/icrs/icrsUR/install/ur_mover' for CMake module files
[23.127s] DEBUG:colcon.colcon_core.event_handler.log_command:Invoked command in '/home/icrs/icrsUR/build/ur_mover' returned '0': CMAKE_PREFIX_PATH=/home/icrs/icrsUR/install/ur_custom_interfaces:/home/icrs/icrsUR/install/interfaces_ur5ik:/home/icrs/icrsUR/install/ur:/home/icrs/icrsUR/install/ur_calibration:/home/icrs/icrsUR/install/ur_robot_driver:/home/icrs/icrsUR/install/ur_mover:/home/icrs/icrsUR/install/ur_moveit_config:/home/icrs/icrsUR/install/ur_bringup:/home/icrs/icrsUR/install/ur_description:/home/icrs/icrsUR/install/ur_controllers:/home/icrs/icrsUR/install/ur_dashboard_msgs:/home/icrs/icrsUR/install/service_ur5ik:/home/icrs/icrsUR/install/robotiq_description:/home/icrs/icrsUR/install/module_5_assignment:/home/icrs/icrsUR/install/module_3_assignment:/home/icrs/icrsUR/install/module_1_assignment:/home/icrs/icrsUR/install/module_10_assignment:/home/icrs/icrsUR/install/camera_control:/home/icrs/icrsUR/install/gripper_control:/opt/ros/humble LD_LIBRARY_PATH=/home/icrs/icrsUR/install/ur_custom_interfaces/lib:/home/icrs/icrsUR/install/interfaces_ur5ik/lib:/home/icrs/icrsUR/install/ur_robot_driver/lib:/home/icrs/icrsUR/install/ur_controllers/lib:/home/icrs/icrsUR/install/ur_dashboard_msgs/lib:/usr/local/cuda-11.8/lib64:/opt/ros/humble/opt/rviz_ogre_vendor/lib:/opt/ros/humble/lib/x86_64-linux-gnu:/opt/ros/humble/lib /usr/bin/cmake --install /home/icrs/icrsUR/build/ur_mover
[23.127s] Level 1:colcon.colcon_core.environment:checking '/home/icrs/icrsUR/install/ur_mover' for CMake config files
[23.127s] Level 1:colcon.colcon_core.shell:create_environment_hook('ur_mover', 'cmake_prefix_path')
[23.128s] INFO:colcon.colcon_core.shell:Creating environment hook '/home/icrs/icrsUR/install/ur_mover/share/ur_mover/hook/cmake_prefix_path.ps1'
[23.128s] INFO:colcon.colcon_core.shell:Creating environment descriptor '/home/icrs/icrsUR/install/ur_mover/share/ur_mover/hook/cmake_prefix_path.dsv'
[23.128s] INFO:colcon.colcon_core.shell:Creating environment hook '/home/icrs/icrsUR/install/ur_mover/share/ur_mover/hook/cmake_prefix_path.sh'
[23.129s] Level 1:colcon.colcon_core.environment:checking '/home/icrs/icrsUR/install/ur_mover/lib'
[23.129s] Level 1:colcon.colcon_core.environment:checking '/home/icrs/icrsUR/install/ur_mover/bin'
[23.129s] Level 1:colcon.colcon_core.environment:checking '/home/icrs/icrsUR/install/ur_mover/lib/pkgconfig/ur_mover.pc'
[23.130s] Level 1:colcon.colcon_core.environment:checking '/home/icrs/icrsUR/install/ur_mover/lib/python3.10/site-packages'
[23.130s] Level 1:colcon.colcon_core.environment:checking '/home/icrs/icrsUR/install/ur_mover/bin'
[23.130s] INFO:colcon.colcon_core.shell:Creating package script '/home/icrs/icrsUR/install/ur_mover/share/ur_mover/package.ps1'
[23.130s] INFO:colcon.colcon_core.shell:Creating package descriptor '/home/icrs/icrsUR/install/ur_mover/share/ur_mover/package.dsv'
[23.131s] INFO:colcon.colcon_core.shell:Creating package script '/home/icrs/icrsUR/install/ur_mover/share/ur_mover/package.sh'
[23.131s] INFO:colcon.colcon_core.shell:Creating package script '/home/icrs/icrsUR/install/ur_mover/share/ur_mover/package.bash'
[23.132s] INFO:colcon.colcon_core.shell:Creating package script '/home/icrs/icrsUR/install/ur_mover/share/ur_mover/package.zsh'
[23.132s] Level 1:colcon.colcon_core.environment:create_file_with_runtime_dependencies(/home/icrs/icrsUR/install/ur_mover/share/colcon-core/packages/ur_mover)
[23.160s] Level 1:colcon.colcon_core.environment:create_environment_scripts_only(ur_mover)
[23.160s] Level 1:colcon.colcon_core.environment:checking '/home/icrs/icrsUR/install/ur_mover' for CMake module files
[23.161s] Level 1:colcon.colcon_core.environment:checking '/home/icrs/icrsUR/install/ur_mover' for CMake config files
[23.161s] Level 1:colcon.colcon_core.shell:create_environment_hook('ur_mover', 'cmake_prefix_path')
[23.161s] INFO:colcon.colcon_core.shell:Creating environment hook '/home/icrs/icrsUR/install/ur_mover/share/ur_mover/hook/cmake_prefix_path.ps1'
[23.161s] INFO:colcon.colcon_core.shell:Creating environment descriptor '/home/icrs/icrsUR/install/ur_mover/share/ur_mover/hook/cmake_prefix_path.dsv'
[23.162s] INFO:colcon.colcon_core.shell:Creating environment hook '/home/icrs/icrsUR/install/ur_mover/share/ur_mover/hook/cmake_prefix_path.sh'
[23.162s] Level 1:colcon.colcon_core.environment:checking '/home/icrs/icrsUR/install/ur_mover/lib'
[23.163s] Level 1:colcon.colcon_core.environment:checking '/home/icrs/icrsUR/install/ur_mover/bin'
[23.163s] Level 1:colcon.colcon_core.environment:checking '/home/icrs/icrsUR/install/ur_mover/lib/pkgconfig/ur_mover.pc'
[23.163s] Level 1:colcon.colcon_core.environment:checking '/home/icrs/icrsUR/install/ur_mover/lib/python3.10/site-packages'
[23.163s] Level 1:colcon.colcon_core.environment:checking '/home/icrs/icrsUR/install/ur_mover/bin'
[23.163s] INFO:colcon.colcon_core.shell:Creating package script '/home/icrs/icrsUR/install/ur_mover/share/ur_mover/package.ps1'
[23.164s] INFO:colcon.colcon_core.shell:Creating package descriptor '/home/icrs/icrsUR/install/ur_mover/share/ur_mover/package.dsv'
[23.164s] INFO:colcon.colcon_core.shell:Creating package script '/home/icrs/icrsUR/install/ur_mover/share/ur_mover/package.sh'
[23.165s] INFO:colcon.colcon_core.shell:Creating package script '/home/icrs/icrsUR/install/ur_mover/share/ur_mover/package.bash'
[23.165s] INFO:colcon.colcon_core.shell:Creating package script '/home/icrs/icrsUR/install/ur_mover/share/ur_mover/package.zsh'
[23.166s] Level 1:colcon.colcon_core.environment:create_file_with_runtime_dependencies(/home/icrs/icrsUR/install/ur_mover/share/colcon-core/packages/ur_mover)
[23.166s] DEBUG:colcon.colcon_parallel_executor.executor.parallel:closing loop
[23.166s] DEBUG:colcon.colcon_parallel_executor.executor.parallel:loop closed
[23.166s] DEBUG:colcon.colcon_parallel_executor.executor.parallel:run_until_complete finished with '0'
[23.166s] DEBUG:colcon.colcon_core.event_reactor:joining thread
[23.172s] INFO:colcon.colcon_core.plugin_system:Skipping extension 'colcon_notification.desktop_notification.terminal_notifier': Not used on non-Darwin systems
[23.172s] INFO:colcon.colcon_core.plugin_system:Skipping extension 'colcon_notification.desktop_notification.win32': Not used on non-Windows systems
[23.172s] INFO:colcon.colcon_notification.desktop_notification:Sending desktop notification using 'notify2'
[23.185s] DEBUG:colcon.colcon_core.event_reactor:joined thread
[23.185s] INFO:colcon.colcon_core.shell:Creating prefix script '/home/icrs/icrsUR/install/local_setup.ps1'
[23.187s] INFO:colcon.colcon_core.shell:Creating prefix util module '/home/icrs/icrsUR/install/_local_setup_util_ps1.py'
[23.188s] INFO:colcon.colcon_core.shell:Creating prefix chain script '/home/icrs/icrsUR/install/setup.ps1'
[23.191s] INFO:colcon.colcon_core.shell:Creating prefix script '/home/icrs/icrsUR/install/local_setup.sh'
[23.191s] INFO:colcon.colcon_core.shell:Creating prefix util module '/home/icrs/icrsUR/install/_local_setup_util_sh.py'
[23.192s] INFO:colcon.colcon_core.shell:Creating prefix chain script '/home/icrs/icrsUR/install/setup.sh'
[23.196s] INFO:colcon.colcon_core.shell:Creating prefix script '/home/icrs/icrsUR/install/local_setup.bash'
[23.196s] INFO:colcon.colcon_core.shell:Creating prefix chain script '/home/icrs/icrsUR/install/setup.bash'
[23.198s] INFO:colcon.colcon_core.shell:Creating prefix script '/home/icrs/icrsUR/install/local_setup.zsh'
[23.199s] INFO:colcon.colcon_core.shell:Creating prefix chain script '/home/icrs/icrsUR/install/setup.zsh'
