[0.138s] DEBUG:colcon:Command line arguments: ['/usr/bin/colcon', 'build']
[0.138s] DEBUG:colcon:Parsed command line arguments: Namespace(log_base=None, log_level=None, verb_name='build', build_base='build', install_base='install', merge_install=False, symlink_install=False, test_result_base=None, continue_on_error=False, executor='parallel', parallel_workers=8, event_handlers=None, ignore_user_meta=False, metas=['./colcon.meta'], base_paths=['.'], packages_ignore=None, packages_ignore_regex=None, paths=None, packages_up_to=None, packages_up_to_regex=None, packages_above=None, packages_above_and_dependencies=None, packages_above_depth=None, packages_select_by_dep=None, packages_skip_by_dep=None, packages_skip_up_to=None, packages_select_build_failed=False, packages_skip_build_finished=False, packages_select_test_failures=False, packages_skip_test_passed=False, packages_select=None, packages_skip=None, packages_select_regex=None, packages_skip_regex=None, packages_start=None, packages_end=None, allow_overriding=[], cmake_args=None, cmake_target=None, cmake_target_skip_unavailable=False, cmake_clean_cache=False, cmake_clean_first=False, cmake_force_configure=False, ament_cmake_args=None, catkin_cmake_args=None, catkin_skip_building_tests=False, mixin_files=None, mixin=None, verb_parser=<colcon_mixin.mixin.mixin_argument.MixinArgumentDecorator object at 0x71995bd2b8b0>, verb_extension=<colcon_core.verb.build.BuildVerb object at 0x71995bd2b2b0>, main=<bound method BuildVerb.main of <colcon_core.verb.build.BuildVerb object at 0x71995bd2b2b0>>, mixin_verb=('build',))
[0.338s] Level 1:colcon.colcon_core.package_discovery:discover_packages(colcon_meta) check parameters
[0.338s] Level 1:colcon.colcon_core.package_discovery:discover_packages(recursive) check parameters
[0.338s] Level 1:colcon.colcon_core.package_discovery:discover_packages(ignore) check parameters
[0.338s] Level 1:colcon.colcon_core.package_discovery:discover_packages(path) check parameters
[0.338s] Level 1:colcon.colcon_core.package_discovery:discover_packages(colcon_meta) discover
[0.338s] Level 1:colcon.colcon_core.package_discovery:discover_packages(recursive) discover
[0.338s] INFO:colcon.colcon_core.package_discovery:Crawling recursively for packages in '/home/icrs/icrsUR'
[0.338s] Level 1:colcon.colcon_core.package_identification:_identify(.) by extensions ['ignore', 'ignore_ament_install']
[0.338s] Level 1:colcon.colcon_core.package_identification:_identify(.) by extension 'ignore'
[0.338s] Level 1:colcon.colcon_core.package_identification:_identify(.) by extension 'ignore_ament_install'
[0.338s] Level 1:colcon.colcon_core.package_identification:_identify(.) by extensions ['colcon_pkg']
[0.338s] Level 1:colcon.colcon_core.package_identification:_identify(.) by extension 'colcon_pkg'
[0.338s] Level 1:colcon.colcon_core.package_identification:_identify(.) by extensions ['colcon_meta']
[0.338s] Level 1:colcon.colcon_core.package_identification:_identify(.) by extension 'colcon_meta'
[0.339s] Level 1:colcon.colcon_core.package_identification:_identify(.) by extensions ['ros']
[0.339s] Level 1:colcon.colcon_core.package_identification:_identify(.) by extension 'ros'
[0.349s] Level 1:colcon.colcon_core.package_identification:_identify(.) by extensions ['cmake', 'python']
[0.349s] Level 1:colcon.colcon_core.package_identification:_identify(.) by extension 'cmake'
[0.349s] Level 1:colcon.colcon_core.package_identification:_identify(.) by extension 'python'
[0.349s] Level 1:colcon.colcon_core.package_identification:_identify(.) by extensions ['python_setup_py']
[0.349s] Level 1:colcon.colcon_core.package_identification:_identify(.) by extension 'python_setup_py'
[0.349s] Level 1:colcon.colcon_core.package_identification:_identify(build) by extensions ['ignore', 'ignore_ament_install']
[0.350s] Level 1:colcon.colcon_core.package_identification:_identify(build) by extension 'ignore'
[0.350s] Level 1:colcon.colcon_core.package_identification:_identify(build) ignored
[0.350s] Level 1:colcon.colcon_core.package_identification:_identify(install) by extensions ['ignore', 'ignore_ament_install']
[0.350s] Level 1:colcon.colcon_core.package_identification:_identify(install) by extension 'ignore'
[0.350s] Level 1:colcon.colcon_core.package_identification:_identify(install) ignored
[0.350s] Level 1:colcon.colcon_core.package_identification:_identify(log) by extensions ['ignore', 'ignore_ament_install']
[0.350s] Level 1:colcon.colcon_core.package_identification:_identify(log) by extension 'ignore'
[0.350s] Level 1:colcon.colcon_core.package_identification:_identify(log) ignored
[0.350s] Level 1:colcon.colcon_core.package_identification:_identify(src) by extensions ['ignore', 'ignore_ament_install']
[0.350s] Level 1:colcon.colcon_core.package_identification:_identify(src) by extension 'ignore'
[0.351s] Level 1:colcon.colcon_core.package_identification:_identify(src) by extension 'ignore_ament_install'
[0.351s] Level 1:colcon.colcon_core.package_identification:_identify(src) by extensions ['colcon_pkg']
[0.351s] Level 1:colcon.colcon_core.package_identification:_identify(src) by extension 'colcon_pkg'
[0.351s] Level 1:colcon.colcon_core.package_identification:_identify(src) by extensions ['colcon_meta']
[0.351s] Level 1:colcon.colcon_core.package_identification:_identify(src) by extension 'colcon_meta'
[0.351s] Level 1:colcon.colcon_core.package_identification:_identify(src) by extensions ['ros']
[0.351s] Level 1:colcon.colcon_core.package_identification:_identify(src) by extension 'ros'
[0.351s] Level 1:colcon.colcon_core.package_identification:_identify(src) by extensions ['cmake', 'python']
[0.351s] Level 1:colcon.colcon_core.package_identification:_identify(src) by extension 'cmake'
[0.351s] Level 1:colcon.colcon_core.package_identification:_identify(src) by extension 'python'
[0.351s] Level 1:colcon.colcon_core.package_identification:_identify(src) by extensions ['python_setup_py']
[0.351s] Level 1:colcon.colcon_core.package_identification:_identify(src) by extension 'python_setup_py'
[0.351s] Level 1:colcon.colcon_core.package_identification:_identify(src/Universal_Robots_ROS2_Description) by extensions ['ignore', 'ignore_ament_install']
[0.351s] Level 1:colcon.colcon_core.package_identification:_identify(src/Universal_Robots_ROS2_Description) by extension 'ignore'
[0.351s] Level 1:colcon.colcon_core.package_identification:_identify(src/Universal_Robots_ROS2_Description) by extension 'ignore_ament_install'
[0.351s] Level 1:colcon.colcon_core.package_identification:_identify(src/Universal_Robots_ROS2_Description) by extensions ['colcon_pkg']
[0.351s] Level 1:colcon.colcon_core.package_identification:_identify(src/Universal_Robots_ROS2_Description) by extension 'colcon_pkg'
[0.351s] Level 1:colcon.colcon_core.package_identification:_identify(src/Universal_Robots_ROS2_Description) by extensions ['colcon_meta']
[0.351s] Level 1:colcon.colcon_core.package_identification:_identify(src/Universal_Robots_ROS2_Description) by extension 'colcon_meta'
[0.352s] Level 1:colcon.colcon_core.package_identification:_identify(src/Universal_Robots_ROS2_Description) by extensions ['ros']
[0.352s] Level 1:colcon.colcon_core.package_identification:_identify(src/Universal_Robots_ROS2_Description) by extension 'ros'
[0.355s] DEBUG:colcon.colcon_core.package_identification:Package 'src/Universal_Robots_ROS2_Description' with type 'ros.ament_cmake' and name 'ur_description'
[0.355s] Level 1:colcon.colcon_core.package_identification:_identify(src/Universal_Robots_ROS2_Driver) by extensions ['ignore', 'ignore_ament_install']
[0.355s] Level 1:colcon.colcon_core.package_identification:_identify(src/Universal_Robots_ROS2_Driver) by extension 'ignore'
[0.355s] Level 1:colcon.colcon_core.package_identification:_identify(src/Universal_Robots_ROS2_Driver) by extension 'ignore_ament_install'
[0.355s] Level 1:colcon.colcon_core.package_identification:_identify(src/Universal_Robots_ROS2_Driver) by extensions ['colcon_pkg']
[0.355s] Level 1:colcon.colcon_core.package_identification:_identify(src/Universal_Robots_ROS2_Driver) by extension 'colcon_pkg'
[0.355s] Level 1:colcon.colcon_core.package_identification:_identify(src/Universal_Robots_ROS2_Driver) by extensions ['colcon_meta']
[0.355s] Level 1:colcon.colcon_core.package_identification:_identify(src/Universal_Robots_ROS2_Driver) by extension 'colcon_meta'
[0.355s] Level 1:colcon.colcon_core.package_identification:_identify(src/Universal_Robots_ROS2_Driver) by extensions ['ros']
[0.355s] Level 1:colcon.colcon_core.package_identification:_identify(src/Universal_Robots_ROS2_Driver) by extension 'ros'
[0.356s] Level 1:colcon.colcon_core.package_identification:_identify(src/Universal_Robots_ROS2_Driver) by extensions ['cmake', 'python']
[0.356s] Level 1:colcon.colcon_core.package_identification:_identify(src/Universal_Robots_ROS2_Driver) by extension 'cmake'
[0.356s] Level 1:colcon.colcon_core.package_identification:_identify(src/Universal_Robots_ROS2_Driver) by extension 'python'
[0.356s] Level 1:colcon.colcon_core.package_identification:_identify(src/Universal_Robots_ROS2_Driver) by extensions ['python_setup_py']
[0.356s] Level 1:colcon.colcon_core.package_identification:_identify(src/Universal_Robots_ROS2_Driver) by extension 'python_setup_py'
[0.356s] Level 1:colcon.colcon_core.package_identification:_identify(src/Universal_Robots_ROS2_Driver/ur) by extensions ['ignore', 'ignore_ament_install']
[0.356s] Level 1:colcon.colcon_core.package_identification:_identify(src/Universal_Robots_ROS2_Driver/ur) by extension 'ignore'
[0.356s] Level 1:colcon.colcon_core.package_identification:_identify(src/Universal_Robots_ROS2_Driver/ur) by extension 'ignore_ament_install'
[0.356s] Level 1:colcon.colcon_core.package_identification:_identify(src/Universal_Robots_ROS2_Driver/ur) by extensions ['colcon_pkg']
[0.356s] Level 1:colcon.colcon_core.package_identification:_identify(src/Universal_Robots_ROS2_Driver/ur) by extension 'colcon_pkg'
[0.356s] Level 1:colcon.colcon_core.package_identification:_identify(src/Universal_Robots_ROS2_Driver/ur) by extensions ['colcon_meta']
[0.356s] Level 1:colcon.colcon_core.package_identification:_identify(src/Universal_Robots_ROS2_Driver/ur) by extension 'colcon_meta'
[0.356s] Level 1:colcon.colcon_core.package_identification:_identify(src/Universal_Robots_ROS2_Driver/ur) by extensions ['ros']
[0.356s] Level 1:colcon.colcon_core.package_identification:_identify(src/Universal_Robots_ROS2_Driver/ur) by extension 'ros'
[0.357s] DEBUG:colcon.colcon_core.package_identification:Package 'src/Universal_Robots_ROS2_Driver/ur' with type 'ros.ament_cmake' and name 'ur'
[0.357s] Level 1:colcon.colcon_core.package_identification:_identify(src/Universal_Robots_ROS2_Driver/ur_bringup) by extensions ['ignore', 'ignore_ament_install']
[0.357s] Level 1:colcon.colcon_core.package_identification:_identify(src/Universal_Robots_ROS2_Driver/ur_bringup) by extension 'ignore'
[0.357s] Level 1:colcon.colcon_core.package_identification:_identify(src/Universal_Robots_ROS2_Driver/ur_bringup) by extension 'ignore_ament_install'
[0.357s] Level 1:colcon.colcon_core.package_identification:_identify(src/Universal_Robots_ROS2_Driver/ur_bringup) by extensions ['colcon_pkg']
[0.357s] Level 1:colcon.colcon_core.package_identification:_identify(src/Universal_Robots_ROS2_Driver/ur_bringup) by extension 'colcon_pkg'
[0.357s] Level 1:colcon.colcon_core.package_identification:_identify(src/Universal_Robots_ROS2_Driver/ur_bringup) by extensions ['colcon_meta']
[0.357s] Level 1:colcon.colcon_core.package_identification:_identify(src/Universal_Robots_ROS2_Driver/ur_bringup) by extension 'colcon_meta'
[0.357s] Level 1:colcon.colcon_core.package_identification:_identify(src/Universal_Robots_ROS2_Driver/ur_bringup) by extensions ['ros']
[0.357s] Level 1:colcon.colcon_core.package_identification:_identify(src/Universal_Robots_ROS2_Driver/ur_bringup) by extension 'ros'
[0.359s] DEBUG:colcon.colcon_core.package_identification:Package 'src/Universal_Robots_ROS2_Driver/ur_bringup' with type 'ros.ament_cmake' and name 'ur_bringup'
[0.359s] Level 1:colcon.colcon_core.package_identification:_identify(src/Universal_Robots_ROS2_Driver/ur_calibration) by extensions ['ignore', 'ignore_ament_install']
[0.359s] Level 1:colcon.colcon_core.package_identification:_identify(src/Universal_Robots_ROS2_Driver/ur_calibration) by extension 'ignore'
[0.359s] Level 1:colcon.colcon_core.package_identification:_identify(src/Universal_Robots_ROS2_Driver/ur_calibration) by extension 'ignore_ament_install'
[0.359s] Level 1:colcon.colcon_core.package_identification:_identify(src/Universal_Robots_ROS2_Driver/ur_calibration) by extensions ['colcon_pkg']
[0.359s] Level 1:colcon.colcon_core.package_identification:_identify(src/Universal_Robots_ROS2_Driver/ur_calibration) by extension 'colcon_pkg'
[0.360s] Level 1:colcon.colcon_core.package_identification:_identify(src/Universal_Robots_ROS2_Driver/ur_calibration) by extensions ['colcon_meta']
[0.360s] Level 1:colcon.colcon_core.package_identification:_identify(src/Universal_Robots_ROS2_Driver/ur_calibration) by extension 'colcon_meta'
[0.360s] Level 1:colcon.colcon_core.package_identification:_identify(src/Universal_Robots_ROS2_Driver/ur_calibration) by extensions ['ros']
[0.360s] Level 1:colcon.colcon_core.package_identification:_identify(src/Universal_Robots_ROS2_Driver/ur_calibration) by extension 'ros'
[0.361s] DEBUG:colcon.colcon_core.package_identification:Package 'src/Universal_Robots_ROS2_Driver/ur_calibration' with type 'ros.ament_cmake' and name 'ur_calibration'
[0.361s] Level 1:colcon.colcon_core.package_identification:_identify(src/Universal_Robots_ROS2_Driver/ur_controllers) by extensions ['ignore', 'ignore_ament_install']
[0.361s] Level 1:colcon.colcon_core.package_identification:_identify(src/Universal_Robots_ROS2_Driver/ur_controllers) by extension 'ignore'
[0.361s] Level 1:colcon.colcon_core.package_identification:_identify(src/Universal_Robots_ROS2_Driver/ur_controllers) by extension 'ignore_ament_install'
[0.361s] Level 1:colcon.colcon_core.package_identification:_identify(src/Universal_Robots_ROS2_Driver/ur_controllers) by extensions ['colcon_pkg']
[0.361s] Level 1:colcon.colcon_core.package_identification:_identify(src/Universal_Robots_ROS2_Driver/ur_controllers) by extension 'colcon_pkg'
[0.361s] Level 1:colcon.colcon_core.package_identification:_identify(src/Universal_Robots_ROS2_Driver/ur_controllers) by extensions ['colcon_meta']
[0.361s] Level 1:colcon.colcon_core.package_identification:_identify(src/Universal_Robots_ROS2_Driver/ur_controllers) by extension 'colcon_meta'
[0.361s] Level 1:colcon.colcon_core.package_identification:_identify(src/Universal_Robots_ROS2_Driver/ur_controllers) by extensions ['ros']
[0.361s] Level 1:colcon.colcon_core.package_identification:_identify(src/Universal_Robots_ROS2_Driver/ur_controllers) by extension 'ros'
[0.363s] DEBUG:colcon.colcon_core.package_identification:Package 'src/Universal_Robots_ROS2_Driver/ur_controllers' with type 'ros.ament_cmake' and name 'ur_controllers'
[0.363s] Level 1:colcon.colcon_core.package_identification:_identify(src/Universal_Robots_ROS2_Driver/ur_dashboard_msgs) by extensions ['ignore', 'ignore_ament_install']
[0.363s] Level 1:colcon.colcon_core.package_identification:_identify(src/Universal_Robots_ROS2_Driver/ur_dashboard_msgs) by extension 'ignore'
[0.363s] Level 1:colcon.colcon_core.package_identification:_identify(src/Universal_Robots_ROS2_Driver/ur_dashboard_msgs) by extension 'ignore_ament_install'
[0.363s] Level 1:colcon.colcon_core.package_identification:_identify(src/Universal_Robots_ROS2_Driver/ur_dashboard_msgs) by extensions ['colcon_pkg']
[0.363s] Level 1:colcon.colcon_core.package_identification:_identify(src/Universal_Robots_ROS2_Driver/ur_dashboard_msgs) by extension 'colcon_pkg'
[0.363s] Level 1:colcon.colcon_core.package_identification:_identify(src/Universal_Robots_ROS2_Driver/ur_dashboard_msgs) by extensions ['colcon_meta']
[0.363s] Level 1:colcon.colcon_core.package_identification:_identify(src/Universal_Robots_ROS2_Driver/ur_dashboard_msgs) by extension 'colcon_meta'
[0.363s] Level 1:colcon.colcon_core.package_identification:_identify(src/Universal_Robots_ROS2_Driver/ur_dashboard_msgs) by extensions ['ros']
[0.364s] Level 1:colcon.colcon_core.package_identification:_identify(src/Universal_Robots_ROS2_Driver/ur_dashboard_msgs) by extension 'ros'
[0.374s] DEBUG:colcon.colcon_core.package_identification:Package 'src/Universal_Robots_ROS2_Driver/ur_dashboard_msgs' with type 'ros.ament_cmake' and name 'ur_dashboard_msgs'
[0.374s] Level 1:colcon.colcon_core.package_identification:_identify(src/Universal_Robots_ROS2_Driver/ur_moveit_config) by extensions ['ignore', 'ignore_ament_install']
[0.374s] Level 1:colcon.colcon_core.package_identification:_identify(src/Universal_Robots_ROS2_Driver/ur_moveit_config) by extension 'ignore'
[0.374s] Level 1:colcon.colcon_core.package_identification:_identify(src/Universal_Robots_ROS2_Driver/ur_moveit_config) by extension 'ignore_ament_install'
[0.374s] Level 1:colcon.colcon_core.package_identification:_identify(src/Universal_Robots_ROS2_Driver/ur_moveit_config) by extensions ['colcon_pkg']
[0.374s] Level 1:colcon.colcon_core.package_identification:_identify(src/Universal_Robots_ROS2_Driver/ur_moveit_config) by extension 'colcon_pkg'
[0.374s] Level 1:colcon.colcon_core.package_identification:_identify(src/Universal_Robots_ROS2_Driver/ur_moveit_config) by extensions ['colcon_meta']
[0.374s] Level 1:colcon.colcon_core.package_identification:_identify(src/Universal_Robots_ROS2_Driver/ur_moveit_config) by extension 'colcon_meta'
[0.374s] Level 1:colcon.colcon_core.package_identification:_identify(src/Universal_Robots_ROS2_Driver/ur_moveit_config) by extensions ['ros']
[0.374s] Level 1:colcon.colcon_core.package_identification:_identify(src/Universal_Robots_ROS2_Driver/ur_moveit_config) by extension 'ros'
[0.375s] DEBUG:colcon.colcon_core.package_identification:Package 'src/Universal_Robots_ROS2_Driver/ur_moveit_config' with type 'ros.ament_cmake' and name 'ur_moveit_config'
[0.375s] Level 1:colcon.colcon_core.package_identification:_identify(src/Universal_Robots_ROS2_Driver/ur_robot_driver) by extensions ['ignore', 'ignore_ament_install']
[0.375s] Level 1:colcon.colcon_core.package_identification:_identify(src/Universal_Robots_ROS2_Driver/ur_robot_driver) by extension 'ignore'
[0.375s] Level 1:colcon.colcon_core.package_identification:_identify(src/Universal_Robots_ROS2_Driver/ur_robot_driver) by extension 'ignore_ament_install'
[0.375s] Level 1:colcon.colcon_core.package_identification:_identify(src/Universal_Robots_ROS2_Driver/ur_robot_driver) by extensions ['colcon_pkg']
[0.375s] Level 1:colcon.colcon_core.package_identification:_identify(src/Universal_Robots_ROS2_Driver/ur_robot_driver) by extension 'colcon_pkg'
[0.375s] Level 1:colcon.colcon_core.package_identification:_identify(src/Universal_Robots_ROS2_Driver/ur_robot_driver) by extensions ['colcon_meta']
[0.375s] Level 1:colcon.colcon_core.package_identification:_identify(src/Universal_Robots_ROS2_Driver/ur_robot_driver) by extension 'colcon_meta'
[0.375s] Level 1:colcon.colcon_core.package_identification:_identify(src/Universal_Robots_ROS2_Driver/ur_robot_driver) by extensions ['ros']
[0.376s] Level 1:colcon.colcon_core.package_identification:_identify(src/Universal_Robots_ROS2_Driver/ur_robot_driver) by extension 'ros'
[0.378s] DEBUG:colcon.colcon_core.package_identification:Package 'src/Universal_Robots_ROS2_Driver/ur_robot_driver' with type 'ros.ament_cmake' and name 'ur_robot_driver'
[0.378s] Level 1:colcon.colcon_core.package_identification:_identify(src/camera_control) by extensions ['ignore', 'ignore_ament_install']
[0.378s] Level 1:colcon.colcon_core.package_identification:_identify(src/camera_control) by extension 'ignore'
[0.378s] Level 1:colcon.colcon_core.package_identification:_identify(src/camera_control) by extension 'ignore_ament_install'
[0.378s] Level 1:colcon.colcon_core.package_identification:_identify(src/camera_control) by extensions ['colcon_pkg']
[0.378s] Level 1:colcon.colcon_core.package_identification:_identify(src/camera_control) by extension 'colcon_pkg'
[0.379s] Level 1:colcon.colcon_core.package_identification:_identify(src/camera_control) by extensions ['colcon_meta']
[0.379s] Level 1:colcon.colcon_core.package_identification:_identify(src/camera_control) by extension 'colcon_meta'
[0.379s] Level 1:colcon.colcon_core.package_identification:_identify(src/camera_control) by extensions ['ros']
[0.379s] Level 1:colcon.colcon_core.package_identification:_identify(src/camera_control) by extension 'ros'
[0.379s] DEBUG:colcon.colcon_core.package_identification:Package 'src/camera_control' with type 'ros.ament_python' and name 'camera_control'
[0.379s] Level 1:colcon.colcon_core.package_identification:_identify(src/gripper_control) by extensions ['ignore', 'ignore_ament_install']
[0.380s] Level 1:colcon.colcon_core.package_identification:_identify(src/gripper_control) by extension 'ignore'
[0.380s] Level 1:colcon.colcon_core.package_identification:_identify(src/gripper_control) by extension 'ignore_ament_install'
[0.380s] Level 1:colcon.colcon_core.package_identification:_identify(src/gripper_control) by extensions ['colcon_pkg']
[0.380s] Level 1:colcon.colcon_core.package_identification:_identify(src/gripper_control) by extension 'colcon_pkg'
[0.380s] Level 1:colcon.colcon_core.package_identification:_identify(src/gripper_control) by extensions ['colcon_meta']
[0.380s] Level 1:colcon.colcon_core.package_identification:_identify(src/gripper_control) by extension 'colcon_meta'
[0.380s] Level 1:colcon.colcon_core.package_identification:_identify(src/gripper_control) by extensions ['ros']
[0.380s] Level 1:colcon.colcon_core.package_identification:_identify(src/gripper_control) by extension 'ros'
[0.381s] DEBUG:colcon.colcon_core.package_identification:Package 'src/gripper_control' with type 'ros.ament_python' and name 'gripper_control'
[0.381s] Level 1:colcon.colcon_core.package_identification:_identify(src/interfaces_ur5ik) by extensions ['ignore', 'ignore_ament_install']
[0.381s] Level 1:colcon.colcon_core.package_identification:_identify(src/interfaces_ur5ik) by extension 'ignore'
[0.381s] Level 1:colcon.colcon_core.package_identification:_identify(src/interfaces_ur5ik) by extension 'ignore_ament_install'
[0.381s] Level 1:colcon.colcon_core.package_identification:_identify(src/interfaces_ur5ik) by extensions ['colcon_pkg']
[0.381s] Level 1:colcon.colcon_core.package_identification:_identify(src/interfaces_ur5ik) by extension 'colcon_pkg'
[0.381s] Level 1:colcon.colcon_core.package_identification:_identify(src/interfaces_ur5ik) by extensions ['colcon_meta']
[0.381s] Level 1:colcon.colcon_core.package_identification:_identify(src/interfaces_ur5ik) by extension 'colcon_meta'
[0.381s] Level 1:colcon.colcon_core.package_identification:_identify(src/interfaces_ur5ik) by extensions ['ros']
[0.381s] Level 1:colcon.colcon_core.package_identification:_identify(src/interfaces_ur5ik) by extension 'ros'
[0.382s] DEBUG:colcon.colcon_core.package_identification:Package 'src/interfaces_ur5ik' with type 'ros.ament_cmake' and name 'interfaces_ur5ik'
[0.382s] Level 1:colcon.colcon_core.package_identification:_identify(src/robotiq_description) by extensions ['ignore', 'ignore_ament_install']
[0.382s] Level 1:colcon.colcon_core.package_identification:_identify(src/robotiq_description) by extension 'ignore'
[0.382s] Level 1:colcon.colcon_core.package_identification:_identify(src/robotiq_description) by extension 'ignore_ament_install'
[0.382s] Level 1:colcon.colcon_core.package_identification:_identify(src/robotiq_description) by extensions ['colcon_pkg']
[0.382s] Level 1:colcon.colcon_core.package_identification:_identify(src/robotiq_description) by extension 'colcon_pkg'
[0.382s] Level 1:colcon.colcon_core.package_identification:_identify(src/robotiq_description) by extensions ['colcon_meta']
[0.382s] Level 1:colcon.colcon_core.package_identification:_identify(src/robotiq_description) by extension 'colcon_meta'
[0.382s] Level 1:colcon.colcon_core.package_identification:_identify(src/robotiq_description) by extensions ['ros']
[0.382s] Level 1:colcon.colcon_core.package_identification:_identify(src/robotiq_description) by extension 'ros'
[0.383s] DEBUG:colcon.colcon_core.package_identification:Package 'src/robotiq_description' with type 'ros.ament_cmake' and name 'robotiq_description'
[0.383s] Level 1:colcon.colcon_core.package_identification:_identify(src/service_ur5ik) by extensions ['ignore', 'ignore_ament_install']
[0.384s] Level 1:colcon.colcon_core.package_identification:_identify(src/service_ur5ik) by extension 'ignore'
[0.384s] Level 1:colcon.colcon_core.package_identification:_identify(src/service_ur5ik) by extension 'ignore_ament_install'
[0.384s] Level 1:colcon.colcon_core.package_identification:_identify(src/service_ur5ik) by extensions ['colcon_pkg']
[0.384s] Level 1:colcon.colcon_core.package_identification:_identify(src/service_ur5ik) by extension 'colcon_pkg'
[0.384s] Level 1:colcon.colcon_core.package_identification:_identify(src/service_ur5ik) by extensions ['colcon_meta']
[0.384s] Level 1:colcon.colcon_core.package_identification:_identify(src/service_ur5ik) by extension 'colcon_meta'
[0.384s] Level 1:colcon.colcon_core.package_identification:_identify(src/service_ur5ik) by extensions ['ros']
[0.384s] Level 1:colcon.colcon_core.package_identification:_identify(src/service_ur5ik) by extension 'ros'
[0.385s] DEBUG:colcon.colcon_core.package_identification:Package 'src/service_ur5ik' with type 'ros.ament_cmake' and name 'service_ur5ik'
[0.386s] Level 1:colcon.colcon_core.package_identification:_identify(src/ur_custom_interfaces) by extensions ['ignore', 'ignore_ament_install']
[0.386s] Level 1:colcon.colcon_core.package_identification:_identify(src/ur_custom_interfaces) by extension 'ignore'
[0.386s] Level 1:colcon.colcon_core.package_identification:_identify(src/ur_custom_interfaces) by extension 'ignore_ament_install'
[0.386s] Level 1:colcon.colcon_core.package_identification:_identify(src/ur_custom_interfaces) by extensions ['colcon_pkg']
[0.386s] Level 1:colcon.colcon_core.package_identification:_identify(src/ur_custom_interfaces) by extension 'colcon_pkg'
[0.386s] Level 1:colcon.colcon_core.package_identification:_identify(src/ur_custom_interfaces) by extensions ['colcon_meta']
[0.386s] Level 1:colcon.colcon_core.package_identification:_identify(src/ur_custom_interfaces) by extension 'colcon_meta'
[0.386s] Level 1:colcon.colcon_core.package_identification:_identify(src/ur_custom_interfaces) by extensions ['ros']
[0.386s] Level 1:colcon.colcon_core.package_identification:_identify(src/ur_custom_interfaces) by extension 'ros'
[0.387s] DEBUG:colcon.colcon_core.package_identification:Package 'src/ur_custom_interfaces' with type 'ros.ament_cmake' and name 'ur_custom_interfaces'
[0.387s] Level 1:colcon.colcon_core.package_identification:_identify(src/ur_mover) by extensions ['ignore', 'ignore_ament_install']
[0.387s] Level 1:colcon.colcon_core.package_identification:_identify(src/ur_mover) by extension 'ignore'
[0.387s] Level 1:colcon.colcon_core.package_identification:_identify(src/ur_mover) by extension 'ignore_ament_install'
[0.387s] Level 1:colcon.colcon_core.package_identification:_identify(src/ur_mover) by extensions ['colcon_pkg']
[0.387s] Level 1:colcon.colcon_core.package_identification:_identify(src/ur_mover) by extension 'colcon_pkg'
[0.387s] Level 1:colcon.colcon_core.package_identification:_identify(src/ur_mover) by extensions ['colcon_meta']
[0.387s] Level 1:colcon.colcon_core.package_identification:_identify(src/ur_mover) by extension 'colcon_meta'
[0.387s] Level 1:colcon.colcon_core.package_identification:_identify(src/ur_mover) by extensions ['ros']
[0.387s] Level 1:colcon.colcon_core.package_identification:_identify(src/ur_mover) by extension 'ros'
[0.388s] DEBUG:colcon.colcon_core.package_identification:Package 'src/ur_mover' with type 'ros.ament_cmake' and name 'ur_mover'
[0.388s] Level 1:colcon.colcon_core.package_discovery:discover_packages(recursive) using defaults
[0.388s] Level 1:colcon.colcon_core.package_discovery:discover_packages(ignore) discover
[0.388s] Level 1:colcon.colcon_core.package_discovery:discover_packages(ignore) using defaults
[0.388s] Level 1:colcon.colcon_core.package_discovery:discover_packages(path) discover
[0.388s] Level 1:colcon.colcon_core.package_discovery:discover_packages(path) using defaults
[0.415s] Level 1:colcon.colcon_core.package_discovery:discover_packages(prefix_path) check parameters
[0.415s] Level 1:colcon.colcon_core.package_discovery:discover_packages(prefix_path) discover
[0.419s] DEBUG:colcon.colcon_installed_package_information.package_discovery:Found 19 installed packages in /home/icrs/icrsUR/install
[0.420s] DEBUG:colcon.colcon_installed_package_information.package_discovery:Found 330 installed packages in /opt/ros/humble
[0.422s] Level 1:colcon.colcon_core.package_discovery:discover_packages(prefix_path) using defaults
[0.464s] Level 5:colcon.colcon_core.verb:set package 'gripper_control' build argument 'cmake_args' from command line to 'None'
[0.464s] Level 5:colcon.colcon_core.verb:set package 'gripper_control' build argument 'cmake_target' from command line to 'None'
[0.464s] Level 5:colcon.colcon_core.verb:set package 'gripper_control' build argument 'cmake_target_skip_unavailable' from command line to 'False'
[0.464s] Level 5:colcon.colcon_core.verb:set package 'gripper_control' build argument 'cmake_clean_cache' from command line to 'False'
[0.464s] Level 5:colcon.colcon_core.verb:set package 'gripper_control' build argument 'cmake_clean_first' from command line to 'False'
[0.464s] Level 5:colcon.colcon_core.verb:set package 'gripper_control' build argument 'cmake_force_configure' from command line to 'False'
[0.464s] Level 5:colcon.colcon_core.verb:set package 'gripper_control' build argument 'ament_cmake_args' from command line to 'None'
[0.464s] Level 5:colcon.colcon_core.verb:set package 'gripper_control' build argument 'catkin_cmake_args' from command line to 'None'
[0.464s] Level 5:colcon.colcon_core.verb:set package 'gripper_control' build argument 'catkin_skip_building_tests' from command line to 'False'
[0.464s] DEBUG:colcon.colcon_core.verb:Building package 'gripper_control' with the following arguments: {'ament_cmake_args': None, 'build_base': '/home/icrs/icrsUR/build/gripper_control', 'catkin_cmake_args': None, 'catkin_skip_building_tests': False, 'cmake_args': None, 'cmake_clean_cache': False, 'cmake_clean_first': False, 'cmake_force_configure': False, 'cmake_target': None, 'cmake_target_skip_unavailable': False, 'install_base': '/home/icrs/icrsUR/install/gripper_control', 'merge_install': False, 'path': '/home/icrs/icrsUR/src/gripper_control', 'symlink_install': False, 'test_result_base': None}
[0.464s] Level 5:colcon.colcon_core.verb:set package 'interfaces_ur5ik' build argument 'cmake_args' from command line to 'None'
[0.464s] Level 5:colcon.colcon_core.verb:set package 'interfaces_ur5ik' build argument 'cmake_target' from command line to 'None'
[0.464s] Level 5:colcon.colcon_core.verb:set package 'interfaces_ur5ik' build argument 'cmake_target_skip_unavailable' from command line to 'False'
[0.464s] Level 5:colcon.colcon_core.verb:set package 'interfaces_ur5ik' build argument 'cmake_clean_cache' from command line to 'False'
[0.464s] Level 5:colcon.colcon_core.verb:set package 'interfaces_ur5ik' build argument 'cmake_clean_first' from command line to 'False'
[0.464s] Level 5:colcon.colcon_core.verb:set package 'interfaces_ur5ik' build argument 'cmake_force_configure' from command line to 'False'
[0.464s] Level 5:colcon.colcon_core.verb:set package 'interfaces_ur5ik' build argument 'ament_cmake_args' from command line to 'None'
[0.464s] Level 5:colcon.colcon_core.verb:set package 'interfaces_ur5ik' build argument 'catkin_cmake_args' from command line to 'None'
[0.464s] Level 5:colcon.colcon_core.verb:set package 'interfaces_ur5ik' build argument 'catkin_skip_building_tests' from command line to 'False'
[0.464s] DEBUG:colcon.colcon_core.verb:Building package 'interfaces_ur5ik' with the following arguments: {'ament_cmake_args': None, 'build_base': '/home/icrs/icrsUR/build/interfaces_ur5ik', 'catkin_cmake_args': None, 'catkin_skip_building_tests': False, 'cmake_args': None, 'cmake_clean_cache': False, 'cmake_clean_first': False, 'cmake_force_configure': False, 'cmake_target': None, 'cmake_target_skip_unavailable': False, 'install_base': '/home/icrs/icrsUR/install/interfaces_ur5ik', 'merge_install': False, 'path': '/home/icrs/icrsUR/src/interfaces_ur5ik', 'symlink_install': False, 'test_result_base': None}
[0.465s] Level 5:colcon.colcon_core.verb:set package 'robotiq_description' build argument 'cmake_args' from command line to 'None'
[0.465s] Level 5:colcon.colcon_core.verb:set package 'robotiq_description' build argument 'cmake_target' from command line to 'None'
[0.465s] Level 5:colcon.colcon_core.verb:set package 'robotiq_description' build argument 'cmake_target_skip_unavailable' from command line to 'False'
[0.465s] Level 5:colcon.colcon_core.verb:set package 'robotiq_description' build argument 'cmake_clean_cache' from command line to 'False'
[0.465s] Level 5:colcon.colcon_core.verb:set package 'robotiq_description' build argument 'cmake_clean_first' from command line to 'False'
[0.465s] Level 5:colcon.colcon_core.verb:set package 'robotiq_description' build argument 'cmake_force_configure' from command line to 'False'
[0.465s] Level 5:colcon.colcon_core.verb:set package 'robotiq_description' build argument 'ament_cmake_args' from command line to 'None'
[0.465s] Level 5:colcon.colcon_core.verb:set package 'robotiq_description' build argument 'catkin_cmake_args' from command line to 'None'
[0.465s] Level 5:colcon.colcon_core.verb:set package 'robotiq_description' build argument 'catkin_skip_building_tests' from command line to 'False'
[0.465s] DEBUG:colcon.colcon_core.verb:Building package 'robotiq_description' with the following arguments: {'ament_cmake_args': None, 'build_base': '/home/icrs/icrsUR/build/robotiq_description', 'catkin_cmake_args': None, 'catkin_skip_building_tests': False, 'cmake_args': None, 'cmake_clean_cache': False, 'cmake_clean_first': False, 'cmake_force_configure': False, 'cmake_target': None, 'cmake_target_skip_unavailable': False, 'install_base': '/home/icrs/icrsUR/install/robotiq_description', 'merge_install': False, 'path': '/home/icrs/icrsUR/src/robotiq_description', 'symlink_install': False, 'test_result_base': None}
[0.465s] Level 5:colcon.colcon_core.verb:set package 'ur_custom_interfaces' build argument 'cmake_args' from command line to 'None'
[0.465s] Level 5:colcon.colcon_core.verb:set package 'ur_custom_interfaces' build argument 'cmake_target' from command line to 'None'
[0.465s] Level 5:colcon.colcon_core.verb:set package 'ur_custom_interfaces' build argument 'cmake_target_skip_unavailable' from command line to 'False'
[0.465s] Level 5:colcon.colcon_core.verb:set package 'ur_custom_interfaces' build argument 'cmake_clean_cache' from command line to 'False'
[0.465s] Level 5:colcon.colcon_core.verb:set package 'ur_custom_interfaces' build argument 'cmake_clean_first' from command line to 'False'
[0.465s] Level 5:colcon.colcon_core.verb:set package 'ur_custom_interfaces' build argument 'cmake_force_configure' from command line to 'False'
[0.465s] Level 5:colcon.colcon_core.verb:set package 'ur_custom_interfaces' build argument 'ament_cmake_args' from command line to 'None'
[0.465s] Level 5:colcon.colcon_core.verb:set package 'ur_custom_interfaces' build argument 'catkin_cmake_args' from command line to 'None'
[0.465s] Level 5:colcon.colcon_core.verb:set package 'ur_custom_interfaces' build argument 'catkin_skip_building_tests' from command line to 'False'
[0.466s] DEBUG:colcon.colcon_core.verb:Building package 'ur_custom_interfaces' with the following arguments: {'ament_cmake_args': None, 'build_base': '/home/icrs/icrsUR/build/ur_custom_interfaces', 'catkin_cmake_args': None, 'catkin_skip_building_tests': False, 'cmake_args': None, 'cmake_clean_cache': False, 'cmake_clean_first': False, 'cmake_force_configure': False, 'cmake_target': None, 'cmake_target_skip_unavailable': False, 'install_base': '/home/icrs/icrsUR/install/ur_custom_interfaces', 'merge_install': False, 'path': '/home/icrs/icrsUR/src/ur_custom_interfaces', 'symlink_install': False, 'test_result_base': None}
[0.466s] Level 5:colcon.colcon_core.verb:set package 'ur_dashboard_msgs' build argument 'cmake_args' from command line to 'None'
[0.466s] Level 5:colcon.colcon_core.verb:set package 'ur_dashboard_msgs' build argument 'cmake_target' from command line to 'None'
[0.466s] Level 5:colcon.colcon_core.verb:set package 'ur_dashboard_msgs' build argument 'cmake_target_skip_unavailable' from command line to 'False'
[0.466s] Level 5:colcon.colcon_core.verb:set package 'ur_dashboard_msgs' build argument 'cmake_clean_cache' from command line to 'False'
[0.466s] Level 5:colcon.colcon_core.verb:set package 'ur_dashboard_msgs' build argument 'cmake_clean_first' from command line to 'False'
[0.466s] Level 5:colcon.colcon_core.verb:set package 'ur_dashboard_msgs' build argument 'cmake_force_configure' from command line to 'False'
[0.466s] Level 5:colcon.colcon_core.verb:set package 'ur_dashboard_msgs' build argument 'ament_cmake_args' from command line to 'None'
[0.466s] Level 5:colcon.colcon_core.verb:set package 'ur_dashboard_msgs' build argument 'catkin_cmake_args' from command line to 'None'
[0.466s] Level 5:colcon.colcon_core.verb:set package 'ur_dashboard_msgs' build argument 'catkin_skip_building_tests' from command line to 'False'
[0.466s] DEBUG:colcon.colcon_core.verb:Building package 'ur_dashboard_msgs' with the following arguments: {'ament_cmake_args': None, 'build_base': '/home/icrs/icrsUR/build/ur_dashboard_msgs', 'catkin_cmake_args': None, 'catkin_skip_building_tests': False, 'cmake_args': None, 'cmake_clean_cache': False, 'cmake_clean_first': False, 'cmake_force_configure': False, 'cmake_target': None, 'cmake_target_skip_unavailable': False, 'install_base': '/home/icrs/icrsUR/install/ur_dashboard_msgs', 'merge_install': False, 'path': '/home/icrs/icrsUR/src/Universal_Robots_ROS2_Driver/ur_dashboard_msgs', 'symlink_install': False, 'test_result_base': None}
[0.466s] Level 5:colcon.colcon_core.verb:set package 'ur_description' build argument 'cmake_args' from command line to 'None'
[0.466s] Level 5:colcon.colcon_core.verb:set package 'ur_description' build argument 'cmake_target' from command line to 'None'
[0.466s] Level 5:colcon.colcon_core.verb:set package 'ur_description' build argument 'cmake_target_skip_unavailable' from command line to 'False'
[0.466s] Level 5:colcon.colcon_core.verb:set package 'ur_description' build argument 'cmake_clean_cache' from command line to 'False'
[0.466s] Level 5:colcon.colcon_core.verb:set package 'ur_description' build argument 'cmake_clean_first' from command line to 'False'
[0.466s] Level 5:colcon.colcon_core.verb:set package 'ur_description' build argument 'cmake_force_configure' from command line to 'False'
[0.466s] Level 5:colcon.colcon_core.verb:set package 'ur_description' build argument 'ament_cmake_args' from command line to 'None'
[0.466s] Level 5:colcon.colcon_core.verb:set package 'ur_description' build argument 'catkin_cmake_args' from command line to 'None'
[0.467s] Level 5:colcon.colcon_core.verb:set package 'ur_description' build argument 'catkin_skip_building_tests' from command line to 'False'
[0.467s] DEBUG:colcon.colcon_core.verb:Building package 'ur_description' with the following arguments: {'ament_cmake_args': None, 'build_base': '/home/icrs/icrsUR/build/ur_description', 'catkin_cmake_args': None, 'catkin_skip_building_tests': False, 'cmake_args': None, 'cmake_clean_cache': False, 'cmake_clean_first': False, 'cmake_force_configure': False, 'cmake_target': None, 'cmake_target_skip_unavailable': False, 'install_base': '/home/icrs/icrsUR/install/ur_description', 'merge_install': False, 'path': '/home/icrs/icrsUR/src/Universal_Robots_ROS2_Description', 'symlink_install': False, 'test_result_base': None}
[0.467s] Level 5:colcon.colcon_core.verb:set package 'camera_control' build argument 'cmake_args' from command line to 'None'
[0.467s] Level 5:colcon.colcon_core.verb:set package 'camera_control' build argument 'cmake_target' from command line to 'None'
[0.467s] Level 5:colcon.colcon_core.verb:set package 'camera_control' build argument 'cmake_target_skip_unavailable' from command line to 'False'
[0.467s] Level 5:colcon.colcon_core.verb:set package 'camera_control' build argument 'cmake_clean_cache' from command line to 'False'
[0.467s] Level 5:colcon.colcon_core.verb:set package 'camera_control' build argument 'cmake_clean_first' from command line to 'False'
[0.467s] Level 5:colcon.colcon_core.verb:set package 'camera_control' build argument 'cmake_force_configure' from command line to 'False'
[0.467s] Level 5:colcon.colcon_core.verb:set package 'camera_control' build argument 'ament_cmake_args' from command line to 'None'
[0.467s] Level 5:colcon.colcon_core.verb:set package 'camera_control' build argument 'catkin_cmake_args' from command line to 'None'
[0.467s] Level 5:colcon.colcon_core.verb:set package 'camera_control' build argument 'catkin_skip_building_tests' from command line to 'False'
[0.467s] DEBUG:colcon.colcon_core.verb:Building package 'camera_control' with the following arguments: {'ament_cmake_args': None, 'build_base': '/home/icrs/icrsUR/build/camera_control', 'catkin_cmake_args': None, 'catkin_skip_building_tests': False, 'cmake_args': None, 'cmake_clean_cache': False, 'cmake_clean_first': False, 'cmake_force_configure': False, 'cmake_target': None, 'cmake_target_skip_unavailable': False, 'install_base': '/home/icrs/icrsUR/install/camera_control', 'merge_install': False, 'path': '/home/icrs/icrsUR/src/camera_control', 'symlink_install': False, 'test_result_base': None}
[0.467s] Level 5:colcon.colcon_core.verb:set package 'service_ur5ik' build argument 'cmake_args' from command line to 'None'
[0.467s] Level 5:colcon.colcon_core.verb:set package 'service_ur5ik' build argument 'cmake_target' from command line to 'None'
[0.467s] Level 5:colcon.colcon_core.verb:set package 'service_ur5ik' build argument 'cmake_target_skip_unavailable' from command line to 'False'
[0.467s] Level 5:colcon.colcon_core.verb:set package 'service_ur5ik' build argument 'cmake_clean_cache' from command line to 'False'
[0.467s] Level 5:colcon.colcon_core.verb:set package 'service_ur5ik' build argument 'cmake_clean_first' from command line to 'False'
[0.468s] Level 5:colcon.colcon_core.verb:set package 'service_ur5ik' build argument 'cmake_force_configure' from command line to 'False'
[0.468s] Level 5:colcon.colcon_core.verb:set package 'service_ur5ik' build argument 'ament_cmake_args' from command line to 'None'
[0.468s] Level 5:colcon.colcon_core.verb:set package 'service_ur5ik' build argument 'catkin_cmake_args' from command line to 'None'
[0.468s] Level 5:colcon.colcon_core.verb:set package 'service_ur5ik' build argument 'catkin_skip_building_tests' from command line to 'False'
[0.468s] DEBUG:colcon.colcon_core.verb:Building package 'service_ur5ik' with the following arguments: {'ament_cmake_args': None, 'build_base': '/home/icrs/icrsUR/build/service_ur5ik', 'catkin_cmake_args': None, 'catkin_skip_building_tests': False, 'cmake_args': None, 'cmake_clean_cache': False, 'cmake_clean_first': False, 'cmake_force_configure': False, 'cmake_target': None, 'cmake_target_skip_unavailable': False, 'install_base': '/home/icrs/icrsUR/install/service_ur5ik', 'merge_install': False, 'path': '/home/icrs/icrsUR/src/service_ur5ik', 'symlink_install': False, 'test_result_base': None}
[0.468s] Level 5:colcon.colcon_core.verb:set package 'ur_controllers' build argument 'cmake_args' from command line to 'None'
[0.468s] Level 5:colcon.colcon_core.verb:set package 'ur_controllers' build argument 'cmake_target' from command line to 'None'
[0.468s] Level 5:colcon.colcon_core.verb:set package 'ur_controllers' build argument 'cmake_target_skip_unavailable' from command line to 'False'
[0.468s] Level 5:colcon.colcon_core.verb:set package 'ur_controllers' build argument 'cmake_clean_cache' from command line to 'False'
[0.468s] Level 5:colcon.colcon_core.verb:set package 'ur_controllers' build argument 'cmake_clean_first' from command line to 'False'
[0.468s] Level 5:colcon.colcon_core.verb:set package 'ur_controllers' build argument 'cmake_force_configure' from command line to 'False'
[0.468s] Level 5:colcon.colcon_core.verb:set package 'ur_controllers' build argument 'ament_cmake_args' from command line to 'None'
[0.468s] Level 5:colcon.colcon_core.verb:set package 'ur_controllers' build argument 'catkin_cmake_args' from command line to 'None'
[0.468s] Level 5:colcon.colcon_core.verb:set package 'ur_controllers' build argument 'catkin_skip_building_tests' from command line to 'False'
[0.468s] DEBUG:colcon.colcon_core.verb:Building package 'ur_controllers' with the following arguments: {'ament_cmake_args': None, 'build_base': '/home/icrs/icrsUR/build/ur_controllers', 'catkin_cmake_args': None, 'catkin_skip_building_tests': False, 'cmake_args': None, 'cmake_clean_cache': False, 'cmake_clean_first': False, 'cmake_force_configure': False, 'cmake_target': None, 'cmake_target_skip_unavailable': False, 'install_base': '/home/icrs/icrsUR/install/ur_controllers', 'merge_install': False, 'path': '/home/icrs/icrsUR/src/Universal_Robots_ROS2_Driver/ur_controllers', 'symlink_install': False, 'test_result_base': None}
[0.468s] Level 5:colcon.colcon_core.verb:set package 'ur_moveit_config' build argument 'cmake_args' from command line to 'None'
[0.468s] Level 5:colcon.colcon_core.verb:set package 'ur_moveit_config' build argument 'cmake_target' from command line to 'None'
[0.468s] Level 5:colcon.colcon_core.verb:set package 'ur_moveit_config' build argument 'cmake_target_skip_unavailable' from command line to 'False'
[0.468s] Level 5:colcon.colcon_core.verb:set package 'ur_moveit_config' build argument 'cmake_clean_cache' from command line to 'False'
[0.469s] Level 5:colcon.colcon_core.verb:set package 'ur_moveit_config' build argument 'cmake_clean_first' from command line to 'False'
[0.469s] Level 5:colcon.colcon_core.verb:set package 'ur_moveit_config' build argument 'cmake_force_configure' from command line to 'False'
[0.469s] Level 5:colcon.colcon_core.verb:set package 'ur_moveit_config' build argument 'ament_cmake_args' from command line to 'None'
[0.469s] Level 5:colcon.colcon_core.verb:set package 'ur_moveit_config' build argument 'catkin_cmake_args' from command line to 'None'
[0.469s] Level 5:colcon.colcon_core.verb:set package 'ur_moveit_config' build argument 'catkin_skip_building_tests' from command line to 'False'
[0.469s] DEBUG:colcon.colcon_core.verb:Building package 'ur_moveit_config' with the following arguments: {'ament_cmake_args': None, 'build_base': '/home/icrs/icrsUR/build/ur_moveit_config', 'catkin_cmake_args': None, 'catkin_skip_building_tests': False, 'cmake_args': None, 'cmake_clean_cache': False, 'cmake_clean_first': False, 'cmake_force_configure': False, 'cmake_target': None, 'cmake_target_skip_unavailable': False, 'install_base': '/home/icrs/icrsUR/install/ur_moveit_config', 'merge_install': False, 'path': '/home/icrs/icrsUR/src/Universal_Robots_ROS2_Driver/ur_moveit_config', 'symlink_install': False, 'test_result_base': None}
[0.469s] Level 5:colcon.colcon_core.verb:set package 'ur_mover' build argument 'cmake_args' from command line to 'None'
[0.469s] Level 5:colcon.colcon_core.verb:set package 'ur_mover' build argument 'cmake_target' from command line to 'None'
[0.469s] Level 5:colcon.colcon_core.verb:set package 'ur_mover' build argument 'cmake_target_skip_unavailable' from command line to 'False'
[0.469s] Level 5:colcon.colcon_core.verb:set package 'ur_mover' build argument 'cmake_clean_cache' from command line to 'False'
[0.469s] Level 5:colcon.colcon_core.verb:set package 'ur_mover' build argument 'cmake_clean_first' from command line to 'False'
[0.469s] Level 5:colcon.colcon_core.verb:set package 'ur_mover' build argument 'cmake_force_configure' from command line to 'False'
[0.469s] Level 5:colcon.colcon_core.verb:set package 'ur_mover' build argument 'ament_cmake_args' from command line to 'None'
[0.469s] Level 5:colcon.colcon_core.verb:set package 'ur_mover' build argument 'catkin_cmake_args' from command line to 'None'
[0.469s] Level 5:colcon.colcon_core.verb:set package 'ur_mover' build argument 'catkin_skip_building_tests' from command line to 'False'
[0.469s] DEBUG:colcon.colcon_core.verb:Building package 'ur_mover' with the following arguments: {'ament_cmake_args': None, 'build_base': '/home/icrs/icrsUR/build/ur_mover', 'catkin_cmake_args': None, 'catkin_skip_building_tests': False, 'cmake_args': None, 'cmake_clean_cache': False, 'cmake_clean_first': False, 'cmake_force_configure': False, 'cmake_target': None, 'cmake_target_skip_unavailable': False, 'install_base': '/home/icrs/icrsUR/install/ur_mover', 'merge_install': False, 'path': '/home/icrs/icrsUR/src/ur_mover', 'symlink_install': False, 'test_result_base': None}
[0.469s] Level 5:colcon.colcon_core.verb:set package 'ur_bringup' build argument 'cmake_args' from command line to 'None'
[0.469s] Level 5:colcon.colcon_core.verb:set package 'ur_bringup' build argument 'cmake_target' from command line to 'None'
[0.470s] Level 5:colcon.colcon_core.verb:set package 'ur_bringup' build argument 'cmake_target_skip_unavailable' from command line to 'False'
[0.470s] Level 5:colcon.colcon_core.verb:set package 'ur_bringup' build argument 'cmake_clean_cache' from command line to 'False'
[0.470s] Level 5:colcon.colcon_core.verb:set package 'ur_bringup' build argument 'cmake_clean_first' from command line to 'False'
[0.470s] Level 5:colcon.colcon_core.verb:set package 'ur_bringup' build argument 'cmake_force_configure' from command line to 'False'
[0.470s] Level 5:colcon.colcon_core.verb:set package 'ur_bringup' build argument 'ament_cmake_args' from command line to 'None'
[0.470s] Level 5:colcon.colcon_core.verb:set package 'ur_bringup' build argument 'catkin_cmake_args' from command line to 'None'
[0.470s] Level 5:colcon.colcon_core.verb:set package 'ur_bringup' build argument 'catkin_skip_building_tests' from command line to 'False'
[0.470s] DEBUG:colcon.colcon_core.verb:Building package 'ur_bringup' with the following arguments: {'ament_cmake_args': None, 'build_base': '/home/icrs/icrsUR/build/ur_bringup', 'catkin_cmake_args': None, 'catkin_skip_building_tests': False, 'cmake_args': None, 'cmake_clean_cache': False, 'cmake_clean_first': False, 'cmake_force_configure': False, 'cmake_target': None, 'cmake_target_skip_unavailable': False, 'install_base': '/home/icrs/icrsUR/install/ur_bringup', 'merge_install': False, 'path': '/home/icrs/icrsUR/src/Universal_Robots_ROS2_Driver/ur_bringup', 'symlink_install': False, 'test_result_base': None}
[0.470s] Level 5:colcon.colcon_core.verb:set package 'ur_robot_driver' build argument 'cmake_args' from command line to 'None'
[0.470s] Level 5:colcon.colcon_core.verb:set package 'ur_robot_driver' build argument 'cmake_target' from command line to 'None'
[0.470s] Level 5:colcon.colcon_core.verb:set package 'ur_robot_driver' build argument 'cmake_target_skip_unavailable' from command line to 'False'
[0.470s] Level 5:colcon.colcon_core.verb:set package 'ur_robot_driver' build argument 'cmake_clean_cache' from command line to 'False'
[0.470s] Level 5:colcon.colcon_core.verb:set package 'ur_robot_driver' build argument 'cmake_clean_first' from command line to 'False'
[0.470s] Level 5:colcon.colcon_core.verb:set package 'ur_robot_driver' build argument 'cmake_force_configure' from command line to 'False'
[0.470s] Level 5:colcon.colcon_core.verb:set package 'ur_robot_driver' build argument 'ament_cmake_args' from command line to 'None'
[0.470s] Level 5:colcon.colcon_core.verb:set package 'ur_robot_driver' build argument 'catkin_cmake_args' from command line to 'None'
[0.470s] Level 5:colcon.colcon_core.verb:set package 'ur_robot_driver' build argument 'catkin_skip_building_tests' from command line to 'False'
[0.470s] DEBUG:colcon.colcon_core.verb:Building package 'ur_robot_driver' with the following arguments: {'ament_cmake_args': None, 'build_base': '/home/icrs/icrsUR/build/ur_robot_driver', 'catkin_cmake_args': None, 'catkin_skip_building_tests': False, 'cmake_args': None, 'cmake_clean_cache': False, 'cmake_clean_first': False, 'cmake_force_configure': False, 'cmake_target': None, 'cmake_target_skip_unavailable': False, 'install_base': '/home/icrs/icrsUR/install/ur_robot_driver', 'merge_install': False, 'path': '/home/icrs/icrsUR/src/Universal_Robots_ROS2_Driver/ur_robot_driver', 'symlink_install': False, 'test_result_base': None}
[0.471s] Level 5:colcon.colcon_core.verb:set package 'ur_calibration' build argument 'cmake_args' from command line to 'None'
[0.471s] Level 5:colcon.colcon_core.verb:set package 'ur_calibration' build argument 'cmake_target' from command line to 'None'
[0.471s] Level 5:colcon.colcon_core.verb:set package 'ur_calibration' build argument 'cmake_target_skip_unavailable' from command line to 'False'
[0.471s] Level 5:colcon.colcon_core.verb:set package 'ur_calibration' build argument 'cmake_clean_cache' from command line to 'False'
[0.471s] Level 5:colcon.colcon_core.verb:set package 'ur_calibration' build argument 'cmake_clean_first' from command line to 'False'
[0.471s] Level 5:colcon.colcon_core.verb:set package 'ur_calibration' build argument 'cmake_force_configure' from command line to 'False'
[0.471s] Level 5:colcon.colcon_core.verb:set package 'ur_calibration' build argument 'ament_cmake_args' from command line to 'None'
[0.471s] Level 5:colcon.colcon_core.verb:set package 'ur_calibration' build argument 'catkin_cmake_args' from command line to 'None'
[0.471s] Level 5:colcon.colcon_core.verb:set package 'ur_calibration' build argument 'catkin_skip_building_tests' from command line to 'False'
[0.471s] DEBUG:colcon.colcon_core.verb:Building package 'ur_calibration' with the following arguments: {'ament_cmake_args': None, 'build_base': '/home/icrs/icrsUR/build/ur_calibration', 'catkin_cmake_args': None, 'catkin_skip_building_tests': False, 'cmake_args': None, 'cmake_clean_cache': False, 'cmake_clean_first': False, 'cmake_force_configure': False, 'cmake_target': None, 'cmake_target_skip_unavailable': False, 'install_base': '/home/icrs/icrsUR/install/ur_calibration', 'merge_install': False, 'path': '/home/icrs/icrsUR/src/Universal_Robots_ROS2_Driver/ur_calibration', 'symlink_install': False, 'test_result_base': None}
[0.471s] Level 5:colcon.colcon_core.verb:set package 'ur' build argument 'cmake_args' from command line to 'None'
[0.471s] Level 5:colcon.colcon_core.verb:set package 'ur' build argument 'cmake_target' from command line to 'None'
[0.471s] Level 5:colcon.colcon_core.verb:set package 'ur' build argument 'cmake_target_skip_unavailable' from command line to 'False'
[0.471s] Level 5:colcon.colcon_core.verb:set package 'ur' build argument 'cmake_clean_cache' from command line to 'False'
[0.471s] Level 5:colcon.colcon_core.verb:set package 'ur' build argument 'cmake_clean_first' from command line to 'False'
[0.471s] Level 5:colcon.colcon_core.verb:set package 'ur' build argument 'cmake_force_configure' from command line to 'False'
[0.471s] Level 5:colcon.colcon_core.verb:set package 'ur' build argument 'ament_cmake_args' from command line to 'None'
[0.471s] Level 5:colcon.colcon_core.verb:set package 'ur' build argument 'catkin_cmake_args' from command line to 'None'
[0.471s] Level 5:colcon.colcon_core.verb:set package 'ur' build argument 'catkin_skip_building_tests' from command line to 'False'
[0.471s] DEBUG:colcon.colcon_core.verb:Building package 'ur' with the following arguments: {'ament_cmake_args': None, 'build_base': '/home/icrs/icrsUR/build/ur', 'catkin_cmake_args': None, 'catkin_skip_building_tests': False, 'cmake_args': None, 'cmake_clean_cache': False, 'cmake_clean_first': False, 'cmake_force_configure': False, 'cmake_target': None, 'cmake_target_skip_unavailable': False, 'install_base': '/home/icrs/icrsUR/install/ur', 'merge_install': False, 'path': '/home/icrs/icrsUR/src/Universal_Robots_ROS2_Driver/ur', 'symlink_install': False, 'test_result_base': None}
[0.471s] INFO:colcon.colcon_core.executor:Executing jobs using 'parallel' executor
[0.472s] DEBUG:colcon.colcon_parallel_executor.executor.parallel:run_until_complete
[0.473s] INFO:colcon.colcon_ros.task.ament_cmake.build:Building ROS package in '/home/icrs/icrsUR/src/Universal_Robots_ROS2_Driver/ur_dashboard_msgs' with build type 'ament_cmake'
[0.473s] INFO:colcon.colcon_cmake.task.cmake.build:Building CMake package in '/home/icrs/icrsUR/src/Universal_Robots_ROS2_Driver/ur_dashboard_msgs'
[0.475s] INFO:colcon.colcon_core.plugin_system:Skipping extension 'colcon_core.shell.bat': Not used on non-Windows systems
[0.475s] INFO:colcon.colcon_core.shell:Skip shell extension 'powershell' for command environment: Not usable outside of PowerShell
[0.475s] DEBUG:colcon.colcon_core.shell:Skip shell extension 'dsv' for command environment
[0.479s] INFO:colcon.colcon_ros.task.ament_cmake.build:Building ROS package in '/home/icrs/icrsUR/src/Universal_Robots_ROS2_Description' with build type 'ament_cmake'
[0.479s] INFO:colcon.colcon_cmake.task.cmake.build:Building CMake package in '/home/icrs/icrsUR/src/Universal_Robots_ROS2_Description'
[0.479s] INFO:colcon.colcon_core.shell:Skip shell extension 'powershell' for command environment: Not usable outside of PowerShell
[0.480s] DEBUG:colcon.colcon_core.shell:Skip shell extension 'dsv' for command environment
[0.484s] INFO:colcon.colcon_ros.task.ament_cmake.build:Building ROS package in '/home/icrs/icrsUR/src/interfaces_ur5ik' with build type 'ament_cmake'
[0.484s] INFO:colcon.colcon_cmake.task.cmake.build:Building CMake package in '/home/icrs/icrsUR/src/interfaces_ur5ik'
[0.485s] INFO:colcon.colcon_core.shell:Skip shell extension 'powershell' for command environment: Not usable outside of PowerShell
[0.485s] DEBUG:colcon.colcon_core.shell:Skip shell extension 'dsv' for command environment
[0.489s] INFO:colcon.colcon_ros.task.ament_cmake.build:Building ROS package in '/home/icrs/icrsUR/src/ur_custom_interfaces' with build type 'ament_cmake'
[0.489s] INFO:colcon.colcon_cmake.task.cmake.build:Building CMake package in '/home/icrs/icrsUR/src/ur_custom_interfaces'
[0.489s] INFO:colcon.colcon_core.shell:Skip shell extension 'powershell' for command environment: Not usable outside of PowerShell
[0.489s] DEBUG:colcon.colcon_core.shell:Skip shell extension 'dsv' for command environment
[0.493s] INFO:colcon.colcon_ros.task.ament_python.build:Building ROS package in '/home/icrs/icrsUR/src/gripper_control' with build type 'ament_python'
[0.493s] Level 1:colcon.colcon_core.shell:create_environment_hook('gripper_control', 'ament_prefix_path')
[0.494s] INFO:colcon.colcon_core.shell:Creating environment hook '/home/icrs/icrsUR/install/gripper_control/share/gripper_control/hook/ament_prefix_path.ps1'
[0.494s] INFO:colcon.colcon_core.shell:Creating environment descriptor '/home/icrs/icrsUR/install/gripper_control/share/gripper_control/hook/ament_prefix_path.dsv'
[0.495s] INFO:colcon.colcon_core.shell:Creating environment hook '/home/icrs/icrsUR/install/gripper_control/share/gripper_control/hook/ament_prefix_path.sh'
[0.496s] INFO:colcon.colcon_core.shell:Skip shell extension 'powershell' for command environment: Not usable outside of PowerShell
[0.496s] DEBUG:colcon.colcon_core.shell:Skip shell extension 'dsv' for command environment
[0.500s] INFO:colcon.colcon_ros.task.ament_cmake.build:Building ROS package in '/home/icrs/icrsUR/src/robotiq_description' with build type 'ament_cmake'
[0.501s] INFO:colcon.colcon_cmake.task.cmake.build:Building CMake package in '/home/icrs/icrsUR/src/robotiq_description'
[0.501s] INFO:colcon.colcon_core.shell:Skip shell extension 'powershell' for command environment: Not usable outside of PowerShell
[0.501s] DEBUG:colcon.colcon_core.shell:Skip shell extension 'dsv' for command environment
[0.510s] DEBUG:colcon.colcon_core.event_handler.log_command:Invoking command in '/home/icrs/icrsUR/build/ur_dashboard_msgs': CMAKE_PREFIX_PATH=${CMAKE_PREFIX_PATH}:/home/icrs/icrsUR/install/camera_control:/home/icrs/icrsUR/install/gripper_control:/opt/ros/humble /usr/bin/cmake --build /home/icrs/icrsUR/build/ur_dashboard_msgs -- -j8 -l8
[0.518s] DEBUG:colcon.colcon_core.event_handler.log_command:Invoking command in '/home/icrs/icrsUR/build/ur_description': CMAKE_PREFIX_PATH=${CMAKE_PREFIX_PATH}:/home/icrs/icrsUR/install/camera_control:/home/icrs/icrsUR/install/gripper_control:/opt/ros/humble /usr/bin/cmake --build /home/icrs/icrsUR/build/ur_description -- -j8 -l8
[0.521s] DEBUG:colcon.colcon_core.event_handler.log_command:Invoking command in '/home/icrs/icrsUR/build/interfaces_ur5ik': CMAKE_PREFIX_PATH=${CMAKE_PREFIX_PATH}:/home/icrs/icrsUR/install/camera_control:/home/icrs/icrsUR/install/gripper_control:/opt/ros/humble /usr/bin/cmake --build /home/icrs/icrsUR/build/interfaces_ur5ik -- -j8 -l8
[0.526s] DEBUG:colcon.colcon_core.event_handler.log_command:Invoking command in '/home/icrs/icrsUR/build/ur_custom_interfaces': CMAKE_PREFIX_PATH=${CMAKE_PREFIX_PATH}:/home/icrs/icrsUR/install/camera_control:/home/icrs/icrsUR/install/gripper_control:/opt/ros/humble /usr/bin/cmake --build /home/icrs/icrsUR/build/ur_custom_interfaces -- -j8 -l8
[1.175s] WARNING:colcon.colcon_ros.task.ament_python.build:Package 'gripper_control' doesn't explicitly install a marker in the package index (colcon-ros currently does it implicitly but that fallback will be removed in the future)
[1.175s] INFO:colcon.colcon_core.task.python.build:Building Python package in '/home/icrs/icrsUR/src/gripper_control'
[1.176s] INFO:colcon.colcon_core.shell:Skip shell extension 'powershell' for command environment: Not usable outside of PowerShell
[1.176s] DEBUG:colcon.colcon_core.shell:Skip shell extension 'dsv' for command environment
[1.197s] DEBUG:colcon.colcon_core.event_handler.log_command:Invoking command in '/home/icrs/icrsUR/build/robotiq_description': CMAKE_PREFIX_PATH=${CMAKE_PREFIX_PATH}:/home/icrs/icrsUR/install/camera_control:/home/icrs/icrsUR/install/gripper_control:/opt/ros/humble /usr/bin/cmake --build /home/icrs/icrsUR/build/robotiq_description -- -j8 -l8
[1.198s] DEBUG:colcon.colcon_core.event_handler.log_command:Invoked command in '/home/icrs/icrsUR/build/ur_description' returned '0': CMAKE_PREFIX_PATH=${CMAKE_PREFIX_PATH}:/home/icrs/icrsUR/install/camera_control:/home/icrs/icrsUR/install/gripper_control:/opt/ros/humble /usr/bin/cmake --build /home/icrs/icrsUR/build/ur_description -- -j8 -l8
[1.260s] DEBUG:colcon.colcon_core.event_handler.log_command:Invoking command in '/home/icrs/icrsUR/build/ur_description': CMAKE_PREFIX_PATH=${CMAKE_PREFIX_PATH}:/home/icrs/icrsUR/install/camera_control:/home/icrs/icrsUR/install/gripper_control:/opt/ros/humble /usr/bin/cmake --install /home/icrs/icrsUR/build/ur_description
[1.265s] DEBUG:colcon.colcon_core.event_handler.log_command:Invoked command in '/home/icrs/icrsUR/build/robotiq_description' returned '0': CMAKE_PREFIX_PATH=${CMAKE_PREFIX_PATH}:/home/icrs/icrsUR/install/camera_control:/home/icrs/icrsUR/install/gripper_control:/opt/ros/humble /usr/bin/cmake --build /home/icrs/icrsUR/build/robotiq_description -- -j8 -l8
[1.318s] DEBUG:colcon.colcon_core.event_handler.log_command:Invoking command in '/home/icrs/icrsUR/build/robotiq_description': CMAKE_PREFIX_PATH=${CMAKE_PREFIX_PATH}:/home/icrs/icrsUR/install/camera_control:/home/icrs/icrsUR/install/gripper_control:/opt/ros/humble /usr/bin/cmake --install /home/icrs/icrsUR/build/robotiq_description
[1.326s] DEBUG:colcon.colcon_core.event_handler.log_command:Invoked command in '/home/icrs/icrsUR/build/ur_dashboard_msgs' returned '0': CMAKE_PREFIX_PATH=${CMAKE_PREFIX_PATH}:/home/icrs/icrsUR/install/camera_control:/home/icrs/icrsUR/install/gripper_control:/opt/ros/humble /usr/bin/cmake --build /home/icrs/icrsUR/build/ur_dashboard_msgs -- -j8 -l8
[1.333s] Level 1:colcon.colcon_core.environment:create_environment_scripts_only(ur_description)
[1.335s] DEBUG:colcon.colcon_core.event_handler.log_command:Invoked command in '/home/icrs/icrsUR/build/ur_description' returned '0': CMAKE_PREFIX_PATH=${CMAKE_PREFIX_PATH}:/home/icrs/icrsUR/install/camera_control:/home/icrs/icrsUR/install/gripper_control:/opt/ros/humble /usr/bin/cmake --install /home/icrs/icrsUR/build/ur_description
[1.351s] Level 1:colcon.colcon_core.environment:checking '/home/icrs/icrsUR/install/ur_description' for CMake module files
[1.352s] Level 1:colcon.colcon_core.environment:checking '/home/icrs/icrsUR/install/ur_description' for CMake config files
[1.353s] Level 1:colcon.colcon_core.shell:create_environment_hook('ur_description', 'cmake_prefix_path')
[1.353s] INFO:colcon.colcon_core.shell:Creating environment hook '/home/icrs/icrsUR/install/ur_description/share/ur_description/hook/cmake_prefix_path.ps1'
[1.355s] INFO:colcon.colcon_core.shell:Creating environment descriptor '/home/icrs/icrsUR/install/ur_description/share/ur_description/hook/cmake_prefix_path.dsv'
[1.356s] INFO:colcon.colcon_core.shell:Creating environment hook '/home/icrs/icrsUR/install/ur_description/share/ur_description/hook/cmake_prefix_path.sh'
[1.357s] Level 1:colcon.colcon_core.environment:checking '/home/icrs/icrsUR/install/ur_description/bin'
[1.357s] Level 1:colcon.colcon_core.environment:checking '/home/icrs/icrsUR/install/ur_description/lib/pkgconfig/ur_description.pc'
[1.358s] Level 1:colcon.colcon_core.environment:checking '/home/icrs/icrsUR/install/ur_description/lib/python3.10/site-packages'
[1.358s] Level 1:colcon.colcon_core.environment:checking '/home/icrs/icrsUR/install/ur_description/bin'
[1.360s] INFO:colcon.colcon_core.shell:Creating package script '/home/icrs/icrsUR/install/ur_description/share/ur_description/package.ps1'
[1.363s] INFO:colcon.colcon_core.shell:Creating package descriptor '/home/icrs/icrsUR/install/ur_description/share/ur_description/package.dsv'
[1.363s] INFO:colcon.colcon_core.shell:Creating package script '/home/icrs/icrsUR/install/ur_description/share/ur_description/package.sh'
[1.364s] INFO:colcon.colcon_core.shell:Creating package script '/home/icrs/icrsUR/install/ur_description/share/ur_description/package.bash'
[1.365s] INFO:colcon.colcon_core.shell:Creating package script '/home/icrs/icrsUR/install/ur_description/share/ur_description/package.zsh'
[1.367s] Level 1:colcon.colcon_core.environment:create_file_with_runtime_dependencies(/home/icrs/icrsUR/install/ur_description/share/colcon-core/packages/ur_description)
[1.370s] Level 1:colcon.colcon_core.environment:create_environment_scripts_only(robotiq_description)
[1.370s] DEBUG:colcon.colcon_core.event_handler.log_command:Invoked command in '/home/icrs/icrsUR/build/robotiq_description' returned '0': CMAKE_PREFIX_PATH=${CMAKE_PREFIX_PATH}:/home/icrs/icrsUR/install/camera_control:/home/icrs/icrsUR/install/gripper_control:/opt/ros/humble /usr/bin/cmake --install /home/icrs/icrsUR/build/robotiq_description
[1.371s] Level 1:colcon.colcon_core.environment:checking '/home/icrs/icrsUR/install/robotiq_description' for CMake module files
[1.371s] Level 1:colcon.colcon_core.environment:checking '/home/icrs/icrsUR/install/robotiq_description' for CMake config files
[1.372s] Level 1:colcon.colcon_core.shell:create_environment_hook('robotiq_description', 'cmake_prefix_path')
[1.372s] INFO:colcon.colcon_core.shell:Creating environment hook '/home/icrs/icrsUR/install/robotiq_description/share/robotiq_description/hook/cmake_prefix_path.ps1'
[1.373s] INFO:colcon.colcon_core.shell:Creating environment descriptor '/home/icrs/icrsUR/install/robotiq_description/share/robotiq_description/hook/cmake_prefix_path.dsv'
[1.374s] INFO:colcon.colcon_core.shell:Creating environment hook '/home/icrs/icrsUR/install/robotiq_description/share/robotiq_description/hook/cmake_prefix_path.sh'
[1.379s] Level 1:colcon.colcon_core.environment:checking '/home/icrs/icrsUR/install/robotiq_description/bin'
[1.379s] Level 1:colcon.colcon_core.environment:checking '/home/icrs/icrsUR/install/robotiq_description/lib/pkgconfig/robotiq_description.pc'
[1.380s] Level 1:colcon.colcon_core.environment:checking '/home/icrs/icrsUR/install/robotiq_description/lib/python3.10/site-packages'
[1.380s] Level 1:colcon.colcon_core.environment:checking '/home/icrs/icrsUR/install/robotiq_description/bin'
[1.381s] INFO:colcon.colcon_core.shell:Creating package script '/home/icrs/icrsUR/install/robotiq_description/share/robotiq_description/package.ps1'
[1.382s] INFO:colcon.colcon_core.shell:Creating package descriptor '/home/icrs/icrsUR/install/robotiq_description/share/robotiq_description/package.dsv'
[1.382s] INFO:colcon.colcon_core.shell:Creating package script '/home/icrs/icrsUR/install/robotiq_description/share/robotiq_description/package.sh'
[1.383s] INFO:colcon.colcon_core.shell:Creating package script '/home/icrs/icrsUR/install/robotiq_description/share/robotiq_description/package.bash'
[1.384s] INFO:colcon.colcon_core.shell:Creating package script '/home/icrs/icrsUR/install/robotiq_description/share/robotiq_description/package.zsh'
[1.385s] Level 1:colcon.colcon_core.environment:create_file_with_runtime_dependencies(/home/icrs/icrsUR/install/robotiq_description/share/colcon-core/packages/robotiq_description)
[1.412s] Level 1:colcon.colcon_core.environment:create_environment_scripts_only(ur_description)
[1.416s] Level 1:colcon.colcon_core.environment:checking '/home/icrs/icrsUR/install/ur_description' for CMake module files
[1.418s] Level 1:colcon.colcon_core.environment:checking '/home/icrs/icrsUR/install/ur_description' for CMake config files
[1.418s] Level 1:colcon.colcon_core.shell:create_environment_hook('ur_description', 'cmake_prefix_path')
[1.419s] INFO:colcon.colcon_core.shell:Creating environment hook '/home/icrs/icrsUR/install/ur_description/share/ur_description/hook/cmake_prefix_path.ps1'
[1.420s] INFO:colcon.colcon_core.shell:Creating environment descriptor '/home/icrs/icrsUR/install/ur_description/share/ur_description/hook/cmake_prefix_path.dsv'
[1.421s] INFO:colcon.colcon_core.shell:Creating environment hook '/home/icrs/icrsUR/install/ur_description/share/ur_description/hook/cmake_prefix_path.sh'
[1.422s] Level 1:colcon.colcon_core.environment:checking '/home/icrs/icrsUR/install/ur_description/bin'
[1.422s] Level 1:colcon.colcon_core.environment:checking '/home/icrs/icrsUR/install/ur_description/lib/pkgconfig/ur_description.pc'
[1.423s] Level 1:colcon.colcon_core.environment:checking '/home/icrs/icrsUR/install/ur_description/lib/python3.10/site-packages'
[1.424s] Level 1:colcon.colcon_core.environment:checking '/home/icrs/icrsUR/install/ur_description/bin'
[1.425s] INFO:colcon.colcon_core.shell:Creating package script '/home/icrs/icrsUR/install/ur_description/share/ur_description/package.ps1'
[1.428s] INFO:colcon.colcon_core.shell:Creating package descriptor '/home/icrs/icrsUR/install/ur_description/share/ur_description/package.dsv'
[1.429s] INFO:colcon.colcon_core.shell:Creating package script '/home/icrs/icrsUR/install/ur_description/share/ur_description/package.sh'
[1.429s] INFO:colcon.colcon_core.shell:Creating package script '/home/icrs/icrsUR/install/ur_description/share/ur_description/package.bash'
[1.430s] INFO:colcon.colcon_core.shell:Creating package script '/home/icrs/icrsUR/install/ur_description/share/ur_description/package.zsh'
[1.431s] Level 1:colcon.colcon_core.environment:create_file_with_runtime_dependencies(/home/icrs/icrsUR/install/ur_description/share/colcon-core/packages/ur_description)
[1.432s] INFO:colcon.colcon_ros.task.ament_cmake.build:Building ROS package in '/home/icrs/icrsUR/src/Universal_Robots_ROS2_Driver/ur_moveit_config' with build type 'ament_cmake'
[1.432s] INFO:colcon.colcon_cmake.task.cmake.build:Building CMake package in '/home/icrs/icrsUR/src/Universal_Robots_ROS2_Driver/ur_moveit_config'
[1.433s] INFO:colcon.colcon_core.shell:Skip shell extension 'powershell' for command environment: Not usable outside of PowerShell
[1.433s] DEBUG:colcon.colcon_core.shell:Skip shell extension 'dsv' for command environment
[1.446s] Level 1:colcon.colcon_core.environment:create_environment_scripts_only(robotiq_description)
[1.447s] Level 1:colcon.colcon_core.environment:checking '/home/icrs/icrsUR/install/robotiq_description' for CMake module files
[1.449s] Level 1:colcon.colcon_core.environment:checking '/home/icrs/icrsUR/install/robotiq_description' for CMake config files
[1.449s] Level 1:colcon.colcon_core.shell:create_environment_hook('robotiq_description', 'cmake_prefix_path')
[1.450s] INFO:colcon.colcon_core.shell:Creating environment hook '/home/icrs/icrsUR/install/robotiq_description/share/robotiq_description/hook/cmake_prefix_path.ps1'
[1.451s] INFO:colcon.colcon_core.shell:Creating environment descriptor '/home/icrs/icrsUR/install/robotiq_description/share/robotiq_description/hook/cmake_prefix_path.dsv'
[1.452s] INFO:colcon.colcon_core.shell:Creating environment hook '/home/icrs/icrsUR/install/robotiq_description/share/robotiq_description/hook/cmake_prefix_path.sh'
[1.452s] Level 1:colcon.colcon_core.environment:checking '/home/icrs/icrsUR/install/robotiq_description/bin'
[1.453s] Level 1:colcon.colcon_core.environment:checking '/home/icrs/icrsUR/install/robotiq_description/lib/pkgconfig/robotiq_description.pc'
[1.453s] Level 1:colcon.colcon_core.environment:checking '/home/icrs/icrsUR/install/robotiq_description/lib/python3.10/site-packages'
[1.453s] Level 1:colcon.colcon_core.environment:checking '/home/icrs/icrsUR/install/robotiq_description/bin'
[1.454s] INFO:colcon.colcon_core.shell:Creating package script '/home/icrs/icrsUR/install/robotiq_description/share/robotiq_description/package.ps1'
[1.455s] INFO:colcon.colcon_core.shell:Creating package descriptor '/home/icrs/icrsUR/install/robotiq_description/share/robotiq_description/package.dsv'
[1.456s] INFO:colcon.colcon_core.shell:Creating package script '/home/icrs/icrsUR/install/robotiq_description/share/robotiq_description/package.sh'
[1.457s] INFO:colcon.colcon_core.shell:Creating package script '/home/icrs/icrsUR/install/robotiq_description/share/robotiq_description/package.bash'
[1.458s] INFO:colcon.colcon_core.shell:Creating package script '/home/icrs/icrsUR/install/robotiq_description/share/robotiq_description/package.zsh'
[1.460s] Level 1:colcon.colcon_core.environment:create_file_with_runtime_dependencies(/home/icrs/icrsUR/install/robotiq_description/share/colcon-core/packages/robotiq_description)
[1.467s] DEBUG:colcon.colcon_core.event_handler.log_command:Invoking command in '/home/icrs/icrsUR/build/ur_moveit_config': CMAKE_PREFIX_PATH=/home/icrs/icrsUR/install/ur_description:/home/icrs/icrsUR/install/ur:/home/icrs/icrsUR/install/ur_calibration:/home/icrs/icrsUR/install/ur_robot_driver:/home/icrs/icrsUR/install/ur_mover:/home/icrs/icrsUR/install/ur_moveit_config:/home/icrs/icrsUR/install/ur_bringup:/home/icrs/icrsUR/install/ur_controllers:/home/icrs/icrsUR/install/ur_dashboard_msgs:/home/icrs/icrsUR/install/ur_custom_interfaces:/home/icrs/icrsUR/install/service_ur5ik:/home/icrs/icrsUR/install/robotiq_description:/home/icrs/icrsUR/install/module_5_assignment:/home/icrs/icrsUR/install/module_3_assignment:/home/icrs/icrsUR/install/module_1_assignment:/home/icrs/icrsUR/install/module_10_assignment:/home/icrs/icrsUR/install/interfaces_ur5ik:/home/icrs/icrsUR/install/camera_control:/home/icrs/icrsUR/install/gripper_control:/opt/ros/humble /usr/bin/cmake --build /home/icrs/icrsUR/build/ur_moveit_config -- -j8 -l8
[1.478s] DEBUG:colcon.colcon_core.event_handler.log_command:Invoked command in '/home/icrs/icrsUR/build/interfaces_ur5ik' returned '0': CMAKE_PREFIX_PATH=${CMAKE_PREFIX_PATH}:/home/icrs/icrsUR/install/camera_control:/home/icrs/icrsUR/install/gripper_control:/opt/ros/humble /usr/bin/cmake --build /home/icrs/icrsUR/build/interfaces_ur5ik -- -j8 -l8
[1.504s] DEBUG:colcon.colcon_core.event_handler.log_command:Invoked command in '/home/icrs/icrsUR/build/ur_custom_interfaces' returned '0': CMAKE_PREFIX_PATH=${CMAKE_PREFIX_PATH}:/home/icrs/icrsUR/install/camera_control:/home/icrs/icrsUR/install/gripper_control:/opt/ros/humble /usr/bin/cmake --build /home/icrs/icrsUR/build/ur_custom_interfaces -- -j8 -l8
[1.589s] DEBUG:colcon.colcon_core.event_handler.log_command:Invoking command in '/home/icrs/icrsUR/build/ur_custom_interfaces': CMAKE_PREFIX_PATH=${CMAKE_PREFIX_PATH}:/home/icrs/icrsUR/install/camera_control:/home/icrs/icrsUR/install/gripper_control:/opt/ros/humble /usr/bin/cmake --install /home/icrs/icrsUR/build/ur_custom_interfaces
[1.632s] DEBUG:colcon.colcon_core.event_handler.log_command:Invoking command in '/home/icrs/icrsUR/build/interfaces_ur5ik': CMAKE_PREFIX_PATH=${CMAKE_PREFIX_PATH}:/home/icrs/icrsUR/install/camera_control:/home/icrs/icrsUR/install/gripper_control:/opt/ros/humble /usr/bin/cmake --install /home/icrs/icrsUR/build/interfaces_ur5ik
[1.732s] Level 1:colcon.colcon_core.environment:create_environment_scripts_only(ur_custom_interfaces)
[1.733s] Level 1:colcon.colcon_core.environment:checking '/home/icrs/icrsUR/install/ur_custom_interfaces' for CMake module files
[1.734s] DEBUG:colcon.colcon_core.event_handler.log_command:Invoked command in '/home/icrs/icrsUR/build/ur_custom_interfaces' returned '0': CMAKE_PREFIX_PATH=${CMAKE_PREFIX_PATH}:/home/icrs/icrsUR/install/camera_control:/home/icrs/icrsUR/install/gripper_control:/opt/ros/humble /usr/bin/cmake --install /home/icrs/icrsUR/build/ur_custom_interfaces
[1.734s] Level 1:colcon.colcon_core.environment:checking '/home/icrs/icrsUR/install/ur_custom_interfaces' for CMake config files
[1.735s] Level 1:colcon.colcon_core.shell:create_environment_hook('ur_custom_interfaces', 'cmake_prefix_path')
[1.735s] INFO:colcon.colcon_core.shell:Creating environment hook '/home/icrs/icrsUR/install/ur_custom_interfaces/share/ur_custom_interfaces/hook/cmake_prefix_path.ps1'
[1.736s] INFO:colcon.colcon_core.shell:Creating environment descriptor '/home/icrs/icrsUR/install/ur_custom_interfaces/share/ur_custom_interfaces/hook/cmake_prefix_path.dsv'
[1.736s] INFO:colcon.colcon_core.shell:Creating environment hook '/home/icrs/icrsUR/install/ur_custom_interfaces/share/ur_custom_interfaces/hook/cmake_prefix_path.sh'
[1.737s] Level 1:colcon.colcon_core.environment:checking '/home/icrs/icrsUR/install/ur_custom_interfaces/lib'
[1.738s] Level 1:colcon.colcon_core.shell:create_environment_hook('ur_custom_interfaces', 'ld_library_path_lib')
[1.738s] INFO:colcon.colcon_core.shell:Creating environment hook '/home/icrs/icrsUR/install/ur_custom_interfaces/share/ur_custom_interfaces/hook/ld_library_path_lib.ps1'
[1.739s] INFO:colcon.colcon_core.shell:Creating environment descriptor '/home/icrs/icrsUR/install/ur_custom_interfaces/share/ur_custom_interfaces/hook/ld_library_path_lib.dsv'
[1.739s] INFO:colcon.colcon_core.shell:Creating environment hook '/home/icrs/icrsUR/install/ur_custom_interfaces/share/ur_custom_interfaces/hook/ld_library_path_lib.sh'
[1.740s] Level 1:colcon.colcon_core.environment:checking '/home/icrs/icrsUR/install/ur_custom_interfaces/bin'
[1.740s] Level 1:colcon.colcon_core.environment:checking '/home/icrs/icrsUR/install/ur_custom_interfaces/lib/pkgconfig/ur_custom_interfaces.pc'
[1.740s] Level 1:colcon.colcon_core.environment:checking '/home/icrs/icrsUR/install/ur_custom_interfaces/lib/python3.10/site-packages'
[1.740s] Level 1:colcon.colcon_core.environment:checking '/home/icrs/icrsUR/install/ur_custom_interfaces/bin'
[1.741s] INFO:colcon.colcon_core.shell:Creating package script '/home/icrs/icrsUR/install/ur_custom_interfaces/share/ur_custom_interfaces/package.ps1'
[1.741s] INFO:colcon.colcon_core.shell:Creating package descriptor '/home/icrs/icrsUR/install/ur_custom_interfaces/share/ur_custom_interfaces/package.dsv'
[1.742s] INFO:colcon.colcon_core.shell:Creating package script '/home/icrs/icrsUR/install/ur_custom_interfaces/share/ur_custom_interfaces/package.sh'
[1.743s] INFO:colcon.colcon_core.shell:Creating package script '/home/icrs/icrsUR/install/ur_custom_interfaces/share/ur_custom_interfaces/package.bash'
[1.743s] INFO:colcon.colcon_core.shell:Creating package script '/home/icrs/icrsUR/install/ur_custom_interfaces/share/ur_custom_interfaces/package.zsh'
[1.744s] Level 1:colcon.colcon_core.environment:create_file_with_runtime_dependencies(/home/icrs/icrsUR/install/ur_custom_interfaces/share/colcon-core/packages/ur_custom_interfaces)
[1.801s] Level 1:colcon.colcon_core.environment:create_environment_scripts_only(interfaces_ur5ik)
[1.802s] Level 1:colcon.colcon_core.environment:checking '/home/icrs/icrsUR/install/interfaces_ur5ik' for CMake module files
[1.803s] DEBUG:colcon.colcon_core.event_handler.log_command:Invoked command in '/home/icrs/icrsUR/build/interfaces_ur5ik' returned '0': CMAKE_PREFIX_PATH=${CMAKE_PREFIX_PATH}:/home/icrs/icrsUR/install/camera_control:/home/icrs/icrsUR/install/gripper_control:/opt/ros/humble /usr/bin/cmake --install /home/icrs/icrsUR/build/interfaces_ur5ik
[1.803s] Level 1:colcon.colcon_core.environment:checking '/home/icrs/icrsUR/install/interfaces_ur5ik' for CMake config files
[1.804s] Level 1:colcon.colcon_core.shell:create_environment_hook('interfaces_ur5ik', 'cmake_prefix_path')
[1.804s] INFO:colcon.colcon_core.shell:Creating environment hook '/home/icrs/icrsUR/install/interfaces_ur5ik/share/interfaces_ur5ik/hook/cmake_prefix_path.ps1'
[1.805s] INFO:colcon.colcon_core.shell:Creating environment descriptor '/home/icrs/icrsUR/install/interfaces_ur5ik/share/interfaces_ur5ik/hook/cmake_prefix_path.dsv'
[1.805s] INFO:colcon.colcon_core.shell:Creating environment hook '/home/icrs/icrsUR/install/interfaces_ur5ik/share/interfaces_ur5ik/hook/cmake_prefix_path.sh'
[1.806s] Level 1:colcon.colcon_core.environment:checking '/home/icrs/icrsUR/install/interfaces_ur5ik/lib'
[1.806s] Level 1:colcon.colcon_core.shell:create_environment_hook('interfaces_ur5ik', 'ld_library_path_lib')
[1.806s] INFO:colcon.colcon_core.shell:Creating environment hook '/home/icrs/icrsUR/install/interfaces_ur5ik/share/interfaces_ur5ik/hook/ld_library_path_lib.ps1'
[1.807s] INFO:colcon.colcon_core.shell:Creating environment descriptor '/home/icrs/icrsUR/install/interfaces_ur5ik/share/interfaces_ur5ik/hook/ld_library_path_lib.dsv'
[1.807s] INFO:colcon.colcon_core.shell:Creating environment hook '/home/icrs/icrsUR/install/interfaces_ur5ik/share/interfaces_ur5ik/hook/ld_library_path_lib.sh'
[1.809s] Level 1:colcon.colcon_core.environment:checking '/home/icrs/icrsUR/install/interfaces_ur5ik/bin'
[1.809s] Level 1:colcon.colcon_core.environment:checking '/home/icrs/icrsUR/install/interfaces_ur5ik/lib/pkgconfig/interfaces_ur5ik.pc'
[1.809s] Level 1:colcon.colcon_core.environment:checking '/home/icrs/icrsUR/install/interfaces_ur5ik/lib/python3.10/site-packages'
[1.810s] Level 1:colcon.colcon_core.environment:checking '/home/icrs/icrsUR/install/interfaces_ur5ik/bin'
[1.810s] INFO:colcon.colcon_core.shell:Creating package script '/home/icrs/icrsUR/install/interfaces_ur5ik/share/interfaces_ur5ik/package.ps1'
[1.812s] INFO:colcon.colcon_core.shell:Creating package descriptor '/home/icrs/icrsUR/install/interfaces_ur5ik/share/interfaces_ur5ik/package.dsv'
[1.813s] INFO:colcon.colcon_core.shell:Creating package script '/home/icrs/icrsUR/install/interfaces_ur5ik/share/interfaces_ur5ik/package.sh'
[1.813s] INFO:colcon.colcon_core.shell:Creating package script '/home/icrs/icrsUR/install/interfaces_ur5ik/share/interfaces_ur5ik/package.bash'
[1.814s] INFO:colcon.colcon_core.shell:Creating package script '/home/icrs/icrsUR/install/interfaces_ur5ik/share/interfaces_ur5ik/package.zsh'
[1.814s] Level 1:colcon.colcon_core.environment:create_file_with_runtime_dependencies(/home/icrs/icrsUR/install/interfaces_ur5ik/share/colcon-core/packages/interfaces_ur5ik)
[1.818s] DEBUG:colcon.colcon_core.event_handler.log_command:Invoking command in '/home/icrs/icrsUR/build/ur_dashboard_msgs': CMAKE_PREFIX_PATH=${CMAKE_PREFIX_PATH}:/home/icrs/icrsUR/install/camera_control:/home/icrs/icrsUR/install/gripper_control:/opt/ros/humble /usr/bin/cmake --install /home/icrs/icrsUR/build/ur_dashboard_msgs
[1.831s] Level 1:colcon.colcon_core.environment:create_environment_scripts_only(ur_custom_interfaces)
[1.831s] Level 1:colcon.colcon_core.environment:checking '/home/icrs/icrsUR/install/ur_custom_interfaces' for CMake module files
[1.839s] Level 1:colcon.colcon_core.environment:checking '/home/icrs/icrsUR/install/ur_custom_interfaces' for CMake config files
[1.845s] Level 1:colcon.colcon_core.shell:create_environment_hook('ur_custom_interfaces', 'cmake_prefix_path')
[1.846s] INFO:colcon.colcon_core.shell:Creating environment hook '/home/icrs/icrsUR/install/ur_custom_interfaces/share/ur_custom_interfaces/hook/cmake_prefix_path.ps1'
[1.850s] INFO:colcon.colcon_core.shell:Creating environment descriptor '/home/icrs/icrsUR/install/ur_custom_interfaces/share/ur_custom_interfaces/hook/cmake_prefix_path.dsv'
[1.852s] INFO:colcon.colcon_core.shell:Creating environment hook '/home/icrs/icrsUR/install/ur_custom_interfaces/share/ur_custom_interfaces/hook/cmake_prefix_path.sh'
[1.855s] Level 1:colcon.colcon_core.environment:checking '/home/icrs/icrsUR/install/ur_custom_interfaces/lib'
[1.856s] Level 1:colcon.colcon_core.shell:create_environment_hook('ur_custom_interfaces', 'ld_library_path_lib')
[1.858s] INFO:colcon.colcon_core.shell:Creating environment hook '/home/icrs/icrsUR/install/ur_custom_interfaces/share/ur_custom_interfaces/hook/ld_library_path_lib.ps1'
[1.863s] INFO:colcon.colcon_core.shell:Creating environment descriptor '/home/icrs/icrsUR/install/ur_custom_interfaces/share/ur_custom_interfaces/hook/ld_library_path_lib.dsv'
[1.866s] INFO:colcon.colcon_core.shell:Creating environment hook '/home/icrs/icrsUR/install/ur_custom_interfaces/share/ur_custom_interfaces/hook/ld_library_path_lib.sh'
[1.871s] Level 1:colcon.colcon_core.environment:checking '/home/icrs/icrsUR/install/ur_custom_interfaces/bin'
[1.872s] Level 1:colcon.colcon_core.environment:checking '/home/icrs/icrsUR/install/ur_custom_interfaces/lib/pkgconfig/ur_custom_interfaces.pc'
[1.872s] Level 1:colcon.colcon_core.environment:checking '/home/icrs/icrsUR/install/ur_custom_interfaces/lib/python3.10/site-packages'
[1.873s] Level 1:colcon.colcon_core.environment:checking '/home/icrs/icrsUR/install/ur_custom_interfaces/bin'
[1.874s] INFO:colcon.colcon_core.shell:Creating package script '/home/icrs/icrsUR/install/ur_custom_interfaces/share/ur_custom_interfaces/package.ps1'
[1.876s] INFO:colcon.colcon_core.shell:Creating package descriptor '/home/icrs/icrsUR/install/ur_custom_interfaces/share/ur_custom_interfaces/package.dsv'
[1.878s] INFO:colcon.colcon_core.shell:Creating package script '/home/icrs/icrsUR/install/ur_custom_interfaces/share/ur_custom_interfaces/package.sh'
[1.882s] INFO:colcon.colcon_core.shell:Creating package script '/home/icrs/icrsUR/install/ur_custom_interfaces/share/ur_custom_interfaces/package.bash'
[1.886s] INFO:colcon.colcon_core.shell:Creating package script '/home/icrs/icrsUR/install/ur_custom_interfaces/share/ur_custom_interfaces/package.zsh'
[1.890s] Level 1:colcon.colcon_core.environment:create_file_with_runtime_dependencies(/home/icrs/icrsUR/install/ur_custom_interfaces/share/colcon-core/packages/ur_custom_interfaces)
[1.893s] INFO:colcon.colcon_ros.task.ament_python.build:Building ROS package in '/home/icrs/icrsUR/src/camera_control' with build type 'ament_python'
[1.894s] Level 1:colcon.colcon_core.shell:create_environment_hook('camera_control', 'ament_prefix_path')
[1.894s] INFO:colcon.colcon_core.shell:Creating environment hook '/home/icrs/icrsUR/install/camera_control/share/camera_control/hook/ament_prefix_path.ps1'
[1.901s] INFO:colcon.colcon_core.shell:Creating environment descriptor '/home/icrs/icrsUR/install/camera_control/share/camera_control/hook/ament_prefix_path.dsv'
[1.905s] INFO:colcon.colcon_core.shell:Creating environment hook '/home/icrs/icrsUR/install/camera_control/share/camera_control/hook/ament_prefix_path.sh'
[1.908s] INFO:colcon.colcon_core.shell:Skip shell extension 'powershell' for command environment: Not usable outside of PowerShell
[1.908s] DEBUG:colcon.colcon_core.shell:Skip shell extension 'dsv' for command environment
[2.350s] WARNING:colcon.colcon_ros.task.ament_python.build:Package 'camera_control' doesn't explicitly install a marker in the package index (colcon-ros currently does it implicitly but that fallback will be removed in the future)
[2.350s] INFO:colcon.colcon_core.task.python.build:Building Python package in '/home/icrs/icrsUR/src/camera_control'
[2.350s] INFO:colcon.colcon_core.shell:Skip shell extension 'powershell' for command environment: Not usable outside of PowerShell
[2.350s] DEBUG:colcon.colcon_core.shell:Skip shell extension 'dsv' for command environment
[2.355s] Level 1:colcon.colcon_core.environment:create_environment_scripts_only(interfaces_ur5ik)
[2.356s] Level 1:colcon.colcon_core.environment:checking '/home/icrs/icrsUR/install/interfaces_ur5ik' for CMake module files
[2.357s] Level 1:colcon.colcon_core.environment:checking '/home/icrs/icrsUR/install/interfaces_ur5ik' for CMake config files
[2.357s] Level 1:colcon.colcon_core.shell:create_environment_hook('interfaces_ur5ik', 'cmake_prefix_path')
[2.357s] INFO:colcon.colcon_core.shell:Creating environment hook '/home/icrs/icrsUR/install/interfaces_ur5ik/share/interfaces_ur5ik/hook/cmake_prefix_path.ps1'
[2.357s] INFO:colcon.colcon_core.shell:Creating environment descriptor '/home/icrs/icrsUR/install/interfaces_ur5ik/share/interfaces_ur5ik/hook/cmake_prefix_path.dsv'
[2.358s] INFO:colcon.colcon_core.shell:Creating environment hook '/home/icrs/icrsUR/install/interfaces_ur5ik/share/interfaces_ur5ik/hook/cmake_prefix_path.sh'
[2.358s] Level 1:colcon.colcon_core.environment:checking '/home/icrs/icrsUR/install/interfaces_ur5ik/lib'
[2.358s] Level 1:colcon.colcon_core.shell:create_environment_hook('interfaces_ur5ik', 'ld_library_path_lib')
[2.359s] INFO:colcon.colcon_core.shell:Creating environment hook '/home/icrs/icrsUR/install/interfaces_ur5ik/share/interfaces_ur5ik/hook/ld_library_path_lib.ps1'
[2.359s] INFO:colcon.colcon_core.shell:Creating environment descriptor '/home/icrs/icrsUR/install/interfaces_ur5ik/share/interfaces_ur5ik/hook/ld_library_path_lib.dsv'
[2.359s] INFO:colcon.colcon_core.shell:Creating environment hook '/home/icrs/icrsUR/install/interfaces_ur5ik/share/interfaces_ur5ik/hook/ld_library_path_lib.sh'
[2.360s] Level 1:colcon.colcon_core.environment:checking '/home/icrs/icrsUR/install/interfaces_ur5ik/bin'
[2.360s] Level 1:colcon.colcon_core.environment:checking '/home/icrs/icrsUR/install/interfaces_ur5ik/lib/pkgconfig/interfaces_ur5ik.pc'
[2.360s] Level 1:colcon.colcon_core.environment:checking '/home/icrs/icrsUR/install/interfaces_ur5ik/lib/python3.10/site-packages'
[2.360s] Level 1:colcon.colcon_core.environment:checking '/home/icrs/icrsUR/install/interfaces_ur5ik/bin'
[2.361s] INFO:colcon.colcon_core.shell:Creating package script '/home/icrs/icrsUR/install/interfaces_ur5ik/share/interfaces_ur5ik/package.ps1'
[2.361s] INFO:colcon.colcon_core.shell:Creating package descriptor '/home/icrs/icrsUR/install/interfaces_ur5ik/share/interfaces_ur5ik/package.dsv'
[2.362s] INFO:colcon.colcon_core.shell:Creating package script '/home/icrs/icrsUR/install/interfaces_ur5ik/share/interfaces_ur5ik/package.sh'
[2.362s] INFO:colcon.colcon_core.shell:Creating package script '/home/icrs/icrsUR/install/interfaces_ur5ik/share/interfaces_ur5ik/package.bash'
[2.363s] INFO:colcon.colcon_core.shell:Creating package script '/home/icrs/icrsUR/install/interfaces_ur5ik/share/interfaces_ur5ik/package.zsh'
[2.363s] Level 1:colcon.colcon_core.environment:create_file_with_runtime_dependencies(/home/icrs/icrsUR/install/interfaces_ur5ik/share/colcon-core/packages/interfaces_ur5ik)
[2.365s] INFO:colcon.colcon_ros.task.ament_cmake.build:Building ROS package in '/home/icrs/icrsUR/src/service_ur5ik' with build type 'ament_cmake'
[2.366s] INFO:colcon.colcon_cmake.task.cmake.build:Building CMake package in '/home/icrs/icrsUR/src/service_ur5ik'
[2.366s] INFO:colcon.colcon_core.shell:Skip shell extension 'powershell' for command environment: Not usable outside of PowerShell
[2.366s] DEBUG:colcon.colcon_core.shell:Skip shell extension 'dsv' for command environment
[2.367s] DEBUG:colcon.colcon_core.event_handler.log_command:Invoking command in '/home/icrs/icrsUR/src/gripper_control': PYTHONPATH=/home/icrs/icrsUR/build/gripper_control/prefix_override:/usr/lib/python3/dist-packages/colcon_core/task/python/colcon_distutils_commands:/home/icrs/icrsUR/install/gripper_control/lib/python3.10/site-packages:${PYTHONPATH} /usr/bin/python3 -W ignore:setup.py install is deprecated setup.py egg_info --egg-base ../../build/gripper_control build --build-base /home/icrs/icrsUR/build/gripper_control/build install --record /home/icrs/icrsUR/build/gripper_control/install.log --single-version-externally-managed install_data
[2.372s] INFO:colcon.colcon_ros.task.ament_cmake.build:Building ROS package in '/home/icrs/icrsUR/src/ur_mover' with build type 'ament_cmake'
[2.373s] INFO:colcon.colcon_cmake.task.cmake.build:Building CMake package in '/home/icrs/icrsUR/src/ur_mover'
[2.373s] INFO:colcon.colcon_core.shell:Skip shell extension 'powershell' for command environment: Not usable outside of PowerShell
[2.373s] DEBUG:colcon.colcon_core.shell:Skip shell extension 'dsv' for command environment
[2.379s] DEBUG:colcon.colcon_core.event_handler.log_command:Invoked command in '/home/icrs/icrsUR/build/ur_moveit_config' returned '0': CMAKE_PREFIX_PATH=/home/icrs/icrsUR/install/ur_description:/home/icrs/icrsUR/install/ur:/home/icrs/icrsUR/install/ur_calibration:/home/icrs/icrsUR/install/ur_robot_driver:/home/icrs/icrsUR/install/ur_mover:/home/icrs/icrsUR/install/ur_moveit_config:/home/icrs/icrsUR/install/ur_bringup:/home/icrs/icrsUR/install/ur_controllers:/home/icrs/icrsUR/install/ur_dashboard_msgs:/home/icrs/icrsUR/install/ur_custom_interfaces:/home/icrs/icrsUR/install/service_ur5ik:/home/icrs/icrsUR/install/robotiq_description:/home/icrs/icrsUR/install/module_5_assignment:/home/icrs/icrsUR/install/module_3_assignment:/home/icrs/icrsUR/install/module_1_assignment:/home/icrs/icrsUR/install/module_10_assignment:/home/icrs/icrsUR/install/interfaces_ur5ik:/home/icrs/icrsUR/install/camera_control:/home/icrs/icrsUR/install/gripper_control:/opt/ros/humble /usr/bin/cmake --build /home/icrs/icrsUR/build/ur_moveit_config -- -j8 -l8
[2.380s] Level 1:colcon.colcon_core.environment:create_environment_scripts_only(ur_dashboard_msgs)
[2.381s] Level 1:colcon.colcon_core.environment:checking '/home/icrs/icrsUR/install/ur_dashboard_msgs' for CMake module files
[2.381s] DEBUG:colcon.colcon_core.event_handler.log_command:Invoked command in '/home/icrs/icrsUR/build/ur_dashboard_msgs' returned '0': CMAKE_PREFIX_PATH=${CMAKE_PREFIX_PATH}:/home/icrs/icrsUR/install/camera_control:/home/icrs/icrsUR/install/gripper_control:/opt/ros/humble /usr/bin/cmake --install /home/icrs/icrsUR/build/ur_dashboard_msgs
[2.382s] Level 1:colcon.colcon_core.environment:checking '/home/icrs/icrsUR/install/ur_dashboard_msgs' for CMake config files
[2.382s] Level 1:colcon.colcon_core.shell:create_environment_hook('ur_dashboard_msgs', 'cmake_prefix_path')
[2.383s] INFO:colcon.colcon_core.shell:Creating environment hook '/home/icrs/icrsUR/install/ur_dashboard_msgs/share/ur_dashboard_msgs/hook/cmake_prefix_path.ps1'
[2.384s] INFO:colcon.colcon_core.shell:Creating environment descriptor '/home/icrs/icrsUR/install/ur_dashboard_msgs/share/ur_dashboard_msgs/hook/cmake_prefix_path.dsv'
[2.385s] INFO:colcon.colcon_core.shell:Creating environment hook '/home/icrs/icrsUR/install/ur_dashboard_msgs/share/ur_dashboard_msgs/hook/cmake_prefix_path.sh'
[2.385s] Level 1:colcon.colcon_core.environment:checking '/home/icrs/icrsUR/install/ur_dashboard_msgs/lib'
[2.386s] Level 1:colcon.colcon_core.shell:create_environment_hook('ur_dashboard_msgs', 'ld_library_path_lib')
[2.386s] INFO:colcon.colcon_core.shell:Creating environment hook '/home/icrs/icrsUR/install/ur_dashboard_msgs/share/ur_dashboard_msgs/hook/ld_library_path_lib.ps1'
[2.387s] INFO:colcon.colcon_core.shell:Creating environment descriptor '/home/icrs/icrsUR/install/ur_dashboard_msgs/share/ur_dashboard_msgs/hook/ld_library_path_lib.dsv'
[2.387s] INFO:colcon.colcon_core.shell:Creating environment hook '/home/icrs/icrsUR/install/ur_dashboard_msgs/share/ur_dashboard_msgs/hook/ld_library_path_lib.sh'
[2.388s] Level 1:colcon.colcon_core.environment:checking '/home/icrs/icrsUR/install/ur_dashboard_msgs/bin'
[2.388s] Level 1:colcon.colcon_core.environment:checking '/home/icrs/icrsUR/install/ur_dashboard_msgs/lib/pkgconfig/ur_dashboard_msgs.pc'
[2.388s] Level 1:colcon.colcon_core.environment:checking '/home/icrs/icrsUR/install/ur_dashboard_msgs/lib/python3.10/site-packages'
[2.388s] Level 1:colcon.colcon_core.environment:checking '/home/icrs/icrsUR/install/ur_dashboard_msgs/bin'
[2.389s] INFO:colcon.colcon_core.shell:Creating package script '/home/icrs/icrsUR/install/ur_dashboard_msgs/share/ur_dashboard_msgs/package.ps1'
[2.390s] INFO:colcon.colcon_core.shell:Creating package descriptor '/home/icrs/icrsUR/install/ur_dashboard_msgs/share/ur_dashboard_msgs/package.dsv'
[2.390s] INFO:colcon.colcon_core.shell:Creating package script '/home/icrs/icrsUR/install/ur_dashboard_msgs/share/ur_dashboard_msgs/package.sh'
[2.391s] INFO:colcon.colcon_core.shell:Creating package script '/home/icrs/icrsUR/install/ur_dashboard_msgs/share/ur_dashboard_msgs/package.bash'
[2.392s] INFO:colcon.colcon_core.shell:Creating package script '/home/icrs/icrsUR/install/ur_dashboard_msgs/share/ur_dashboard_msgs/package.zsh'
[2.393s] Level 1:colcon.colcon_core.environment:create_file_with_runtime_dependencies(/home/icrs/icrsUR/install/ur_dashboard_msgs/share/colcon-core/packages/ur_dashboard_msgs)
[2.406s] DEBUG:colcon.colcon_core.event_handler.log_command:Invoking command in '/home/icrs/icrsUR/build/service_ur5ik': CMAKE_PREFIX_PATH=/home/icrs/icrsUR/install/interfaces_ur5ik:/home/icrs/icrsUR/install/ur:/home/icrs/icrsUR/install/ur_calibration:/home/icrs/icrsUR/install/ur_robot_driver:/home/icrs/icrsUR/install/ur_mover:/home/icrs/icrsUR/install/ur_moveit_config:/home/icrs/icrsUR/install/ur_bringup:/home/icrs/icrsUR/install/ur_description:/home/icrs/icrsUR/install/ur_controllers:/home/icrs/icrsUR/install/ur_dashboard_msgs:/home/icrs/icrsUR/install/ur_custom_interfaces:/home/icrs/icrsUR/install/service_ur5ik:/home/icrs/icrsUR/install/robotiq_description:/home/icrs/icrsUR/install/module_5_assignment:/home/icrs/icrsUR/install/module_3_assignment:/home/icrs/icrsUR/install/module_1_assignment:/home/icrs/icrsUR/install/module_10_assignment:/home/icrs/icrsUR/install/camera_control:/home/icrs/icrsUR/install/gripper_control:/opt/ros/humble LD_LIBRARY_PATH=/home/icrs/icrsUR/install/interfaces_ur5ik/lib:/home/icrs/icrsUR/install/ur_robot_driver/lib:/home/icrs/icrsUR/install/ur_controllers/lib:/home/icrs/icrsUR/install/ur_dashboard_msgs/lib:/home/icrs/icrsUR/install/ur_custom_interfaces/lib:/usr/local/cuda-11.8/lib64:/opt/ros/humble/opt/rviz_ogre_vendor/lib:/opt/ros/humble/lib/x86_64-linux-gnu:/opt/ros/humble/lib /usr/bin/cmake --build /home/icrs/icrsUR/build/service_ur5ik -- -j8 -l8
[2.414s] DEBUG:colcon.colcon_core.event_handler.log_command:Invoking command in '/home/icrs/icrsUR/build/ur_mover': CMAKE_PREFIX_PATH=/home/icrs/icrsUR/install/ur_custom_interfaces:/home/icrs/icrsUR/install/interfaces_ur5ik:/home/icrs/icrsUR/install/ur:/home/icrs/icrsUR/install/ur_calibration:/home/icrs/icrsUR/install/ur_robot_driver:/home/icrs/icrsUR/install/ur_mover:/home/icrs/icrsUR/install/ur_moveit_config:/home/icrs/icrsUR/install/ur_bringup:/home/icrs/icrsUR/install/ur_description:/home/icrs/icrsUR/install/ur_controllers:/home/icrs/icrsUR/install/ur_dashboard_msgs:/home/icrs/icrsUR/install/service_ur5ik:/home/icrs/icrsUR/install/robotiq_description:/home/icrs/icrsUR/install/module_5_assignment:/home/icrs/icrsUR/install/module_3_assignment:/home/icrs/icrsUR/install/module_1_assignment:/home/icrs/icrsUR/install/module_10_assignment:/home/icrs/icrsUR/install/camera_control:/home/icrs/icrsUR/install/gripper_control:/opt/ros/humble LD_LIBRARY_PATH=/home/icrs/icrsUR/install/ur_custom_interfaces/lib:/home/icrs/icrsUR/install/interfaces_ur5ik/lib:/home/icrs/icrsUR/install/ur_robot_driver/lib:/home/icrs/icrsUR/install/ur_controllers/lib:/home/icrs/icrsUR/install/ur_dashboard_msgs/lib:/usr/local/cuda-11.8/lib64:/opt/ros/humble/opt/rviz_ogre_vendor/lib:/opt/ros/humble/lib/x86_64-linux-gnu:/opt/ros/humble/lib /usr/bin/cmake --build /home/icrs/icrsUR/build/ur_mover -- -j8 -l8
[2.418s] DEBUG:colcon.colcon_core.event_handler.log_command:Invoking command in '/home/icrs/icrsUR/build/ur_moveit_config': CMAKE_PREFIX_PATH=/home/icrs/icrsUR/install/ur_description:/home/icrs/icrsUR/install/ur:/home/icrs/icrsUR/install/ur_calibration:/home/icrs/icrsUR/install/ur_robot_driver:/home/icrs/icrsUR/install/ur_mover:/home/icrs/icrsUR/install/ur_moveit_config:/home/icrs/icrsUR/install/ur_bringup:/home/icrs/icrsUR/install/ur_controllers:/home/icrs/icrsUR/install/ur_dashboard_msgs:/home/icrs/icrsUR/install/ur_custom_interfaces:/home/icrs/icrsUR/install/service_ur5ik:/home/icrs/icrsUR/install/robotiq_description:/home/icrs/icrsUR/install/module_5_assignment:/home/icrs/icrsUR/install/module_3_assignment:/home/icrs/icrsUR/install/module_1_assignment:/home/icrs/icrsUR/install/module_10_assignment:/home/icrs/icrsUR/install/interfaces_ur5ik:/home/icrs/icrsUR/install/camera_control:/home/icrs/icrsUR/install/gripper_control:/opt/ros/humble /usr/bin/cmake --install /home/icrs/icrsUR/build/ur_moveit_config
[2.601s] DEBUG:colcon.colcon_core.event_handler.log_command:Invoked command in '/home/icrs/icrsUR/build/ur_mover' returned '0': CMAKE_PREFIX_PATH=/home/icrs/icrsUR/install/ur_custom_interfaces:/home/icrs/icrsUR/install/interfaces_ur5ik:/home/icrs/icrsUR/install/ur:/home/icrs/icrsUR/install/ur_calibration:/home/icrs/icrsUR/install/ur_robot_driver:/home/icrs/icrsUR/install/ur_mover:/home/icrs/icrsUR/install/ur_moveit_config:/home/icrs/icrsUR/install/ur_bringup:/home/icrs/icrsUR/install/ur_description:/home/icrs/icrsUR/install/ur_controllers:/home/icrs/icrsUR/install/ur_dashboard_msgs:/home/icrs/icrsUR/install/service_ur5ik:/home/icrs/icrsUR/install/robotiq_description:/home/icrs/icrsUR/install/module_5_assignment:/home/icrs/icrsUR/install/module_3_assignment:/home/icrs/icrsUR/install/module_1_assignment:/home/icrs/icrsUR/install/module_10_assignment:/home/icrs/icrsUR/install/camera_control:/home/icrs/icrsUR/install/gripper_control:/opt/ros/humble LD_LIBRARY_PATH=/home/icrs/icrsUR/install/ur_custom_interfaces/lib:/home/icrs/icrsUR/install/interfaces_ur5ik/lib:/home/icrs/icrsUR/install/ur_robot_driver/lib:/home/icrs/icrsUR/install/ur_controllers/lib:/home/icrs/icrsUR/install/ur_dashboard_msgs/lib:/usr/local/cuda-11.8/lib64:/opt/ros/humble/opt/rviz_ogre_vendor/lib:/opt/ros/humble/lib/x86_64-linux-gnu:/opt/ros/humble/lib /usr/bin/cmake --build /home/icrs/icrsUR/build/ur_mover -- -j8 -l8
[2.665s] DEBUG:colcon.colcon_core.event_handler.log_command:Invoking command in '/home/icrs/icrsUR/build/ur_mover': CMAKE_PREFIX_PATH=/home/icrs/icrsUR/install/ur_custom_interfaces:/home/icrs/icrsUR/install/interfaces_ur5ik:/home/icrs/icrsUR/install/ur:/home/icrs/icrsUR/install/ur_calibration:/home/icrs/icrsUR/install/ur_robot_driver:/home/icrs/icrsUR/install/ur_mover:/home/icrs/icrsUR/install/ur_moveit_config:/home/icrs/icrsUR/install/ur_bringup:/home/icrs/icrsUR/install/ur_description:/home/icrs/icrsUR/install/ur_controllers:/home/icrs/icrsUR/install/ur_dashboard_msgs:/home/icrs/icrsUR/install/service_ur5ik:/home/icrs/icrsUR/install/robotiq_description:/home/icrs/icrsUR/install/module_5_assignment:/home/icrs/icrsUR/install/module_3_assignment:/home/icrs/icrsUR/install/module_1_assignment:/home/icrs/icrsUR/install/module_10_assignment:/home/icrs/icrsUR/install/camera_control:/home/icrs/icrsUR/install/gripper_control:/opt/ros/humble LD_LIBRARY_PATH=/home/icrs/icrsUR/install/ur_custom_interfaces/lib:/home/icrs/icrsUR/install/interfaces_ur5ik/lib:/home/icrs/icrsUR/install/ur_robot_driver/lib:/home/icrs/icrsUR/install/ur_controllers/lib:/home/icrs/icrsUR/install/ur_dashboard_msgs/lib:/usr/local/cuda-11.8/lib64:/opt/ros/humble/opt/rviz_ogre_vendor/lib:/opt/ros/humble/lib/x86_64-linux-gnu:/opt/ros/humble/lib /usr/bin/cmake --install /home/icrs/icrsUR/build/ur_mover
[2.670s] Level 1:colcon.colcon_core.environment:create_environment_scripts_only(ur_moveit_config)
[2.670s] Level 1:colcon.colcon_core.environment:checking '/home/icrs/icrsUR/install/ur_moveit_config' for CMake module files
[2.671s] DEBUG:colcon.colcon_core.event_handler.log_command:Invoked command in '/home/icrs/icrsUR/build/ur_moveit_config' returned '0': CMAKE_PREFIX_PATH=/home/icrs/icrsUR/install/ur_description:/home/icrs/icrsUR/install/ur:/home/icrs/icrsUR/install/ur_calibration:/home/icrs/icrsUR/install/ur_robot_driver:/home/icrs/icrsUR/install/ur_mover:/home/icrs/icrsUR/install/ur_moveit_config:/home/icrs/icrsUR/install/ur_bringup:/home/icrs/icrsUR/install/ur_controllers:/home/icrs/icrsUR/install/ur_dashboard_msgs:/home/icrs/icrsUR/install/ur_custom_interfaces:/home/icrs/icrsUR/install/service_ur5ik:/home/icrs/icrsUR/install/robotiq_description:/home/icrs/icrsUR/install/module_5_assignment:/home/icrs/icrsUR/install/module_3_assignment:/home/icrs/icrsUR/install/module_1_assignment:/home/icrs/icrsUR/install/module_10_assignment:/home/icrs/icrsUR/install/interfaces_ur5ik:/home/icrs/icrsUR/install/camera_control:/home/icrs/icrsUR/install/gripper_control:/opt/ros/humble /usr/bin/cmake --install /home/icrs/icrsUR/build/ur_moveit_config
[2.672s] Level 1:colcon.colcon_core.environment:checking '/home/icrs/icrsUR/install/ur_moveit_config' for CMake config files
[2.672s] Level 1:colcon.colcon_core.shell:create_environment_hook('ur_moveit_config', 'cmake_prefix_path')
[2.673s] INFO:colcon.colcon_core.shell:Creating environment hook '/home/icrs/icrsUR/install/ur_moveit_config/share/ur_moveit_config/hook/cmake_prefix_path.ps1'
[2.674s] INFO:colcon.colcon_core.shell:Creating environment descriptor '/home/icrs/icrsUR/install/ur_moveit_config/share/ur_moveit_config/hook/cmake_prefix_path.dsv'
[2.675s] INFO:colcon.colcon_core.shell:Creating environment hook '/home/icrs/icrsUR/install/ur_moveit_config/share/ur_moveit_config/hook/cmake_prefix_path.sh'
[2.678s] Level 1:colcon.colcon_core.environment:checking '/home/icrs/icrsUR/install/ur_moveit_config/bin'
[2.678s] Level 1:colcon.colcon_core.environment:checking '/home/icrs/icrsUR/install/ur_moveit_config/lib/pkgconfig/ur_moveit_config.pc'
[2.680s] Level 1:colcon.colcon_core.environment:checking '/home/icrs/icrsUR/install/ur_moveit_config/lib/python3.10/site-packages'
[2.681s] Level 1:colcon.colcon_core.environment:checking '/home/icrs/icrsUR/install/ur_moveit_config/bin'
[2.682s] INFO:colcon.colcon_core.shell:Creating package script '/home/icrs/icrsUR/install/ur_moveit_config/share/ur_moveit_config/package.ps1'
[2.684s] INFO:colcon.colcon_core.shell:Creating package descriptor '/home/icrs/icrsUR/install/ur_moveit_config/share/ur_moveit_config/package.dsv'
[2.685s] INFO:colcon.colcon_core.shell:Creating package script '/home/icrs/icrsUR/install/ur_moveit_config/share/ur_moveit_config/package.sh'
[2.686s] INFO:colcon.colcon_core.shell:Creating package script '/home/icrs/icrsUR/install/ur_moveit_config/share/ur_moveit_config/package.bash'
[2.687s] INFO:colcon.colcon_core.shell:Creating package script '/home/icrs/icrsUR/install/ur_moveit_config/share/ur_moveit_config/package.zsh'
[2.689s] Level 1:colcon.colcon_core.environment:create_file_with_runtime_dependencies(/home/icrs/icrsUR/install/ur_moveit_config/share/colcon-core/packages/ur_moveit_config)
[2.705s] Level 1:colcon.colcon_core.environment:create_environment_scripts_only(ur_mover)
[2.706s] Level 1:colcon.colcon_core.environment:checking '/home/icrs/icrsUR/install/ur_mover' for CMake module files
[2.707s] Level 1:colcon.colcon_core.environment:checking '/home/icrs/icrsUR/install/ur_mover' for CMake config files
[2.707s] Level 1:colcon.colcon_core.shell:create_environment_hook('ur_mover', 'cmake_prefix_path')
[2.708s] INFO:colcon.colcon_core.shell:Creating environment hook '/home/icrs/icrsUR/install/ur_mover/share/ur_mover/hook/cmake_prefix_path.ps1'
[2.709s] INFO:colcon.colcon_core.shell:Creating environment descriptor '/home/icrs/icrsUR/install/ur_mover/share/ur_mover/hook/cmake_prefix_path.dsv'
[2.710s] DEBUG:colcon.colcon_core.event_handler.log_command:Invoked command in '/home/icrs/icrsUR/build/ur_mover' returned '0': CMAKE_PREFIX_PATH=/home/icrs/icrsUR/install/ur_custom_interfaces:/home/icrs/icrsUR/install/interfaces_ur5ik:/home/icrs/icrsUR/install/ur:/home/icrs/icrsUR/install/ur_calibration:/home/icrs/icrsUR/install/ur_robot_driver:/home/icrs/icrsUR/install/ur_mover:/home/icrs/icrsUR/install/ur_moveit_config:/home/icrs/icrsUR/install/ur_bringup:/home/icrs/icrsUR/install/ur_description:/home/icrs/icrsUR/install/ur_controllers:/home/icrs/icrsUR/install/ur_dashboard_msgs:/home/icrs/icrsUR/install/service_ur5ik:/home/icrs/icrsUR/install/robotiq_description:/home/icrs/icrsUR/install/module_5_assignment:/home/icrs/icrsUR/install/module_3_assignment:/home/icrs/icrsUR/install/module_1_assignment:/home/icrs/icrsUR/install/module_10_assignment:/home/icrs/icrsUR/install/camera_control:/home/icrs/icrsUR/install/gripper_control:/opt/ros/humble LD_LIBRARY_PATH=/home/icrs/icrsUR/install/ur_custom_interfaces/lib:/home/icrs/icrsUR/install/interfaces_ur5ik/lib:/home/icrs/icrsUR/install/ur_robot_driver/lib:/home/icrs/icrsUR/install/ur_controllers/lib:/home/icrs/icrsUR/install/ur_dashboard_msgs/lib:/usr/local/cuda-11.8/lib64:/opt/ros/humble/opt/rviz_ogre_vendor/lib:/opt/ros/humble/lib/x86_64-linux-gnu:/opt/ros/humble/lib /usr/bin/cmake --install /home/icrs/icrsUR/build/ur_mover
[2.711s] INFO:colcon.colcon_core.shell:Creating environment hook '/home/icrs/icrsUR/install/ur_mover/share/ur_mover/hook/cmake_prefix_path.sh'
[2.712s] Level 1:colcon.colcon_core.environment:checking '/home/icrs/icrsUR/install/ur_mover/lib'
[2.712s] Level 1:colcon.colcon_core.environment:checking '/home/icrs/icrsUR/install/ur_mover/bin'
[2.713s] Level 1:colcon.colcon_core.environment:checking '/home/icrs/icrsUR/install/ur_mover/lib/pkgconfig/ur_mover.pc'
[2.714s] Level 1:colcon.colcon_core.environment:checking '/home/icrs/icrsUR/install/ur_mover/lib/python3.10/site-packages'
[2.715s] Level 1:colcon.colcon_core.environment:checking '/home/icrs/icrsUR/install/ur_mover/bin'
[2.716s] INFO:colcon.colcon_core.shell:Creating package script '/home/icrs/icrsUR/install/ur_mover/share/ur_mover/package.ps1'
[2.717s] INFO:colcon.colcon_core.shell:Creating package descriptor '/home/icrs/icrsUR/install/ur_mover/share/ur_mover/package.dsv'
[2.718s] INFO:colcon.colcon_core.shell:Creating package script '/home/icrs/icrsUR/install/ur_mover/share/ur_mover/package.sh'
[2.719s] INFO:colcon.colcon_core.shell:Creating package script '/home/icrs/icrsUR/install/ur_mover/share/ur_mover/package.bash'
[2.720s] INFO:colcon.colcon_core.shell:Creating package script '/home/icrs/icrsUR/install/ur_mover/share/ur_mover/package.zsh'
[2.720s] Level 1:colcon.colcon_core.environment:create_file_with_runtime_dependencies(/home/icrs/icrsUR/install/ur_mover/share/colcon-core/packages/ur_mover)
[2.740s] Level 1:colcon.colcon_core.environment:create_environment_scripts_only(ur_moveit_config)
[2.740s] Level 1:colcon.colcon_core.environment:checking '/home/icrs/icrsUR/install/ur_moveit_config' for CMake module files
[2.741s] Level 1:colcon.colcon_core.environment:checking '/home/icrs/icrsUR/install/ur_moveit_config' for CMake config files
[2.742s] Level 1:colcon.colcon_core.shell:create_environment_hook('ur_moveit_config', 'cmake_prefix_path')
[2.742s] INFO:colcon.colcon_core.shell:Creating environment hook '/home/icrs/icrsUR/install/ur_moveit_config/share/ur_moveit_config/hook/cmake_prefix_path.ps1'
[2.744s] INFO:colcon.colcon_core.shell:Creating environment descriptor '/home/icrs/icrsUR/install/ur_moveit_config/share/ur_moveit_config/hook/cmake_prefix_path.dsv'
[2.745s] INFO:colcon.colcon_core.shell:Creating environment hook '/home/icrs/icrsUR/install/ur_moveit_config/share/ur_moveit_config/hook/cmake_prefix_path.sh'
[2.746s] Level 1:colcon.colcon_core.environment:checking '/home/icrs/icrsUR/install/ur_moveit_config/bin'
[2.746s] Level 1:colcon.colcon_core.environment:checking '/home/icrs/icrsUR/install/ur_moveit_config/lib/pkgconfig/ur_moveit_config.pc'
[2.747s] Level 1:colcon.colcon_core.environment:checking '/home/icrs/icrsUR/install/ur_moveit_config/lib/python3.10/site-packages'
[2.747s] Level 1:colcon.colcon_core.environment:checking '/home/icrs/icrsUR/install/ur_moveit_config/bin'
[2.748s] INFO:colcon.colcon_core.shell:Creating package script '/home/icrs/icrsUR/install/ur_moveit_config/share/ur_moveit_config/package.ps1'
[2.749s] INFO:colcon.colcon_core.shell:Creating package descriptor '/home/icrs/icrsUR/install/ur_moveit_config/share/ur_moveit_config/package.dsv'
[2.750s] INFO:colcon.colcon_core.shell:Creating package script '/home/icrs/icrsUR/install/ur_moveit_config/share/ur_moveit_config/package.sh'
[2.751s] INFO:colcon.colcon_core.shell:Creating package script '/home/icrs/icrsUR/install/ur_moveit_config/share/ur_moveit_config/package.bash'
[2.753s] INFO:colcon.colcon_core.shell:Creating package script '/home/icrs/icrsUR/install/ur_moveit_config/share/ur_moveit_config/package.zsh'
[2.756s] Level 1:colcon.colcon_core.environment:create_file_with_runtime_dependencies(/home/icrs/icrsUR/install/ur_moveit_config/share/colcon-core/packages/ur_moveit_config)
[2.774s] Level 1:colcon.colcon_core.environment:create_environment_scripts_only(ur_mover)
[2.775s] Level 1:colcon.colcon_core.environment:checking '/home/icrs/icrsUR/install/ur_mover' for CMake module files
[2.777s] Level 1:colcon.colcon_core.environment:checking '/home/icrs/icrsUR/install/ur_mover' for CMake config files
[2.777s] Level 1:colcon.colcon_core.shell:create_environment_hook('ur_mover', 'cmake_prefix_path')
[2.778s] INFO:colcon.colcon_core.shell:Creating environment hook '/home/icrs/icrsUR/install/ur_mover/share/ur_mover/hook/cmake_prefix_path.ps1'
[2.779s] INFO:colcon.colcon_core.shell:Creating environment descriptor '/home/icrs/icrsUR/install/ur_mover/share/ur_mover/hook/cmake_prefix_path.dsv'
[2.779s] INFO:colcon.colcon_core.shell:Creating environment hook '/home/icrs/icrsUR/install/ur_mover/share/ur_mover/hook/cmake_prefix_path.sh'
[2.780s] Level 1:colcon.colcon_core.environment:checking '/home/icrs/icrsUR/install/ur_mover/lib'
[2.780s] Level 1:colcon.colcon_core.environment:checking '/home/icrs/icrsUR/install/ur_mover/bin'
[2.781s] Level 1:colcon.colcon_core.environment:checking '/home/icrs/icrsUR/install/ur_mover/lib/pkgconfig/ur_mover.pc'
[2.781s] Level 1:colcon.colcon_core.environment:checking '/home/icrs/icrsUR/install/ur_mover/lib/python3.10/site-packages'
[2.782s] Level 1:colcon.colcon_core.environment:checking '/home/icrs/icrsUR/install/ur_mover/bin'
[2.782s] INFO:colcon.colcon_core.shell:Creating package script '/home/icrs/icrsUR/install/ur_mover/share/ur_mover/package.ps1'
[2.784s] INFO:colcon.colcon_core.shell:Creating package descriptor '/home/icrs/icrsUR/install/ur_mover/share/ur_mover/package.dsv'
[2.788s] INFO:colcon.colcon_core.shell:Creating package script '/home/icrs/icrsUR/install/ur_mover/share/ur_mover/package.sh'
[2.790s] INFO:colcon.colcon_core.shell:Creating package script '/home/icrs/icrsUR/install/ur_mover/share/ur_mover/package.bash'
[2.790s] INFO:colcon.colcon_core.shell:Creating package script '/home/icrs/icrsUR/install/ur_mover/share/ur_mover/package.zsh'
[2.792s] Level 1:colcon.colcon_core.environment:create_file_with_runtime_dependencies(/home/icrs/icrsUR/install/ur_mover/share/colcon-core/packages/ur_mover)
[2.964s] Level 1:colcon.colcon_core.environment:create_environment_scripts_only(ur_dashboard_msgs)
[2.964s] Level 1:colcon.colcon_core.environment:checking '/home/icrs/icrsUR/install/ur_dashboard_msgs' for CMake module files
[2.966s] Level 1:colcon.colcon_core.environment:checking '/home/icrs/icrsUR/install/ur_dashboard_msgs' for CMake config files
[2.966s] Level 1:colcon.colcon_core.shell:create_environment_hook('ur_dashboard_msgs', 'cmake_prefix_path')
[2.967s] INFO:colcon.colcon_core.shell:Creating environment hook '/home/icrs/icrsUR/install/ur_dashboard_msgs/share/ur_dashboard_msgs/hook/cmake_prefix_path.ps1'
[2.968s] INFO:colcon.colcon_core.shell:Creating environment descriptor '/home/icrs/icrsUR/install/ur_dashboard_msgs/share/ur_dashboard_msgs/hook/cmake_prefix_path.dsv'
[2.969s] INFO:colcon.colcon_core.shell:Creating environment hook '/home/icrs/icrsUR/install/ur_dashboard_msgs/share/ur_dashboard_msgs/hook/cmake_prefix_path.sh'
[2.970s] Level 1:colcon.colcon_core.environment:checking '/home/icrs/icrsUR/install/ur_dashboard_msgs/lib'
[2.970s] Level 1:colcon.colcon_core.shell:create_environment_hook('ur_dashboard_msgs', 'ld_library_path_lib')
[2.971s] INFO:colcon.colcon_core.shell:Creating environment hook '/home/icrs/icrsUR/install/ur_dashboard_msgs/share/ur_dashboard_msgs/hook/ld_library_path_lib.ps1'
[2.972s] INFO:colcon.colcon_core.shell:Creating environment descriptor '/home/icrs/icrsUR/install/ur_dashboard_msgs/share/ur_dashboard_msgs/hook/ld_library_path_lib.dsv'
[2.973s] INFO:colcon.colcon_core.shell:Creating environment hook '/home/icrs/icrsUR/install/ur_dashboard_msgs/share/ur_dashboard_msgs/hook/ld_library_path_lib.sh'
[2.974s] Level 1:colcon.colcon_core.environment:checking '/home/icrs/icrsUR/install/ur_dashboard_msgs/bin'
[2.974s] Level 1:colcon.colcon_core.environment:checking '/home/icrs/icrsUR/install/ur_dashboard_msgs/lib/pkgconfig/ur_dashboard_msgs.pc'
[2.974s] Level 1:colcon.colcon_core.environment:checking '/home/icrs/icrsUR/install/ur_dashboard_msgs/lib/python3.10/site-packages'
[2.975s] Level 1:colcon.colcon_core.environment:checking '/home/icrs/icrsUR/install/ur_dashboard_msgs/bin'
[2.977s] INFO:colcon.colcon_core.shell:Creating package script '/home/icrs/icrsUR/install/ur_dashboard_msgs/share/ur_dashboard_msgs/package.ps1'
[2.980s] INFO:colcon.colcon_core.shell:Creating package descriptor '/home/icrs/icrsUR/install/ur_dashboard_msgs/share/ur_dashboard_msgs/package.dsv'
[2.981s] INFO:colcon.colcon_core.shell:Creating package script '/home/icrs/icrsUR/install/ur_dashboard_msgs/share/ur_dashboard_msgs/package.sh'
[2.982s] INFO:colcon.colcon_core.shell:Creating package script '/home/icrs/icrsUR/install/ur_dashboard_msgs/share/ur_dashboard_msgs/package.bash'
[2.983s] INFO:colcon.colcon_core.shell:Creating package script '/home/icrs/icrsUR/install/ur_dashboard_msgs/share/ur_dashboard_msgs/package.zsh'
[2.984s] Level 1:colcon.colcon_core.environment:create_file_with_runtime_dependencies(/home/icrs/icrsUR/install/ur_dashboard_msgs/share/colcon-core/packages/ur_dashboard_msgs)
[2.985s] INFO:colcon.colcon_ros.task.ament_cmake.build:Building ROS package in '/home/icrs/icrsUR/src/Universal_Robots_ROS2_Driver/ur_controllers' with build type 'ament_cmake'
[2.985s] INFO:colcon.colcon_cmake.task.cmake.build:Building CMake package in '/home/icrs/icrsUR/src/Universal_Robots_ROS2_Driver/ur_controllers'
[2.986s] INFO:colcon.colcon_core.shell:Skip shell extension 'powershell' for command environment: Not usable outside of PowerShell
[2.986s] DEBUG:colcon.colcon_core.shell:Skip shell extension 'dsv' for command environment
[3.012s] DEBUG:colcon.colcon_core.event_handler.log_command:Invoking command in '/home/icrs/icrsUR/build/ur_controllers': CMAKE_PREFIX_PATH=/home/icrs/icrsUR/install/ur_dashboard_msgs:/home/icrs/icrsUR/install/ur:/home/icrs/icrsUR/install/ur_calibration:/home/icrs/icrsUR/install/ur_robot_driver:/home/icrs/icrsUR/install/ur_mover:/home/icrs/icrsUR/install/ur_moveit_config:/home/icrs/icrsUR/install/ur_bringup:/home/icrs/icrsUR/install/ur_description:/home/icrs/icrsUR/install/ur_controllers:/home/icrs/icrsUR/install/ur_custom_interfaces:/home/icrs/icrsUR/install/service_ur5ik:/home/icrs/icrsUR/install/robotiq_description:/home/icrs/icrsUR/install/module_5_assignment:/home/icrs/icrsUR/install/module_3_assignment:/home/icrs/icrsUR/install/module_1_assignment:/home/icrs/icrsUR/install/module_10_assignment:/home/icrs/icrsUR/install/interfaces_ur5ik:/home/icrs/icrsUR/install/camera_control:/home/icrs/icrsUR/install/gripper_control:/opt/ros/humble LD_LIBRARY_PATH=/home/icrs/icrsUR/install/ur_dashboard_msgs/lib:/home/icrs/icrsUR/install/ur_robot_driver/lib:/home/icrs/icrsUR/install/ur_controllers/lib:/home/icrs/icrsUR/install/ur_custom_interfaces/lib:/home/icrs/icrsUR/install/interfaces_ur5ik/lib:/usr/local/cuda-11.8/lib64:/opt/ros/humble/opt/rviz_ogre_vendor/lib:/opt/ros/humble/lib/x86_64-linux-gnu:/opt/ros/humble/lib /usr/bin/cmake --build /home/icrs/icrsUR/build/ur_controllers -- -j8 -l8
[3.021s] Level 1:colcon.colcon_core.environment:checking '/home/icrs/icrsUR/install/gripper_control' for CMake module files
[3.022s] DEBUG:colcon.colcon_core.event_handler.log_command:Invoked command in '/home/icrs/icrsUR/src/gripper_control' returned '0': PYTHONPATH=/home/icrs/icrsUR/build/gripper_control/prefix_override:/usr/lib/python3/dist-packages/colcon_core/task/python/colcon_distutils_commands:/home/icrs/icrsUR/install/gripper_control/lib/python3.10/site-packages:${PYTHONPATH} /usr/bin/python3 -W ignore:setup.py install is deprecated setup.py egg_info --egg-base ../../build/gripper_control build --build-base /home/icrs/icrsUR/build/gripper_control/build install --record /home/icrs/icrsUR/build/gripper_control/install.log --single-version-externally-managed install_data
[3.022s] Level 1:colcon.colcon_core.environment:checking '/home/icrs/icrsUR/install/gripper_control' for CMake config files
[3.023s] Level 1:colcon.colcon_core.environment:checking '/home/icrs/icrsUR/install/gripper_control/lib'
[3.023s] Level 1:colcon.colcon_core.environment:checking '/home/icrs/icrsUR/install/gripper_control/bin'
[3.023s] Level 1:colcon.colcon_core.environment:checking '/home/icrs/icrsUR/install/gripper_control/lib/pkgconfig/gripper_control.pc'
[3.023s] Level 1:colcon.colcon_core.environment:checking '/home/icrs/icrsUR/install/gripper_control/lib/python3.10/site-packages'
[3.023s] Level 1:colcon.colcon_core.shell:create_environment_hook('gripper_control', 'pythonpath')
[3.024s] INFO:colcon.colcon_core.shell:Creating environment hook '/home/icrs/icrsUR/install/gripper_control/share/gripper_control/hook/pythonpath.ps1'
[3.024s] INFO:colcon.colcon_core.shell:Creating environment descriptor '/home/icrs/icrsUR/install/gripper_control/share/gripper_control/hook/pythonpath.dsv'
[3.025s] INFO:colcon.colcon_core.shell:Creating environment hook '/home/icrs/icrsUR/install/gripper_control/share/gripper_control/hook/pythonpath.sh'
[3.026s] Level 1:colcon.colcon_core.environment:checking '/home/icrs/icrsUR/install/gripper_control/bin'
[3.027s] Level 1:colcon.colcon_core.environment:create_environment_scripts_only(gripper_control)
[3.027s] INFO:colcon.colcon_core.shell:Creating package script '/home/icrs/icrsUR/install/gripper_control/share/gripper_control/package.ps1'
[3.028s] INFO:colcon.colcon_core.shell:Creating package descriptor '/home/icrs/icrsUR/install/gripper_control/share/gripper_control/package.dsv'
[3.029s] INFO:colcon.colcon_core.shell:Creating package script '/home/icrs/icrsUR/install/gripper_control/share/gripper_control/package.sh'
[3.029s] INFO:colcon.colcon_core.shell:Creating package script '/home/icrs/icrsUR/install/gripper_control/share/gripper_control/package.bash'
[3.030s] INFO:colcon.colcon_core.shell:Creating package script '/home/icrs/icrsUR/install/gripper_control/share/gripper_control/package.zsh'
[3.030s] Level 1:colcon.colcon_core.environment:create_file_with_runtime_dependencies(/home/icrs/icrsUR/install/gripper_control/share/colcon-core/packages/gripper_control)
[3.151s] DEBUG:colcon.colcon_core.event_handler.log_command:Invoked command in '/home/icrs/icrsUR/build/ur_controllers' returned '0': CMAKE_PREFIX_PATH=/home/icrs/icrsUR/install/ur_dashboard_msgs:/home/icrs/icrsUR/install/ur:/home/icrs/icrsUR/install/ur_calibration:/home/icrs/icrsUR/install/ur_robot_driver:/home/icrs/icrsUR/install/ur_mover:/home/icrs/icrsUR/install/ur_moveit_config:/home/icrs/icrsUR/install/ur_bringup:/home/icrs/icrsUR/install/ur_description:/home/icrs/icrsUR/install/ur_controllers:/home/icrs/icrsUR/install/ur_custom_interfaces:/home/icrs/icrsUR/install/service_ur5ik:/home/icrs/icrsUR/install/robotiq_description:/home/icrs/icrsUR/install/module_5_assignment:/home/icrs/icrsUR/install/module_3_assignment:/home/icrs/icrsUR/install/module_1_assignment:/home/icrs/icrsUR/install/module_10_assignment:/home/icrs/icrsUR/install/interfaces_ur5ik:/home/icrs/icrsUR/install/camera_control:/home/icrs/icrsUR/install/gripper_control:/opt/ros/humble LD_LIBRARY_PATH=/home/icrs/icrsUR/install/ur_dashboard_msgs/lib:/home/icrs/icrsUR/install/ur_robot_driver/lib:/home/icrs/icrsUR/install/ur_controllers/lib:/home/icrs/icrsUR/install/ur_custom_interfaces/lib:/home/icrs/icrsUR/install/interfaces_ur5ik/lib:/usr/local/cuda-11.8/lib64:/opt/ros/humble/opt/rviz_ogre_vendor/lib:/opt/ros/humble/lib/x86_64-linux-gnu:/opt/ros/humble/lib /usr/bin/cmake --build /home/icrs/icrsUR/build/ur_controllers -- -j8 -l8
[3.197s] DEBUG:colcon.colcon_core.event_handler.log_command:Invoking command in '/home/icrs/icrsUR/build/ur_controllers': CMAKE_PREFIX_PATH=/home/icrs/icrsUR/install/ur_dashboard_msgs:/home/icrs/icrsUR/install/ur:/home/icrs/icrsUR/install/ur_calibration:/home/icrs/icrsUR/install/ur_robot_driver:/home/icrs/icrsUR/install/ur_mover:/home/icrs/icrsUR/install/ur_moveit_config:/home/icrs/icrsUR/install/ur_bringup:/home/icrs/icrsUR/install/ur_description:/home/icrs/icrsUR/install/ur_controllers:/home/icrs/icrsUR/install/ur_custom_interfaces:/home/icrs/icrsUR/install/service_ur5ik:/home/icrs/icrsUR/install/robotiq_description:/home/icrs/icrsUR/install/module_5_assignment:/home/icrs/icrsUR/install/module_3_assignment:/home/icrs/icrsUR/install/module_1_assignment:/home/icrs/icrsUR/install/module_10_assignment:/home/icrs/icrsUR/install/interfaces_ur5ik:/home/icrs/icrsUR/install/camera_control:/home/icrs/icrsUR/install/gripper_control:/opt/ros/humble LD_LIBRARY_PATH=/home/icrs/icrsUR/install/ur_dashboard_msgs/lib:/home/icrs/icrsUR/install/ur_robot_driver/lib:/home/icrs/icrsUR/install/ur_controllers/lib:/home/icrs/icrsUR/install/ur_custom_interfaces/lib:/home/icrs/icrsUR/install/interfaces_ur5ik/lib:/usr/local/cuda-11.8/lib64:/opt/ros/humble/opt/rviz_ogre_vendor/lib:/opt/ros/humble/lib/x86_64-linux-gnu:/opt/ros/humble/lib /usr/bin/cmake --install /home/icrs/icrsUR/build/ur_controllers
[3.237s] Level 1:colcon.colcon_core.environment:create_environment_scripts_only(ur_controllers)
[3.238s] Level 1:colcon.colcon_core.environment:checking '/home/icrs/icrsUR/install/ur_controllers' for CMake module files
[3.239s] DEBUG:colcon.colcon_core.event_handler.log_command:Invoked command in '/home/icrs/icrsUR/build/ur_controllers' returned '0': CMAKE_PREFIX_PATH=/home/icrs/icrsUR/install/ur_dashboard_msgs:/home/icrs/icrsUR/install/ur:/home/icrs/icrsUR/install/ur_calibration:/home/icrs/icrsUR/install/ur_robot_driver:/home/icrs/icrsUR/install/ur_mover:/home/icrs/icrsUR/install/ur_moveit_config:/home/icrs/icrsUR/install/ur_bringup:/home/icrs/icrsUR/install/ur_description:/home/icrs/icrsUR/install/ur_controllers:/home/icrs/icrsUR/install/ur_custom_interfaces:/home/icrs/icrsUR/install/service_ur5ik:/home/icrs/icrsUR/install/robotiq_description:/home/icrs/icrsUR/install/module_5_assignment:/home/icrs/icrsUR/install/module_3_assignment:/home/icrs/icrsUR/install/module_1_assignment:/home/icrs/icrsUR/install/module_10_assignment:/home/icrs/icrsUR/install/interfaces_ur5ik:/home/icrs/icrsUR/install/camera_control:/home/icrs/icrsUR/install/gripper_control:/opt/ros/humble LD_LIBRARY_PATH=/home/icrs/icrsUR/install/ur_dashboard_msgs/lib:/home/icrs/icrsUR/install/ur_robot_driver/lib:/home/icrs/icrsUR/install/ur_controllers/lib:/home/icrs/icrsUR/install/ur_custom_interfaces/lib:/home/icrs/icrsUR/install/interfaces_ur5ik/lib:/usr/local/cuda-11.8/lib64:/opt/ros/humble/opt/rviz_ogre_vendor/lib:/opt/ros/humble/lib/x86_64-linux-gnu:/opt/ros/humble/lib /usr/bin/cmake --install /home/icrs/icrsUR/build/ur_controllers
[3.239s] Level 1:colcon.colcon_core.environment:checking '/home/icrs/icrsUR/install/ur_controllers' for CMake config files
[3.240s] Level 1:colcon.colcon_core.shell:create_environment_hook('ur_controllers', 'cmake_prefix_path')
[3.240s] INFO:colcon.colcon_core.shell:Creating environment hook '/home/icrs/icrsUR/install/ur_controllers/share/ur_controllers/hook/cmake_prefix_path.ps1'
[3.241s] INFO:colcon.colcon_core.shell:Creating environment descriptor '/home/icrs/icrsUR/install/ur_controllers/share/ur_controllers/hook/cmake_prefix_path.dsv'
[3.242s] INFO:colcon.colcon_core.shell:Creating environment hook '/home/icrs/icrsUR/install/ur_controllers/share/ur_controllers/hook/cmake_prefix_path.sh'
[3.244s] Level 1:colcon.colcon_core.environment:checking '/home/icrs/icrsUR/install/ur_controllers/lib'
[3.244s] Level 1:colcon.colcon_core.shell:create_environment_hook('ur_controllers', 'ld_library_path_lib')
[3.245s] INFO:colcon.colcon_core.shell:Creating environment hook '/home/icrs/icrsUR/install/ur_controllers/share/ur_controllers/hook/ld_library_path_lib.ps1'
[3.245s] INFO:colcon.colcon_core.shell:Creating environment descriptor '/home/icrs/icrsUR/install/ur_controllers/share/ur_controllers/hook/ld_library_path_lib.dsv'
[3.246s] INFO:colcon.colcon_core.shell:Creating environment hook '/home/icrs/icrsUR/install/ur_controllers/share/ur_controllers/hook/ld_library_path_lib.sh'
[3.247s] Level 1:colcon.colcon_core.environment:checking '/home/icrs/icrsUR/install/ur_controllers/bin'
[3.247s] Level 1:colcon.colcon_core.environment:checking '/home/icrs/icrsUR/install/ur_controllers/lib/pkgconfig/ur_controllers.pc'
[3.247s] Level 1:colcon.colcon_core.environment:checking '/home/icrs/icrsUR/install/ur_controllers/lib/python3.10/site-packages'
[3.248s] Level 1:colcon.colcon_core.environment:checking '/home/icrs/icrsUR/install/ur_controllers/bin'
[3.249s] INFO:colcon.colcon_core.shell:Creating package script '/home/icrs/icrsUR/install/ur_controllers/share/ur_controllers/package.ps1'
[3.250s] INFO:colcon.colcon_core.shell:Creating package descriptor '/home/icrs/icrsUR/install/ur_controllers/share/ur_controllers/package.dsv'
[3.251s] INFO:colcon.colcon_core.shell:Creating package script '/home/icrs/icrsUR/install/ur_controllers/share/ur_controllers/package.sh'
[3.251s] INFO:colcon.colcon_core.shell:Creating package script '/home/icrs/icrsUR/install/ur_controllers/share/ur_controllers/package.bash'
[3.252s] INFO:colcon.colcon_core.shell:Creating package script '/home/icrs/icrsUR/install/ur_controllers/share/ur_controllers/package.zsh'
[3.253s] Level 1:colcon.colcon_core.environment:create_file_with_runtime_dependencies(/home/icrs/icrsUR/install/ur_controllers/share/colcon-core/packages/ur_controllers)
[3.293s] Level 1:colcon.colcon_core.environment:create_environment_scripts_only(ur_controllers)
[3.293s] Level 1:colcon.colcon_core.environment:checking '/home/icrs/icrsUR/install/ur_controllers' for CMake module files
[3.295s] Level 1:colcon.colcon_core.environment:checking '/home/icrs/icrsUR/install/ur_controllers' for CMake config files
[3.296s] Level 1:colcon.colcon_core.shell:create_environment_hook('ur_controllers', 'cmake_prefix_path')
[3.298s] INFO:colcon.colcon_core.shell:Creating environment hook '/home/icrs/icrsUR/install/ur_controllers/share/ur_controllers/hook/cmake_prefix_path.ps1'
[3.300s] INFO:colcon.colcon_core.shell:Creating environment descriptor '/home/icrs/icrsUR/install/ur_controllers/share/ur_controllers/hook/cmake_prefix_path.dsv'
[3.300s] INFO:colcon.colcon_core.shell:Creating environment hook '/home/icrs/icrsUR/install/ur_controllers/share/ur_controllers/hook/cmake_prefix_path.sh'
[3.301s] Level 1:colcon.colcon_core.environment:checking '/home/icrs/icrsUR/install/ur_controllers/lib'
[3.301s] Level 1:colcon.colcon_core.shell:create_environment_hook('ur_controllers', 'ld_library_path_lib')
[3.302s] INFO:colcon.colcon_core.shell:Creating environment hook '/home/icrs/icrsUR/install/ur_controllers/share/ur_controllers/hook/ld_library_path_lib.ps1'
[3.303s] INFO:colcon.colcon_core.shell:Creating environment descriptor '/home/icrs/icrsUR/install/ur_controllers/share/ur_controllers/hook/ld_library_path_lib.dsv'
[3.303s] INFO:colcon.colcon_core.shell:Creating environment hook '/home/icrs/icrsUR/install/ur_controllers/share/ur_controllers/hook/ld_library_path_lib.sh'
[3.304s] Level 1:colcon.colcon_core.environment:checking '/home/icrs/icrsUR/install/ur_controllers/bin'
[3.304s] Level 1:colcon.colcon_core.environment:checking '/home/icrs/icrsUR/install/ur_controllers/lib/pkgconfig/ur_controllers.pc'
[3.305s] Level 1:colcon.colcon_core.environment:checking '/home/icrs/icrsUR/install/ur_controllers/lib/python3.10/site-packages'
[3.305s] Level 1:colcon.colcon_core.environment:checking '/home/icrs/icrsUR/install/ur_controllers/bin'
[3.306s] INFO:colcon.colcon_core.shell:Creating package script '/home/icrs/icrsUR/install/ur_controllers/share/ur_controllers/package.ps1'
[3.307s] INFO:colcon.colcon_core.shell:Creating package descriptor '/home/icrs/icrsUR/install/ur_controllers/share/ur_controllers/package.dsv'
[3.308s] INFO:colcon.colcon_core.shell:Creating package script '/home/icrs/icrsUR/install/ur_controllers/share/ur_controllers/package.sh'
[3.309s] INFO:colcon.colcon_core.shell:Creating package script '/home/icrs/icrsUR/install/ur_controllers/share/ur_controllers/package.bash'
[3.310s] INFO:colcon.colcon_core.shell:Creating package script '/home/icrs/icrsUR/install/ur_controllers/share/ur_controllers/package.zsh'
[3.311s] Level 1:colcon.colcon_core.environment:create_file_with_runtime_dependencies(/home/icrs/icrsUR/install/ur_controllers/share/colcon-core/packages/ur_controllers)
[3.312s] INFO:colcon.colcon_ros.task.ament_cmake.build:Building ROS package in '/home/icrs/icrsUR/src/Universal_Robots_ROS2_Driver/ur_robot_driver' with build type 'ament_cmake'
[3.312s] INFO:colcon.colcon_cmake.task.cmake.build:Building CMake package in '/home/icrs/icrsUR/src/Universal_Robots_ROS2_Driver/ur_robot_driver'
[3.313s] INFO:colcon.colcon_core.shell:Skip shell extension 'powershell' for command environment: Not usable outside of PowerShell
[3.313s] DEBUG:colcon.colcon_core.shell:Skip shell extension 'dsv' for command environment
[3.323s] INFO:colcon.colcon_ros.task.ament_cmake.build:Building ROS package in '/home/icrs/icrsUR/src/Universal_Robots_ROS2_Driver/ur_bringup' with build type 'ament_cmake'
[3.323s] INFO:colcon.colcon_cmake.task.cmake.build:Building CMake package in '/home/icrs/icrsUR/src/Universal_Robots_ROS2_Driver/ur_bringup'
[3.323s] INFO:colcon.colcon_core.shell:Skip shell extension 'powershell' for command environment: Not usable outside of PowerShell
[3.324s] DEBUG:colcon.colcon_core.shell:Skip shell extension 'dsv' for command environment
[3.341s] DEBUG:colcon.colcon_core.event_handler.log_command:Invoking command in '/home/icrs/icrsUR/build/ur_robot_driver': CMAKE_PREFIX_PATH=/home/icrs/icrsUR/install/ur_controllers:/home/icrs/icrsUR/install/ur_description:/home/icrs/icrsUR/install/ur_dashboard_msgs:/home/icrs/icrsUR/install/ur:/home/icrs/icrsUR/install/ur_calibration:/home/icrs/icrsUR/install/ur_robot_driver:/home/icrs/icrsUR/install/ur_mover:/home/icrs/icrsUR/install/ur_moveit_config:/home/icrs/icrsUR/install/ur_bringup:/home/icrs/icrsUR/install/ur_custom_interfaces:/home/icrs/icrsUR/install/service_ur5ik:/home/icrs/icrsUR/install/robotiq_description:/home/icrs/icrsUR/install/module_5_assignment:/home/icrs/icrsUR/install/module_3_assignment:/home/icrs/icrsUR/install/module_1_assignment:/home/icrs/icrsUR/install/module_10_assignment:/home/icrs/icrsUR/install/interfaces_ur5ik:/home/icrs/icrsUR/install/camera_control:/home/icrs/icrsUR/install/gripper_control:/opt/ros/humble LD_LIBRARY_PATH=/home/icrs/icrsUR/install/ur_controllers/lib:/home/icrs/icrsUR/install/ur_dashboard_msgs/lib:/home/icrs/icrsUR/install/ur_robot_driver/lib:/home/icrs/icrsUR/install/ur_custom_interfaces/lib:/home/icrs/icrsUR/install/interfaces_ur5ik/lib:/usr/local/cuda-11.8/lib64:/opt/ros/humble/opt/rviz_ogre_vendor/lib:/opt/ros/humble/lib/x86_64-linux-gnu:/opt/ros/humble/lib /usr/bin/cmake --build /home/icrs/icrsUR/build/ur_robot_driver -- -j8 -l8
[3.351s] DEBUG:colcon.colcon_core.event_handler.log_command:Invoking command in '/home/icrs/icrsUR/build/ur_bringup': CMAKE_PREFIX_PATH=/home/icrs/icrsUR/install/ur_controllers:/home/icrs/icrsUR/install/ur_description:/home/icrs/icrsUR/install/ur_dashboard_msgs:/home/icrs/icrsUR/install/ur:/home/icrs/icrsUR/install/ur_calibration:/home/icrs/icrsUR/install/ur_robot_driver:/home/icrs/icrsUR/install/ur_mover:/home/icrs/icrsUR/install/ur_moveit_config:/home/icrs/icrsUR/install/ur_bringup:/home/icrs/icrsUR/install/ur_custom_interfaces:/home/icrs/icrsUR/install/service_ur5ik:/home/icrs/icrsUR/install/robotiq_description:/home/icrs/icrsUR/install/module_5_assignment:/home/icrs/icrsUR/install/module_3_assignment:/home/icrs/icrsUR/install/module_1_assignment:/home/icrs/icrsUR/install/module_10_assignment:/home/icrs/icrsUR/install/interfaces_ur5ik:/home/icrs/icrsUR/install/camera_control:/home/icrs/icrsUR/install/gripper_control:/opt/ros/humble LD_LIBRARY_PATH=/home/icrs/icrsUR/install/ur_controllers/lib:/home/icrs/icrsUR/install/ur_dashboard_msgs/lib:/home/icrs/icrsUR/install/ur_robot_driver/lib:/home/icrs/icrsUR/install/ur_custom_interfaces/lib:/home/icrs/icrsUR/install/interfaces_ur5ik/lib:/usr/local/cuda-11.8/lib64:/opt/ros/humble/opt/rviz_ogre_vendor/lib:/opt/ros/humble/lib/x86_64-linux-gnu:/opt/ros/humble/lib /usr/bin/cmake --build /home/icrs/icrsUR/build/ur_bringup -- -j8 -l8
[3.426s] DEBUG:colcon.colcon_core.event_handler.log_command:Invoked command in '/home/icrs/icrsUR/build/ur_bringup' returned '0': CMAKE_PREFIX_PATH=/home/icrs/icrsUR/install/ur_controllers:/home/icrs/icrsUR/install/ur_description:/home/icrs/icrsUR/install/ur_dashboard_msgs:/home/icrs/icrsUR/install/ur:/home/icrs/icrsUR/install/ur_calibration:/home/icrs/icrsUR/install/ur_robot_driver:/home/icrs/icrsUR/install/ur_mover:/home/icrs/icrsUR/install/ur_moveit_config:/home/icrs/icrsUR/install/ur_bringup:/home/icrs/icrsUR/install/ur_custom_interfaces:/home/icrs/icrsUR/install/service_ur5ik:/home/icrs/icrsUR/install/robotiq_description:/home/icrs/icrsUR/install/module_5_assignment:/home/icrs/icrsUR/install/module_3_assignment:/home/icrs/icrsUR/install/module_1_assignment:/home/icrs/icrsUR/install/module_10_assignment:/home/icrs/icrsUR/install/interfaces_ur5ik:/home/icrs/icrsUR/install/camera_control:/home/icrs/icrsUR/install/gripper_control:/opt/ros/humble LD_LIBRARY_PATH=/home/icrs/icrsUR/install/ur_controllers/lib:/home/icrs/icrsUR/install/ur_dashboard_msgs/lib:/home/icrs/icrsUR/install/ur_robot_driver/lib:/home/icrs/icrsUR/install/ur_custom_interfaces/lib:/home/icrs/icrsUR/install/interfaces_ur5ik/lib:/usr/local/cuda-11.8/lib64:/opt/ros/humble/opt/rviz_ogre_vendor/lib:/opt/ros/humble/lib/x86_64-linux-gnu:/opt/ros/humble/lib /usr/bin/cmake --build /home/icrs/icrsUR/build/ur_bringup -- -j8 -l8
[3.473s] DEBUG:colcon.colcon_core.event_handler.log_command:Invoking command in '/home/icrs/icrsUR/build/ur_bringup': CMAKE_PREFIX_PATH=/home/icrs/icrsUR/install/ur_controllers:/home/icrs/icrsUR/install/ur_description:/home/icrs/icrsUR/install/ur_dashboard_msgs:/home/icrs/icrsUR/install/ur:/home/icrs/icrsUR/install/ur_calibration:/home/icrs/icrsUR/install/ur_robot_driver:/home/icrs/icrsUR/install/ur_mover:/home/icrs/icrsUR/install/ur_moveit_config:/home/icrs/icrsUR/install/ur_bringup:/home/icrs/icrsUR/install/ur_custom_interfaces:/home/icrs/icrsUR/install/service_ur5ik:/home/icrs/icrsUR/install/robotiq_description:/home/icrs/icrsUR/install/module_5_assignment:/home/icrs/icrsUR/install/module_3_assignment:/home/icrs/icrsUR/install/module_1_assignment:/home/icrs/icrsUR/install/module_10_assignment:/home/icrs/icrsUR/install/interfaces_ur5ik:/home/icrs/icrsUR/install/camera_control:/home/icrs/icrsUR/install/gripper_control:/opt/ros/humble LD_LIBRARY_PATH=/home/icrs/icrsUR/install/ur_controllers/lib:/home/icrs/icrsUR/install/ur_dashboard_msgs/lib:/home/icrs/icrsUR/install/ur_robot_driver/lib:/home/icrs/icrsUR/install/ur_custom_interfaces/lib:/home/icrs/icrsUR/install/interfaces_ur5ik/lib:/usr/local/cuda-11.8/lib64:/opt/ros/humble/opt/rviz_ogre_vendor/lib:/opt/ros/humble/lib/x86_64-linux-gnu:/opt/ros/humble/lib /usr/bin/cmake --install /home/icrs/icrsUR/build/ur_bringup
[3.493s] DEBUG:colcon.colcon_core.event_handler.log_command:Invoking command in '/home/icrs/icrsUR/src/camera_control': CMAKE_PREFIX_PATH=/home/icrs/icrsUR/install/ur_custom_interfaces:/home/icrs/icrsUR/install/ur:/home/icrs/icrsUR/install/ur_calibration:/home/icrs/icrsUR/install/ur_robot_driver:/home/icrs/icrsUR/install/ur_mover:/home/icrs/icrsUR/install/ur_moveit_config:/home/icrs/icrsUR/install/ur_bringup:/home/icrs/icrsUR/install/ur_description:/home/icrs/icrsUR/install/ur_controllers:/home/icrs/icrsUR/install/ur_dashboard_msgs:/home/icrs/icrsUR/install/service_ur5ik:/home/icrs/icrsUR/install/robotiq_description:/home/icrs/icrsUR/install/module_5_assignment:/home/icrs/icrsUR/install/module_3_assignment:/home/icrs/icrsUR/install/module_1_assignment:/home/icrs/icrsUR/install/module_10_assignment:/home/icrs/icrsUR/install/interfaces_ur5ik LD_LIBRARY_PATH=/home/icrs/icrsUR/install/ur_custom_interfaces/lib:/home/icrs/icrsUR/install/ur_robot_driver/lib:/home/icrs/icrsUR/install/ur_controllers/lib:/home/icrs/icrsUR/install/ur_dashboard_msgs/lib:/home/icrs/icrsUR/install/interfaces_ur5ik/lib:/usr/local/cuda-11.8/lib64:/opt/ros/humble/opt/rviz_ogre_vendor/lib:/opt/ros/humble/lib/x86_64-linux-gnu:/opt/ros/humble/lib PYTHONPATH=/home/icrs/icrsUR/build/camera_control/prefix_override:/usr/lib/python3/dist-packages/colcon_core/task/python/colcon_distutils_commands:/home/icrs/icrsUR/install/camera_control/lib/python3.10/site-packages:${PYTHONPATH} /usr/bin/python3 -W ignore:setup.py install is deprecated setup.py egg_info --egg-base ../../build/camera_control build --build-base /home/icrs/icrsUR/build/camera_control/build install --record /home/icrs/icrsUR/build/camera_control/install.log --single-version-externally-managed install_data
[3.509s] Level 1:colcon.colcon_core.environment:create_environment_scripts_only(ur_bringup)
[3.509s] Level 1:colcon.colcon_core.environment:checking '/home/icrs/icrsUR/install/ur_bringup' for CMake module files
[3.510s] DEBUG:colcon.colcon_core.event_handler.log_command:Invoked command in '/home/icrs/icrsUR/build/ur_bringup' returned '0': CMAKE_PREFIX_PATH=/home/icrs/icrsUR/install/ur_controllers:/home/icrs/icrsUR/install/ur_description:/home/icrs/icrsUR/install/ur_dashboard_msgs:/home/icrs/icrsUR/install/ur:/home/icrs/icrsUR/install/ur_calibration:/home/icrs/icrsUR/install/ur_robot_driver:/home/icrs/icrsUR/install/ur_mover:/home/icrs/icrsUR/install/ur_moveit_config:/home/icrs/icrsUR/install/ur_bringup:/home/icrs/icrsUR/install/ur_custom_interfaces:/home/icrs/icrsUR/install/service_ur5ik:/home/icrs/icrsUR/install/robotiq_description:/home/icrs/icrsUR/install/module_5_assignment:/home/icrs/icrsUR/install/module_3_assignment:/home/icrs/icrsUR/install/module_1_assignment:/home/icrs/icrsUR/install/module_10_assignment:/home/icrs/icrsUR/install/interfaces_ur5ik:/home/icrs/icrsUR/install/camera_control:/home/icrs/icrsUR/install/gripper_control:/opt/ros/humble LD_LIBRARY_PATH=/home/icrs/icrsUR/install/ur_controllers/lib:/home/icrs/icrsUR/install/ur_dashboard_msgs/lib:/home/icrs/icrsUR/install/ur_robot_driver/lib:/home/icrs/icrsUR/install/ur_custom_interfaces/lib:/home/icrs/icrsUR/install/interfaces_ur5ik/lib:/usr/local/cuda-11.8/lib64:/opt/ros/humble/opt/rviz_ogre_vendor/lib:/opt/ros/humble/lib/x86_64-linux-gnu:/opt/ros/humble/lib /usr/bin/cmake --install /home/icrs/icrsUR/build/ur_bringup
[3.511s] Level 1:colcon.colcon_core.environment:checking '/home/icrs/icrsUR/install/ur_bringup' for CMake config files
[3.511s] Level 1:colcon.colcon_core.shell:create_environment_hook('ur_bringup', 'cmake_prefix_path')
[3.511s] INFO:colcon.colcon_core.shell:Creating environment hook '/home/icrs/icrsUR/install/ur_bringup/share/ur_bringup/hook/cmake_prefix_path.ps1'
[3.512s] INFO:colcon.colcon_core.shell:Creating environment descriptor '/home/icrs/icrsUR/install/ur_bringup/share/ur_bringup/hook/cmake_prefix_path.dsv'
[3.512s] INFO:colcon.colcon_core.shell:Creating environment hook '/home/icrs/icrsUR/install/ur_bringup/share/ur_bringup/hook/cmake_prefix_path.sh'
[3.513s] Level 1:colcon.colcon_core.environment:checking '/home/icrs/icrsUR/install/ur_bringup/lib'
[3.513s] Level 1:colcon.colcon_core.environment:checking '/home/icrs/icrsUR/install/ur_bringup/bin'
[3.513s] Level 1:colcon.colcon_core.environment:checking '/home/icrs/icrsUR/install/ur_bringup/lib/pkgconfig/ur_bringup.pc'
[3.513s] Level 1:colcon.colcon_core.environment:checking '/home/icrs/icrsUR/install/ur_bringup/lib/python3.10/site-packages'
[3.514s] Level 1:colcon.colcon_core.environment:checking '/home/icrs/icrsUR/install/ur_bringup/bin'
[3.515s] INFO:colcon.colcon_core.shell:Creating package script '/home/icrs/icrsUR/install/ur_bringup/share/ur_bringup/package.ps1'
[3.516s] INFO:colcon.colcon_core.shell:Creating package descriptor '/home/icrs/icrsUR/install/ur_bringup/share/ur_bringup/package.dsv'
[3.516s] INFO:colcon.colcon_core.shell:Creating package script '/home/icrs/icrsUR/install/ur_bringup/share/ur_bringup/package.sh'
[3.517s] INFO:colcon.colcon_core.shell:Creating package script '/home/icrs/icrsUR/install/ur_bringup/share/ur_bringup/package.bash'
[3.518s] INFO:colcon.colcon_core.shell:Creating package script '/home/icrs/icrsUR/install/ur_bringup/share/ur_bringup/package.zsh'
[3.519s] Level 1:colcon.colcon_core.environment:create_file_with_runtime_dependencies(/home/icrs/icrsUR/install/ur_bringup/share/colcon-core/packages/ur_bringup)
[3.548s] Level 1:colcon.colcon_core.environment:create_environment_scripts_only(ur_bringup)
[3.549s] Level 1:colcon.colcon_core.environment:checking '/home/icrs/icrsUR/install/ur_bringup' for CMake module files
[3.550s] Level 1:colcon.colcon_core.environment:checking '/home/icrs/icrsUR/install/ur_bringup' for CMake config files
[3.550s] Level 1:colcon.colcon_core.shell:create_environment_hook('ur_bringup', 'cmake_prefix_path')
[3.551s] INFO:colcon.colcon_core.shell:Creating environment hook '/home/icrs/icrsUR/install/ur_bringup/share/ur_bringup/hook/cmake_prefix_path.ps1'
[3.552s] INFO:colcon.colcon_core.shell:Creating environment descriptor '/home/icrs/icrsUR/install/ur_bringup/share/ur_bringup/hook/cmake_prefix_path.dsv'
[3.554s] INFO:colcon.colcon_core.shell:Creating environment hook '/home/icrs/icrsUR/install/ur_bringup/share/ur_bringup/hook/cmake_prefix_path.sh'
[3.556s] Level 1:colcon.colcon_core.environment:checking '/home/icrs/icrsUR/install/ur_bringup/lib'
[3.556s] Level 1:colcon.colcon_core.environment:checking '/home/icrs/icrsUR/install/ur_bringup/bin'
[3.556s] Level 1:colcon.colcon_core.environment:checking '/home/icrs/icrsUR/install/ur_bringup/lib/pkgconfig/ur_bringup.pc'
[3.556s] Level 1:colcon.colcon_core.environment:checking '/home/icrs/icrsUR/install/ur_bringup/lib/python3.10/site-packages'
[3.557s] Level 1:colcon.colcon_core.environment:checking '/home/icrs/icrsUR/install/ur_bringup/bin'
[3.557s] INFO:colcon.colcon_core.shell:Creating package script '/home/icrs/icrsUR/install/ur_bringup/share/ur_bringup/package.ps1'
[3.559s] INFO:colcon.colcon_core.shell:Creating package descriptor '/home/icrs/icrsUR/install/ur_bringup/share/ur_bringup/package.dsv'
[3.560s] INFO:colcon.colcon_core.shell:Creating package script '/home/icrs/icrsUR/install/ur_bringup/share/ur_bringup/package.sh'
[3.561s] INFO:colcon.colcon_core.shell:Creating package script '/home/icrs/icrsUR/install/ur_bringup/share/ur_bringup/package.bash'
[3.562s] INFO:colcon.colcon_core.shell:Creating package script '/home/icrs/icrsUR/install/ur_bringup/share/ur_bringup/package.zsh'
[3.562s] Level 1:colcon.colcon_core.environment:create_file_with_runtime_dependencies(/home/icrs/icrsUR/install/ur_bringup/share/colcon-core/packages/ur_bringup)
[3.918s] DEBUG:colcon.colcon_core.event_handler.log_command:Invoked command in '/home/icrs/icrsUR/build/ur_robot_driver' returned '0': CMAKE_PREFIX_PATH=/home/icrs/icrsUR/install/ur_controllers:/home/icrs/icrsUR/install/ur_description:/home/icrs/icrsUR/install/ur_dashboard_msgs:/home/icrs/icrsUR/install/ur:/home/icrs/icrsUR/install/ur_calibration:/home/icrs/icrsUR/install/ur_robot_driver:/home/icrs/icrsUR/install/ur_mover:/home/icrs/icrsUR/install/ur_moveit_config:/home/icrs/icrsUR/install/ur_bringup:/home/icrs/icrsUR/install/ur_custom_interfaces:/home/icrs/icrsUR/install/service_ur5ik:/home/icrs/icrsUR/install/robotiq_description:/home/icrs/icrsUR/install/module_5_assignment:/home/icrs/icrsUR/install/module_3_assignment:/home/icrs/icrsUR/install/module_1_assignment:/home/icrs/icrsUR/install/module_10_assignment:/home/icrs/icrsUR/install/interfaces_ur5ik:/home/icrs/icrsUR/install/camera_control:/home/icrs/icrsUR/install/gripper_control:/opt/ros/humble LD_LIBRARY_PATH=/home/icrs/icrsUR/install/ur_controllers/lib:/home/icrs/icrsUR/install/ur_dashboard_msgs/lib:/home/icrs/icrsUR/install/ur_robot_driver/lib:/home/icrs/icrsUR/install/ur_custom_interfaces/lib:/home/icrs/icrsUR/install/interfaces_ur5ik/lib:/usr/local/cuda-11.8/lib64:/opt/ros/humble/opt/rviz_ogre_vendor/lib:/opt/ros/humble/lib/x86_64-linux-gnu:/opt/ros/humble/lib /usr/bin/cmake --build /home/icrs/icrsUR/build/ur_robot_driver -- -j8 -l8
[3.959s] Level 1:colcon.colcon_core.environment:checking '/home/icrs/icrsUR/install/camera_control' for CMake module files
[3.960s] DEBUG:colcon.colcon_core.event_handler.log_command:Invoked command in '/home/icrs/icrsUR/src/camera_control' returned '0': CMAKE_PREFIX_PATH=/home/icrs/icrsUR/install/ur_custom_interfaces:/home/icrs/icrsUR/install/ur:/home/icrs/icrsUR/install/ur_calibration:/home/icrs/icrsUR/install/ur_robot_driver:/home/icrs/icrsUR/install/ur_mover:/home/icrs/icrsUR/install/ur_moveit_config:/home/icrs/icrsUR/install/ur_bringup:/home/icrs/icrsUR/install/ur_description:/home/icrs/icrsUR/install/ur_controllers:/home/icrs/icrsUR/install/ur_dashboard_msgs:/home/icrs/icrsUR/install/service_ur5ik:/home/icrs/icrsUR/install/robotiq_description:/home/icrs/icrsUR/install/module_5_assignment:/home/icrs/icrsUR/install/module_3_assignment:/home/icrs/icrsUR/install/module_1_assignment:/home/icrs/icrsUR/install/module_10_assignment:/home/icrs/icrsUR/install/interfaces_ur5ik LD_LIBRARY_PATH=/home/icrs/icrsUR/install/ur_custom_interfaces/lib:/home/icrs/icrsUR/install/ur_robot_driver/lib:/home/icrs/icrsUR/install/ur_controllers/lib:/home/icrs/icrsUR/install/ur_dashboard_msgs/lib:/home/icrs/icrsUR/install/interfaces_ur5ik/lib:/usr/local/cuda-11.8/lib64:/opt/ros/humble/opt/rviz_ogre_vendor/lib:/opt/ros/humble/lib/x86_64-linux-gnu:/opt/ros/humble/lib PYTHONPATH=/home/icrs/icrsUR/build/camera_control/prefix_override:/usr/lib/python3/dist-packages/colcon_core/task/python/colcon_distutils_commands:/home/icrs/icrsUR/install/camera_control/lib/python3.10/site-packages:${PYTHONPATH} /usr/bin/python3 -W ignore:setup.py install is deprecated setup.py egg_info --egg-base ../../build/camera_control build --build-base /home/icrs/icrsUR/build/camera_control/build install --record /home/icrs/icrsUR/build/camera_control/install.log --single-version-externally-managed install_data
[3.960s] Level 1:colcon.colcon_core.environment:checking '/home/icrs/icrsUR/install/camera_control' for CMake config files
[3.961s] Level 1:colcon.colcon_core.environment:checking '/home/icrs/icrsUR/install/camera_control/lib'
[3.961s] Level 1:colcon.colcon_core.environment:checking '/home/icrs/icrsUR/install/camera_control/bin'
[3.961s] Level 1:colcon.colcon_core.environment:checking '/home/icrs/icrsUR/install/camera_control/lib/pkgconfig/camera_control.pc'
[3.961s] Level 1:colcon.colcon_core.environment:checking '/home/icrs/icrsUR/install/camera_control/lib/python3.10/site-packages'
[3.961s] Level 1:colcon.colcon_core.shell:create_environment_hook('camera_control', 'pythonpath')
[3.962s] INFO:colcon.colcon_core.shell:Creating environment hook '/home/icrs/icrsUR/install/camera_control/share/camera_control/hook/pythonpath.ps1'
[3.962s] INFO:colcon.colcon_core.shell:Creating environment descriptor '/home/icrs/icrsUR/install/camera_control/share/camera_control/hook/pythonpath.dsv'
[3.963s] INFO:colcon.colcon_core.shell:Creating environment hook '/home/icrs/icrsUR/install/camera_control/share/camera_control/hook/pythonpath.sh'
[3.964s] Level 1:colcon.colcon_core.environment:checking '/home/icrs/icrsUR/install/camera_control/bin'
[3.964s] Level 1:colcon.colcon_core.environment:create_environment_scripts_only(camera_control)
[3.964s] INFO:colcon.colcon_core.shell:Creating package script '/home/icrs/icrsUR/install/camera_control/share/camera_control/package.ps1'
[3.965s] INFO:colcon.colcon_core.shell:Creating package descriptor '/home/icrs/icrsUR/install/camera_control/share/camera_control/package.dsv'
[3.966s] INFO:colcon.colcon_core.shell:Creating package script '/home/icrs/icrsUR/install/camera_control/share/camera_control/package.sh'
[3.966s] INFO:colcon.colcon_core.shell:Creating package script '/home/icrs/icrsUR/install/camera_control/share/camera_control/package.bash'
[3.967s] INFO:colcon.colcon_core.shell:Creating package script '/home/icrs/icrsUR/install/camera_control/share/camera_control/package.zsh'
[3.968s] Level 1:colcon.colcon_core.environment:create_file_with_runtime_dependencies(/home/icrs/icrsUR/install/camera_control/share/colcon-core/packages/camera_control)
[3.982s] DEBUG:colcon.colcon_core.event_handler.log_command:Invoking command in '/home/icrs/icrsUR/build/ur_robot_driver': CMAKE_PREFIX_PATH=/home/icrs/icrsUR/install/ur_controllers:/home/icrs/icrsUR/install/ur_description:/home/icrs/icrsUR/install/ur_dashboard_msgs:/home/icrs/icrsUR/install/ur:/home/icrs/icrsUR/install/ur_calibration:/home/icrs/icrsUR/install/ur_robot_driver:/home/icrs/icrsUR/install/ur_mover:/home/icrs/icrsUR/install/ur_moveit_config:/home/icrs/icrsUR/install/ur_bringup:/home/icrs/icrsUR/install/ur_custom_interfaces:/home/icrs/icrsUR/install/service_ur5ik:/home/icrs/icrsUR/install/robotiq_description:/home/icrs/icrsUR/install/module_5_assignment:/home/icrs/icrsUR/install/module_3_assignment:/home/icrs/icrsUR/install/module_1_assignment:/home/icrs/icrsUR/install/module_10_assignment:/home/icrs/icrsUR/install/interfaces_ur5ik:/home/icrs/icrsUR/install/camera_control:/home/icrs/icrsUR/install/gripper_control:/opt/ros/humble LD_LIBRARY_PATH=/home/icrs/icrsUR/install/ur_controllers/lib:/home/icrs/icrsUR/install/ur_dashboard_msgs/lib:/home/icrs/icrsUR/install/ur_robot_driver/lib:/home/icrs/icrsUR/install/ur_custom_interfaces/lib:/home/icrs/icrsUR/install/interfaces_ur5ik/lib:/usr/local/cuda-11.8/lib64:/opt/ros/humble/opt/rviz_ogre_vendor/lib:/opt/ros/humble/lib/x86_64-linux-gnu:/opt/ros/humble/lib /usr/bin/cmake --install /home/icrs/icrsUR/build/ur_robot_driver
[4.059s] Level 1:colcon.colcon_core.environment:create_environment_scripts_only(ur_robot_driver)
[4.059s] Level 1:colcon.colcon_core.environment:checking '/home/icrs/icrsUR/install/ur_robot_driver' for CMake module files
[4.060s] DEBUG:colcon.colcon_core.event_handler.log_command:Invoked command in '/home/icrs/icrsUR/build/ur_robot_driver' returned '0': CMAKE_PREFIX_PATH=/home/icrs/icrsUR/install/ur_controllers:/home/icrs/icrsUR/install/ur_description:/home/icrs/icrsUR/install/ur_dashboard_msgs:/home/icrs/icrsUR/install/ur:/home/icrs/icrsUR/install/ur_calibration:/home/icrs/icrsUR/install/ur_robot_driver:/home/icrs/icrsUR/install/ur_mover:/home/icrs/icrsUR/install/ur_moveit_config:/home/icrs/icrsUR/install/ur_bringup:/home/icrs/icrsUR/install/ur_custom_interfaces:/home/icrs/icrsUR/install/service_ur5ik:/home/icrs/icrsUR/install/robotiq_description:/home/icrs/icrsUR/install/module_5_assignment:/home/icrs/icrsUR/install/module_3_assignment:/home/icrs/icrsUR/install/module_1_assignment:/home/icrs/icrsUR/install/module_10_assignment:/home/icrs/icrsUR/install/interfaces_ur5ik:/home/icrs/icrsUR/install/camera_control:/home/icrs/icrsUR/install/gripper_control:/opt/ros/humble LD_LIBRARY_PATH=/home/icrs/icrsUR/install/ur_controllers/lib:/home/icrs/icrsUR/install/ur_dashboard_msgs/lib:/home/icrs/icrsUR/install/ur_robot_driver/lib:/home/icrs/icrsUR/install/ur_custom_interfaces/lib:/home/icrs/icrsUR/install/interfaces_ur5ik/lib:/usr/local/cuda-11.8/lib64:/opt/ros/humble/opt/rviz_ogre_vendor/lib:/opt/ros/humble/lib/x86_64-linux-gnu:/opt/ros/humble/lib /usr/bin/cmake --install /home/icrs/icrsUR/build/ur_robot_driver
[4.060s] Level 1:colcon.colcon_core.environment:checking '/home/icrs/icrsUR/install/ur_robot_driver' for CMake config files
[4.061s] Level 1:colcon.colcon_core.shell:create_environment_hook('ur_robot_driver', 'cmake_prefix_path')
[4.061s] INFO:colcon.colcon_core.shell:Creating environment hook '/home/icrs/icrsUR/install/ur_robot_driver/share/ur_robot_driver/hook/cmake_prefix_path.ps1'
[4.061s] INFO:colcon.colcon_core.shell:Creating environment descriptor '/home/icrs/icrsUR/install/ur_robot_driver/share/ur_robot_driver/hook/cmake_prefix_path.dsv'
[4.062s] INFO:colcon.colcon_core.shell:Creating environment hook '/home/icrs/icrsUR/install/ur_robot_driver/share/ur_robot_driver/hook/cmake_prefix_path.sh'
[4.063s] Level 1:colcon.colcon_core.environment:checking '/home/icrs/icrsUR/install/ur_robot_driver/lib'
[4.063s] Level 1:colcon.colcon_core.shell:create_environment_hook('ur_robot_driver', 'ld_library_path_lib')
[4.063s] INFO:colcon.colcon_core.shell:Creating environment hook '/home/icrs/icrsUR/install/ur_robot_driver/share/ur_robot_driver/hook/ld_library_path_lib.ps1'
[4.065s] INFO:colcon.colcon_core.shell:Creating environment descriptor '/home/icrs/icrsUR/install/ur_robot_driver/share/ur_robot_driver/hook/ld_library_path_lib.dsv'
[4.065s] INFO:colcon.colcon_core.shell:Creating environment hook '/home/icrs/icrsUR/install/ur_robot_driver/share/ur_robot_driver/hook/ld_library_path_lib.sh'
[4.066s] Level 1:colcon.colcon_core.environment:checking '/home/icrs/icrsUR/install/ur_robot_driver/bin'
[4.066s] Level 1:colcon.colcon_core.shell:create_environment_hook('ur_robot_driver', 'path')
[4.066s] INFO:colcon.colcon_core.shell:Creating environment hook '/home/icrs/icrsUR/install/ur_robot_driver/share/ur_robot_driver/hook/path.ps1'
[4.067s] INFO:colcon.colcon_core.shell:Creating environment descriptor '/home/icrs/icrsUR/install/ur_robot_driver/share/ur_robot_driver/hook/path.dsv'
[4.067s] INFO:colcon.colcon_core.shell:Creating environment hook '/home/icrs/icrsUR/install/ur_robot_driver/share/ur_robot_driver/hook/path.sh'
[4.067s] Level 1:colcon.colcon_core.environment:checking '/home/icrs/icrsUR/install/ur_robot_driver/lib/pkgconfig/ur_robot_driver.pc'
[4.068s] Level 1:colcon.colcon_core.environment:checking '/home/icrs/icrsUR/install/ur_robot_driver/lib/python3.10/site-packages'
[4.068s] Level 1:colcon.colcon_core.environment:checking '/home/icrs/icrsUR/install/ur_robot_driver/bin'
[4.068s] Level 1:colcon.colcon_core.shell:create_environment_hook('ur_robot_driver', 'pythonscriptspath')
[4.068s] INFO:colcon.colcon_core.shell:Creating environment hook '/home/icrs/icrsUR/install/ur_robot_driver/share/ur_robot_driver/hook/pythonscriptspath.ps1'
[4.069s] INFO:colcon.colcon_core.shell:Creating environment descriptor '/home/icrs/icrsUR/install/ur_robot_driver/share/ur_robot_driver/hook/pythonscriptspath.dsv'
[4.069s] INFO:colcon.colcon_core.shell:Creating environment hook '/home/icrs/icrsUR/install/ur_robot_driver/share/ur_robot_driver/hook/pythonscriptspath.sh'
[4.070s] INFO:colcon.colcon_core.shell:Creating package script '/home/icrs/icrsUR/install/ur_robot_driver/share/ur_robot_driver/package.ps1'
[4.070s] INFO:colcon.colcon_core.shell:Creating package descriptor '/home/icrs/icrsUR/install/ur_robot_driver/share/ur_robot_driver/package.dsv'
[4.071s] INFO:colcon.colcon_core.shell:Creating package script '/home/icrs/icrsUR/install/ur_robot_driver/share/ur_robot_driver/package.sh'
[4.071s] INFO:colcon.colcon_core.shell:Creating package script '/home/icrs/icrsUR/install/ur_robot_driver/share/ur_robot_driver/package.bash'
[4.072s] INFO:colcon.colcon_core.shell:Creating package script '/home/icrs/icrsUR/install/ur_robot_driver/share/ur_robot_driver/package.zsh'
[4.072s] Level 1:colcon.colcon_core.environment:create_file_with_runtime_dependencies(/home/icrs/icrsUR/install/ur_robot_driver/share/colcon-core/packages/ur_robot_driver)
[4.117s] Level 1:colcon.colcon_core.environment:create_environment_scripts_only(ur_robot_driver)
[4.117s] Level 1:colcon.colcon_core.environment:checking '/home/icrs/icrsUR/install/ur_robot_driver' for CMake module files
[4.118s] Level 1:colcon.colcon_core.environment:checking '/home/icrs/icrsUR/install/ur_robot_driver' for CMake config files
[4.118s] Level 1:colcon.colcon_core.shell:create_environment_hook('ur_robot_driver', 'cmake_prefix_path')
[4.118s] INFO:colcon.colcon_core.shell:Creating environment hook '/home/icrs/icrsUR/install/ur_robot_driver/share/ur_robot_driver/hook/cmake_prefix_path.ps1'
[4.119s] INFO:colcon.colcon_core.shell:Creating environment descriptor '/home/icrs/icrsUR/install/ur_robot_driver/share/ur_robot_driver/hook/cmake_prefix_path.dsv'
[4.119s] INFO:colcon.colcon_core.shell:Creating environment hook '/home/icrs/icrsUR/install/ur_robot_driver/share/ur_robot_driver/hook/cmake_prefix_path.sh'
[4.120s] Level 1:colcon.colcon_core.environment:checking '/home/icrs/icrsUR/install/ur_robot_driver/lib'
[4.120s] Level 1:colcon.colcon_core.shell:create_environment_hook('ur_robot_driver', 'ld_library_path_lib')
[4.120s] INFO:colcon.colcon_core.shell:Creating environment hook '/home/icrs/icrsUR/install/ur_robot_driver/share/ur_robot_driver/hook/ld_library_path_lib.ps1'
[4.121s] INFO:colcon.colcon_core.shell:Creating environment descriptor '/home/icrs/icrsUR/install/ur_robot_driver/share/ur_robot_driver/hook/ld_library_path_lib.dsv'
[4.121s] INFO:colcon.colcon_core.shell:Creating environment hook '/home/icrs/icrsUR/install/ur_robot_driver/share/ur_robot_driver/hook/ld_library_path_lib.sh'
[4.122s] Level 1:colcon.colcon_core.environment:checking '/home/icrs/icrsUR/install/ur_robot_driver/bin'
[4.122s] Level 1:colcon.colcon_core.shell:create_environment_hook('ur_robot_driver', 'path')
[4.122s] INFO:colcon.colcon_core.shell:Creating environment hook '/home/icrs/icrsUR/install/ur_robot_driver/share/ur_robot_driver/hook/path.ps1'
[4.123s] INFO:colcon.colcon_core.shell:Creating environment descriptor '/home/icrs/icrsUR/install/ur_robot_driver/share/ur_robot_driver/hook/path.dsv'
[4.123s] INFO:colcon.colcon_core.shell:Creating environment hook '/home/icrs/icrsUR/install/ur_robot_driver/share/ur_robot_driver/hook/path.sh'
[4.124s] Level 1:colcon.colcon_core.environment:checking '/home/icrs/icrsUR/install/ur_robot_driver/lib/pkgconfig/ur_robot_driver.pc'
[4.124s] Level 1:colcon.colcon_core.environment:checking '/home/icrs/icrsUR/install/ur_robot_driver/lib/python3.10/site-packages'
[4.124s] Level 1:colcon.colcon_core.environment:checking '/home/icrs/icrsUR/install/ur_robot_driver/bin'
[4.124s] Level 1:colcon.colcon_core.shell:create_environment_hook('ur_robot_driver', 'pythonscriptspath')
[4.125s] INFO:colcon.colcon_core.shell:Creating environment hook '/home/icrs/icrsUR/install/ur_robot_driver/share/ur_robot_driver/hook/pythonscriptspath.ps1'
[4.125s] INFO:colcon.colcon_core.shell:Creating environment descriptor '/home/icrs/icrsUR/install/ur_robot_driver/share/ur_robot_driver/hook/pythonscriptspath.dsv'
[4.125s] INFO:colcon.colcon_core.shell:Creating environment hook '/home/icrs/icrsUR/install/ur_robot_driver/share/ur_robot_driver/hook/pythonscriptspath.sh'
[4.126s] INFO:colcon.colcon_core.shell:Creating package script '/home/icrs/icrsUR/install/ur_robot_driver/share/ur_robot_driver/package.ps1'
[4.128s] INFO:colcon.colcon_core.shell:Creating package descriptor '/home/icrs/icrsUR/install/ur_robot_driver/share/ur_robot_driver/package.dsv'
[4.131s] INFO:colcon.colcon_core.shell:Creating package script '/home/icrs/icrsUR/install/ur_robot_driver/share/ur_robot_driver/package.sh'
[4.132s] INFO:colcon.colcon_core.shell:Creating package script '/home/icrs/icrsUR/install/ur_robot_driver/share/ur_robot_driver/package.bash'
[4.133s] INFO:colcon.colcon_core.shell:Creating package script '/home/icrs/icrsUR/install/ur_robot_driver/share/ur_robot_driver/package.zsh'
[4.134s] Level 1:colcon.colcon_core.environment:create_file_with_runtime_dependencies(/home/icrs/icrsUR/install/ur_robot_driver/share/colcon-core/packages/ur_robot_driver)
[4.134s] INFO:colcon.colcon_ros.task.ament_cmake.build:Building ROS package in '/home/icrs/icrsUR/src/Universal_Robots_ROS2_Driver/ur_calibration' with build type 'ament_cmake'
[4.135s] INFO:colcon.colcon_cmake.task.cmake.build:Building CMake package in '/home/icrs/icrsUR/src/Universal_Robots_ROS2_Driver/ur_calibration'
[4.135s] INFO:colcon.colcon_core.shell:Skip shell extension 'powershell' for command environment: Not usable outside of PowerShell
[4.135s] DEBUG:colcon.colcon_core.shell:Skip shell extension 'dsv' for command environment
[4.153s] DEBUG:colcon.colcon_core.event_handler.log_command:Invoking command in '/home/icrs/icrsUR/build/ur_calibration': CMAKE_PREFIX_PATH=/home/icrs/icrsUR/install/ur_robot_driver:/home/icrs/icrsUR/install/ur_controllers:/home/icrs/icrsUR/install/ur_description:/home/icrs/icrsUR/install/ur_dashboard_msgs:/home/icrs/icrsUR/install/ur:/home/icrs/icrsUR/install/ur_calibration:/home/icrs/icrsUR/install/ur_mover:/home/icrs/icrsUR/install/ur_moveit_config:/home/icrs/icrsUR/install/ur_bringup:/home/icrs/icrsUR/install/ur_custom_interfaces:/home/icrs/icrsUR/install/service_ur5ik:/home/icrs/icrsUR/install/robotiq_description:/home/icrs/icrsUR/install/module_5_assignment:/home/icrs/icrsUR/install/module_3_assignment:/home/icrs/icrsUR/install/module_1_assignment:/home/icrs/icrsUR/install/module_10_assignment:/home/icrs/icrsUR/install/interfaces_ur5ik:/home/icrs/icrsUR/install/camera_control:/home/icrs/icrsUR/install/gripper_control:/opt/ros/humble /usr/bin/cmake --build /home/icrs/icrsUR/build/ur_calibration -- -j8 -l8
[4.272s] DEBUG:colcon.colcon_core.event_handler.log_command:Invoked command in '/home/icrs/icrsUR/build/ur_calibration' returned '0': CMAKE_PREFIX_PATH=/home/icrs/icrsUR/install/ur_robot_driver:/home/icrs/icrsUR/install/ur_controllers:/home/icrs/icrsUR/install/ur_description:/home/icrs/icrsUR/install/ur_dashboard_msgs:/home/icrs/icrsUR/install/ur:/home/icrs/icrsUR/install/ur_calibration:/home/icrs/icrsUR/install/ur_mover:/home/icrs/icrsUR/install/ur_moveit_config:/home/icrs/icrsUR/install/ur_bringup:/home/icrs/icrsUR/install/ur_custom_interfaces:/home/icrs/icrsUR/install/service_ur5ik:/home/icrs/icrsUR/install/robotiq_description:/home/icrs/icrsUR/install/module_5_assignment:/home/icrs/icrsUR/install/module_3_assignment:/home/icrs/icrsUR/install/module_1_assignment:/home/icrs/icrsUR/install/module_10_assignment:/home/icrs/icrsUR/install/interfaces_ur5ik:/home/icrs/icrsUR/install/camera_control:/home/icrs/icrsUR/install/gripper_control:/opt/ros/humble /usr/bin/cmake --build /home/icrs/icrsUR/build/ur_calibration -- -j8 -l8
[4.316s] DEBUG:colcon.colcon_core.event_handler.log_command:Invoking command in '/home/icrs/icrsUR/build/ur_calibration': CMAKE_PREFIX_PATH=/home/icrs/icrsUR/install/ur_robot_driver:/home/icrs/icrsUR/install/ur_controllers:/home/icrs/icrsUR/install/ur_description:/home/icrs/icrsUR/install/ur_dashboard_msgs:/home/icrs/icrsUR/install/ur:/home/icrs/icrsUR/install/ur_calibration:/home/icrs/icrsUR/install/ur_mover:/home/icrs/icrsUR/install/ur_moveit_config:/home/icrs/icrsUR/install/ur_bringup:/home/icrs/icrsUR/install/ur_custom_interfaces:/home/icrs/icrsUR/install/service_ur5ik:/home/icrs/icrsUR/install/robotiq_description:/home/icrs/icrsUR/install/module_5_assignment:/home/icrs/icrsUR/install/module_3_assignment:/home/icrs/icrsUR/install/module_1_assignment:/home/icrs/icrsUR/install/module_10_assignment:/home/icrs/icrsUR/install/interfaces_ur5ik:/home/icrs/icrsUR/install/camera_control:/home/icrs/icrsUR/install/gripper_control:/opt/ros/humble /usr/bin/cmake --install /home/icrs/icrsUR/build/ur_calibration
[4.342s] Level 1:colcon.colcon_core.environment:create_environment_scripts_only(ur_calibration)
[4.343s] DEBUG:colcon.colcon_core.event_handler.log_command:Invoked command in '/home/icrs/icrsUR/build/ur_calibration' returned '0': CMAKE_PREFIX_PATH=/home/icrs/icrsUR/install/ur_robot_driver:/home/icrs/icrsUR/install/ur_controllers:/home/icrs/icrsUR/install/ur_description:/home/icrs/icrsUR/install/ur_dashboard_msgs:/home/icrs/icrsUR/install/ur:/home/icrs/icrsUR/install/ur_calibration:/home/icrs/icrsUR/install/ur_mover:/home/icrs/icrsUR/install/ur_moveit_config:/home/icrs/icrsUR/install/ur_bringup:/home/icrs/icrsUR/install/ur_custom_interfaces:/home/icrs/icrsUR/install/service_ur5ik:/home/icrs/icrsUR/install/robotiq_description:/home/icrs/icrsUR/install/module_5_assignment:/home/icrs/icrsUR/install/module_3_assignment:/home/icrs/icrsUR/install/module_1_assignment:/home/icrs/icrsUR/install/module_10_assignment:/home/icrs/icrsUR/install/interfaces_ur5ik:/home/icrs/icrsUR/install/camera_control:/home/icrs/icrsUR/install/gripper_control:/opt/ros/humble /usr/bin/cmake --install /home/icrs/icrsUR/build/ur_calibration
[4.343s] Level 1:colcon.colcon_core.environment:checking '/home/icrs/icrsUR/install/ur_calibration' for CMake module files
[4.344s] Level 1:colcon.colcon_core.environment:checking '/home/icrs/icrsUR/install/ur_calibration' for CMake config files
[4.345s] Level 1:colcon.colcon_core.shell:create_environment_hook('ur_calibration', 'cmake_prefix_path')
[4.345s] INFO:colcon.colcon_core.shell:Creating environment hook '/home/icrs/icrsUR/install/ur_calibration/share/ur_calibration/hook/cmake_prefix_path.ps1'
[4.346s] INFO:colcon.colcon_core.shell:Creating environment descriptor '/home/icrs/icrsUR/install/ur_calibration/share/ur_calibration/hook/cmake_prefix_path.dsv'
[4.346s] INFO:colcon.colcon_core.shell:Creating environment hook '/home/icrs/icrsUR/install/ur_calibration/share/ur_calibration/hook/cmake_prefix_path.sh'
[4.347s] Level 1:colcon.colcon_core.environment:checking '/home/icrs/icrsUR/install/ur_calibration/lib'
[4.347s] Level 1:colcon.colcon_core.environment:checking '/home/icrs/icrsUR/install/ur_calibration/bin'
[4.347s] Level 1:colcon.colcon_core.environment:checking '/home/icrs/icrsUR/install/ur_calibration/lib/pkgconfig/ur_calibration.pc'
[4.348s] Level 1:colcon.colcon_core.environment:checking '/home/icrs/icrsUR/install/ur_calibration/lib/python3.10/site-packages'
[4.348s] Level 1:colcon.colcon_core.environment:checking '/home/icrs/icrsUR/install/ur_calibration/bin'
[4.349s] INFO:colcon.colcon_core.shell:Creating package script '/home/icrs/icrsUR/install/ur_calibration/share/ur_calibration/package.ps1'
[4.349s] INFO:colcon.colcon_core.shell:Creating package descriptor '/home/icrs/icrsUR/install/ur_calibration/share/ur_calibration/package.dsv'
[4.350s] INFO:colcon.colcon_core.shell:Creating package script '/home/icrs/icrsUR/install/ur_calibration/share/ur_calibration/package.sh'
[4.351s] INFO:colcon.colcon_core.shell:Creating package script '/home/icrs/icrsUR/install/ur_calibration/share/ur_calibration/package.bash'
[4.352s] INFO:colcon.colcon_core.shell:Creating package script '/home/icrs/icrsUR/install/ur_calibration/share/ur_calibration/package.zsh'
[4.354s] Level 1:colcon.colcon_core.environment:create_file_with_runtime_dependencies(/home/icrs/icrsUR/install/ur_calibration/share/colcon-core/packages/ur_calibration)
[4.392s] Level 1:colcon.colcon_core.environment:create_environment_scripts_only(ur_calibration)
[4.393s] Level 1:colcon.colcon_core.environment:checking '/home/icrs/icrsUR/install/ur_calibration' for CMake module files
[4.393s] Level 1:colcon.colcon_core.environment:checking '/home/icrs/icrsUR/install/ur_calibration' for CMake config files
[4.393s] Level 1:colcon.colcon_core.shell:create_environment_hook('ur_calibration', 'cmake_prefix_path')
[4.394s] INFO:colcon.colcon_core.shell:Creating environment hook '/home/icrs/icrsUR/install/ur_calibration/share/ur_calibration/hook/cmake_prefix_path.ps1'
[4.394s] INFO:colcon.colcon_core.shell:Creating environment descriptor '/home/icrs/icrsUR/install/ur_calibration/share/ur_calibration/hook/cmake_prefix_path.dsv'
[4.395s] INFO:colcon.colcon_core.shell:Creating environment hook '/home/icrs/icrsUR/install/ur_calibration/share/ur_calibration/hook/cmake_prefix_path.sh'
[4.396s] Level 1:colcon.colcon_core.environment:checking '/home/icrs/icrsUR/install/ur_calibration/lib'
[4.396s] Level 1:colcon.colcon_core.environment:checking '/home/icrs/icrsUR/install/ur_calibration/bin'
[4.396s] Level 1:colcon.colcon_core.environment:checking '/home/icrs/icrsUR/install/ur_calibration/lib/pkgconfig/ur_calibration.pc'
[4.396s] Level 1:colcon.colcon_core.environment:checking '/home/icrs/icrsUR/install/ur_calibration/lib/python3.10/site-packages'
[4.396s] Level 1:colcon.colcon_core.environment:checking '/home/icrs/icrsUR/install/ur_calibration/bin'
[4.397s] INFO:colcon.colcon_core.shell:Creating package script '/home/icrs/icrsUR/install/ur_calibration/share/ur_calibration/package.ps1'
[4.397s] INFO:colcon.colcon_core.shell:Creating package descriptor '/home/icrs/icrsUR/install/ur_calibration/share/ur_calibration/package.dsv'
[4.398s] INFO:colcon.colcon_core.shell:Creating package script '/home/icrs/icrsUR/install/ur_calibration/share/ur_calibration/package.sh'
[4.398s] INFO:colcon.colcon_core.shell:Creating package script '/home/icrs/icrsUR/install/ur_calibration/share/ur_calibration/package.bash'
[4.399s] INFO:colcon.colcon_core.shell:Creating package script '/home/icrs/icrsUR/install/ur_calibration/share/ur_calibration/package.zsh'
[4.399s] Level 1:colcon.colcon_core.environment:create_file_with_runtime_dependencies(/home/icrs/icrsUR/install/ur_calibration/share/colcon-core/packages/ur_calibration)
[4.399s] INFO:colcon.colcon_ros.task.ament_cmake.build:Building ROS package in '/home/icrs/icrsUR/src/Universal_Robots_ROS2_Driver/ur' with build type 'ament_cmake'
[4.400s] INFO:colcon.colcon_cmake.task.cmake.build:Building CMake package in '/home/icrs/icrsUR/src/Universal_Robots_ROS2_Driver/ur'
[4.400s] INFO:colcon.colcon_core.shell:Skip shell extension 'powershell' for command environment: Not usable outside of PowerShell
[4.400s] DEBUG:colcon.colcon_core.shell:Skip shell extension 'dsv' for command environment
[4.421s] DEBUG:colcon.colcon_core.event_handler.log_command:Invoking command in '/home/icrs/icrsUR/build/ur': CMAKE_PREFIX_PATH=/home/icrs/icrsUR/install/ur_calibration:/home/icrs/icrsUR/install/ur_robot_driver:/home/icrs/icrsUR/install/ur_moveit_config:/home/icrs/icrsUR/install/ur_controllers:/home/icrs/icrsUR/install/ur_description:/home/icrs/icrsUR/install/ur_dashboard_msgs:/home/icrs/icrsUR/install/ur:/home/icrs/icrsUR/install/ur_mover:/home/icrs/icrsUR/install/ur_bringup:/home/icrs/icrsUR/install/ur_custom_interfaces:/home/icrs/icrsUR/install/service_ur5ik:/home/icrs/icrsUR/install/robotiq_description:/home/icrs/icrsUR/install/module_5_assignment:/home/icrs/icrsUR/install/module_3_assignment:/home/icrs/icrsUR/install/module_1_assignment:/home/icrs/icrsUR/install/module_10_assignment:/home/icrs/icrsUR/install/interfaces_ur5ik:/home/icrs/icrsUR/install/camera_control:/home/icrs/icrsUR/install/gripper_control:/opt/ros/humble /usr/bin/cmake --build /home/icrs/icrsUR/build/ur -- -j8 -l8
[4.458s] DEBUG:colcon.colcon_core.event_handler.log_command:Invoked command in '/home/icrs/icrsUR/build/ur' returned '0': CMAKE_PREFIX_PATH=/home/icrs/icrsUR/install/ur_calibration:/home/icrs/icrsUR/install/ur_robot_driver:/home/icrs/icrsUR/install/ur_moveit_config:/home/icrs/icrsUR/install/ur_controllers:/home/icrs/icrsUR/install/ur_description:/home/icrs/icrsUR/install/ur_dashboard_msgs:/home/icrs/icrsUR/install/ur:/home/icrs/icrsUR/install/ur_mover:/home/icrs/icrsUR/install/ur_bringup:/home/icrs/icrsUR/install/ur_custom_interfaces:/home/icrs/icrsUR/install/service_ur5ik:/home/icrs/icrsUR/install/robotiq_description:/home/icrs/icrsUR/install/module_5_assignment:/home/icrs/icrsUR/install/module_3_assignment:/home/icrs/icrsUR/install/module_1_assignment:/home/icrs/icrsUR/install/module_10_assignment:/home/icrs/icrsUR/install/interfaces_ur5ik:/home/icrs/icrsUR/install/camera_control:/home/icrs/icrsUR/install/gripper_control:/opt/ros/humble /usr/bin/cmake --build /home/icrs/icrsUR/build/ur -- -j8 -l8
[4.481s] DEBUG:colcon.colcon_core.event_handler.log_command:Invoking command in '/home/icrs/icrsUR/build/ur': CMAKE_PREFIX_PATH=/home/icrs/icrsUR/install/ur_calibration:/home/icrs/icrsUR/install/ur_robot_driver:/home/icrs/icrsUR/install/ur_moveit_config:/home/icrs/icrsUR/install/ur_controllers:/home/icrs/icrsUR/install/ur_description:/home/icrs/icrsUR/install/ur_dashboard_msgs:/home/icrs/icrsUR/install/ur:/home/icrs/icrsUR/install/ur_mover:/home/icrs/icrsUR/install/ur_bringup:/home/icrs/icrsUR/install/ur_custom_interfaces:/home/icrs/icrsUR/install/service_ur5ik:/home/icrs/icrsUR/install/robotiq_description:/home/icrs/icrsUR/install/module_5_assignment:/home/icrs/icrsUR/install/module_3_assignment:/home/icrs/icrsUR/install/module_1_assignment:/home/icrs/icrsUR/install/module_10_assignment:/home/icrs/icrsUR/install/interfaces_ur5ik:/home/icrs/icrsUR/install/camera_control:/home/icrs/icrsUR/install/gripper_control:/opt/ros/humble /usr/bin/cmake --install /home/icrs/icrsUR/build/ur
[4.501s] Level 1:colcon.colcon_core.environment:create_environment_scripts_only(ur)
[4.502s] Level 1:colcon.colcon_core.environment:checking '/home/icrs/icrsUR/install/ur' for CMake module files
[4.503s] DEBUG:colcon.colcon_core.event_handler.log_command:Invoked command in '/home/icrs/icrsUR/build/ur' returned '0': CMAKE_PREFIX_PATH=/home/icrs/icrsUR/install/ur_calibration:/home/icrs/icrsUR/install/ur_robot_driver:/home/icrs/icrsUR/install/ur_moveit_config:/home/icrs/icrsUR/install/ur_controllers:/home/icrs/icrsUR/install/ur_description:/home/icrs/icrsUR/install/ur_dashboard_msgs:/home/icrs/icrsUR/install/ur:/home/icrs/icrsUR/install/ur_mover:/home/icrs/icrsUR/install/ur_bringup:/home/icrs/icrsUR/install/ur_custom_interfaces:/home/icrs/icrsUR/install/service_ur5ik:/home/icrs/icrsUR/install/robotiq_description:/home/icrs/icrsUR/install/module_5_assignment:/home/icrs/icrsUR/install/module_3_assignment:/home/icrs/icrsUR/install/module_1_assignment:/home/icrs/icrsUR/install/module_10_assignment:/home/icrs/icrsUR/install/interfaces_ur5ik:/home/icrs/icrsUR/install/camera_control:/home/icrs/icrsUR/install/gripper_control:/opt/ros/humble /usr/bin/cmake --install /home/icrs/icrsUR/build/ur
[4.503s] Level 1:colcon.colcon_core.environment:checking '/home/icrs/icrsUR/install/ur' for CMake config files
[4.503s] Level 1:colcon.colcon_core.shell:create_environment_hook('ur', 'cmake_prefix_path')
[4.504s] INFO:colcon.colcon_core.shell:Creating environment hook '/home/icrs/icrsUR/install/ur/share/ur/hook/cmake_prefix_path.ps1'
[4.504s] INFO:colcon.colcon_core.shell:Creating environment descriptor '/home/icrs/icrsUR/install/ur/share/ur/hook/cmake_prefix_path.dsv'
[4.505s] INFO:colcon.colcon_core.shell:Creating environment hook '/home/icrs/icrsUR/install/ur/share/ur/hook/cmake_prefix_path.sh'
[4.505s] Level 1:colcon.colcon_core.environment:checking '/home/icrs/icrsUR/install/ur/bin'
[4.505s] Level 1:colcon.colcon_core.environment:checking '/home/icrs/icrsUR/install/ur/lib/pkgconfig/ur.pc'
[4.505s] Level 1:colcon.colcon_core.environment:checking '/home/icrs/icrsUR/install/ur/lib/python3.10/site-packages'
[4.506s] Level 1:colcon.colcon_core.environment:checking '/home/icrs/icrsUR/install/ur/bin'
[4.506s] INFO:colcon.colcon_core.shell:Creating package script '/home/icrs/icrsUR/install/ur/share/ur/package.ps1'
[4.506s] INFO:colcon.colcon_core.shell:Creating package descriptor '/home/icrs/icrsUR/install/ur/share/ur/package.dsv'
[4.507s] INFO:colcon.colcon_core.shell:Creating package script '/home/icrs/icrsUR/install/ur/share/ur/package.sh'
[4.507s] INFO:colcon.colcon_core.shell:Creating package script '/home/icrs/icrsUR/install/ur/share/ur/package.bash'
[4.508s] INFO:colcon.colcon_core.shell:Creating package script '/home/icrs/icrsUR/install/ur/share/ur/package.zsh'
[4.508s] Level 1:colcon.colcon_core.environment:create_file_with_runtime_dependencies(/home/icrs/icrsUR/install/ur/share/colcon-core/packages/ur)
[4.533s] Level 1:colcon.colcon_core.environment:create_environment_scripts_only(ur)
[4.533s] Level 1:colcon.colcon_core.environment:checking '/home/icrs/icrsUR/install/ur' for CMake module files
[4.534s] Level 1:colcon.colcon_core.environment:checking '/home/icrs/icrsUR/install/ur' for CMake config files
[4.534s] Level 1:colcon.colcon_core.shell:create_environment_hook('ur', 'cmake_prefix_path')
[4.534s] INFO:colcon.colcon_core.shell:Creating environment hook '/home/icrs/icrsUR/install/ur/share/ur/hook/cmake_prefix_path.ps1'
[4.535s] INFO:colcon.colcon_core.shell:Creating environment descriptor '/home/icrs/icrsUR/install/ur/share/ur/hook/cmake_prefix_path.dsv'
[4.535s] INFO:colcon.colcon_core.shell:Creating environment hook '/home/icrs/icrsUR/install/ur/share/ur/hook/cmake_prefix_path.sh'
[4.535s] Level 1:colcon.colcon_core.environment:checking '/home/icrs/icrsUR/install/ur/bin'
[4.535s] Level 1:colcon.colcon_core.environment:checking '/home/icrs/icrsUR/install/ur/lib/pkgconfig/ur.pc'
[4.536s] Level 1:colcon.colcon_core.environment:checking '/home/icrs/icrsUR/install/ur/lib/python3.10/site-packages'
[4.536s] Level 1:colcon.colcon_core.environment:checking '/home/icrs/icrsUR/install/ur/bin'
[4.536s] INFO:colcon.colcon_core.shell:Creating package script '/home/icrs/icrsUR/install/ur/share/ur/package.ps1'
[4.537s] INFO:colcon.colcon_core.shell:Creating package descriptor '/home/icrs/icrsUR/install/ur/share/ur/package.dsv'
[4.537s] INFO:colcon.colcon_core.shell:Creating package script '/home/icrs/icrsUR/install/ur/share/ur/package.sh'
[4.538s] INFO:colcon.colcon_core.shell:Creating package script '/home/icrs/icrsUR/install/ur/share/ur/package.bash'
[4.538s] INFO:colcon.colcon_core.shell:Creating package script '/home/icrs/icrsUR/install/ur/share/ur/package.zsh'
[4.539s] Level 1:colcon.colcon_core.environment:create_file_with_runtime_dependencies(/home/icrs/icrsUR/install/ur/share/colcon-core/packages/ur)
[9.078s] DEBUG:colcon.colcon_core.event_handler.log_command:Invoked command in '/home/icrs/icrsUR/build/service_ur5ik' returned '0': CMAKE_PREFIX_PATH=/home/icrs/icrsUR/install/interfaces_ur5ik:/home/icrs/icrsUR/install/ur:/home/icrs/icrsUR/install/ur_calibration:/home/icrs/icrsUR/install/ur_robot_driver:/home/icrs/icrsUR/install/ur_mover:/home/icrs/icrsUR/install/ur_moveit_config:/home/icrs/icrsUR/install/ur_bringup:/home/icrs/icrsUR/install/ur_description:/home/icrs/icrsUR/install/ur_controllers:/home/icrs/icrsUR/install/ur_dashboard_msgs:/home/icrs/icrsUR/install/ur_custom_interfaces:/home/icrs/icrsUR/install/service_ur5ik:/home/icrs/icrsUR/install/robotiq_description:/home/icrs/icrsUR/install/module_5_assignment:/home/icrs/icrsUR/install/module_3_assignment:/home/icrs/icrsUR/install/module_1_assignment:/home/icrs/icrsUR/install/module_10_assignment:/home/icrs/icrsUR/install/camera_control:/home/icrs/icrsUR/install/gripper_control:/opt/ros/humble LD_LIBRARY_PATH=/home/icrs/icrsUR/install/interfaces_ur5ik/lib:/home/icrs/icrsUR/install/ur_robot_driver/lib:/home/icrs/icrsUR/install/ur_controllers/lib:/home/icrs/icrsUR/install/ur_dashboard_msgs/lib:/home/icrs/icrsUR/install/ur_custom_interfaces/lib:/usr/local/cuda-11.8/lib64:/opt/ros/humble/opt/rviz_ogre_vendor/lib:/opt/ros/humble/lib/x86_64-linux-gnu:/opt/ros/humble/lib /usr/bin/cmake --build /home/icrs/icrsUR/build/service_ur5ik -- -j8 -l8
[9.106s] DEBUG:colcon.colcon_core.event_handler.log_command:Invoking command in '/home/icrs/icrsUR/build/service_ur5ik': CMAKE_PREFIX_PATH=/home/icrs/icrsUR/install/interfaces_ur5ik:/home/icrs/icrsUR/install/ur:/home/icrs/icrsUR/install/ur_calibration:/home/icrs/icrsUR/install/ur_robot_driver:/home/icrs/icrsUR/install/ur_mover:/home/icrs/icrsUR/install/ur_moveit_config:/home/icrs/icrsUR/install/ur_bringup:/home/icrs/icrsUR/install/ur_description:/home/icrs/icrsUR/install/ur_controllers:/home/icrs/icrsUR/install/ur_dashboard_msgs:/home/icrs/icrsUR/install/ur_custom_interfaces:/home/icrs/icrsUR/install/service_ur5ik:/home/icrs/icrsUR/install/robotiq_description:/home/icrs/icrsUR/install/module_5_assignment:/home/icrs/icrsUR/install/module_3_assignment:/home/icrs/icrsUR/install/module_1_assignment:/home/icrs/icrsUR/install/module_10_assignment:/home/icrs/icrsUR/install/camera_control:/home/icrs/icrsUR/install/gripper_control:/opt/ros/humble LD_LIBRARY_PATH=/home/icrs/icrsUR/install/interfaces_ur5ik/lib:/home/icrs/icrsUR/install/ur_robot_driver/lib:/home/icrs/icrsUR/install/ur_controllers/lib:/home/icrs/icrsUR/install/ur_dashboard_msgs/lib:/home/icrs/icrsUR/install/ur_custom_interfaces/lib:/usr/local/cuda-11.8/lib64:/opt/ros/humble/opt/rviz_ogre_vendor/lib:/opt/ros/humble/lib/x86_64-linux-gnu:/opt/ros/humble/lib /usr/bin/cmake --install /home/icrs/icrsUR/build/service_ur5ik
[9.170s] Level 1:colcon.colcon_core.environment:create_environment_scripts_only(service_ur5ik)
[9.170s] Level 1:colcon.colcon_core.environment:checking '/home/icrs/icrsUR/install/service_ur5ik' for CMake module files
[9.170s] DEBUG:colcon.colcon_core.event_handler.log_command:Invoked command in '/home/icrs/icrsUR/build/service_ur5ik' returned '0': CMAKE_PREFIX_PATH=/home/icrs/icrsUR/install/interfaces_ur5ik:/home/icrs/icrsUR/install/ur:/home/icrs/icrsUR/install/ur_calibration:/home/icrs/icrsUR/install/ur_robot_driver:/home/icrs/icrsUR/install/ur_mover:/home/icrs/icrsUR/install/ur_moveit_config:/home/icrs/icrsUR/install/ur_bringup:/home/icrs/icrsUR/install/ur_description:/home/icrs/icrsUR/install/ur_controllers:/home/icrs/icrsUR/install/ur_dashboard_msgs:/home/icrs/icrsUR/install/ur_custom_interfaces:/home/icrs/icrsUR/install/service_ur5ik:/home/icrs/icrsUR/install/robotiq_description:/home/icrs/icrsUR/install/module_5_assignment:/home/icrs/icrsUR/install/module_3_assignment:/home/icrs/icrsUR/install/module_1_assignment:/home/icrs/icrsUR/install/module_10_assignment:/home/icrs/icrsUR/install/camera_control:/home/icrs/icrsUR/install/gripper_control:/opt/ros/humble LD_LIBRARY_PATH=/home/icrs/icrsUR/install/interfaces_ur5ik/lib:/home/icrs/icrsUR/install/ur_robot_driver/lib:/home/icrs/icrsUR/install/ur_controllers/lib:/home/icrs/icrsUR/install/ur_dashboard_msgs/lib:/home/icrs/icrsUR/install/ur_custom_interfaces/lib:/usr/local/cuda-11.8/lib64:/opt/ros/humble/opt/rviz_ogre_vendor/lib:/opt/ros/humble/lib/x86_64-linux-gnu:/opt/ros/humble/lib /usr/bin/cmake --install /home/icrs/icrsUR/build/service_ur5ik
[9.171s] Level 1:colcon.colcon_core.environment:checking '/home/icrs/icrsUR/install/service_ur5ik' for CMake config files
[9.171s] Level 1:colcon.colcon_core.shell:create_environment_hook('service_ur5ik', 'cmake_prefix_path')
[9.171s] INFO:colcon.colcon_core.shell:Creating environment hook '/home/icrs/icrsUR/install/service_ur5ik/share/service_ur5ik/hook/cmake_prefix_path.ps1'
[9.172s] INFO:colcon.colcon_core.shell:Creating environment descriptor '/home/icrs/icrsUR/install/service_ur5ik/share/service_ur5ik/hook/cmake_prefix_path.dsv'
[9.172s] INFO:colcon.colcon_core.shell:Creating environment hook '/home/icrs/icrsUR/install/service_ur5ik/share/service_ur5ik/hook/cmake_prefix_path.sh'
[9.173s] Level 1:colcon.colcon_core.environment:checking '/home/icrs/icrsUR/install/service_ur5ik/lib'
[9.173s] Level 1:colcon.colcon_core.environment:checking '/home/icrs/icrsUR/install/service_ur5ik/bin'
[9.173s] Level 1:colcon.colcon_core.environment:checking '/home/icrs/icrsUR/install/service_ur5ik/lib/pkgconfig/service_ur5ik.pc'
[9.173s] Level 1:colcon.colcon_core.environment:checking '/home/icrs/icrsUR/install/service_ur5ik/lib/python3.10/site-packages'
[9.173s] Level 1:colcon.colcon_core.environment:checking '/home/icrs/icrsUR/install/service_ur5ik/bin'
[9.174s] INFO:colcon.colcon_core.shell:Creating package script '/home/icrs/icrsUR/install/service_ur5ik/share/service_ur5ik/package.ps1'
[9.174s] INFO:colcon.colcon_core.shell:Creating package descriptor '/home/icrs/icrsUR/install/service_ur5ik/share/service_ur5ik/package.dsv'
[9.174s] INFO:colcon.colcon_core.shell:Creating package script '/home/icrs/icrsUR/install/service_ur5ik/share/service_ur5ik/package.sh'
[9.175s] INFO:colcon.colcon_core.shell:Creating package script '/home/icrs/icrsUR/install/service_ur5ik/share/service_ur5ik/package.bash'
[9.175s] INFO:colcon.colcon_core.shell:Creating package script '/home/icrs/icrsUR/install/service_ur5ik/share/service_ur5ik/package.zsh'
[9.175s] Level 1:colcon.colcon_core.environment:create_file_with_runtime_dependencies(/home/icrs/icrsUR/install/service_ur5ik/share/colcon-core/packages/service_ur5ik)
[9.202s] Level 1:colcon.colcon_core.environment:create_environment_scripts_only(service_ur5ik)
[9.202s] Level 1:colcon.colcon_core.environment:checking '/home/icrs/icrsUR/install/service_ur5ik' for CMake module files
[9.202s] Level 1:colcon.colcon_core.environment:checking '/home/icrs/icrsUR/install/service_ur5ik' for CMake config files
[9.203s] Level 1:colcon.colcon_core.shell:create_environment_hook('service_ur5ik', 'cmake_prefix_path')
[9.203s] INFO:colcon.colcon_core.shell:Creating environment hook '/home/icrs/icrsUR/install/service_ur5ik/share/service_ur5ik/hook/cmake_prefix_path.ps1'
[9.203s] INFO:colcon.colcon_core.shell:Creating environment descriptor '/home/icrs/icrsUR/install/service_ur5ik/share/service_ur5ik/hook/cmake_prefix_path.dsv'
[9.204s] INFO:colcon.colcon_core.shell:Creating environment hook '/home/icrs/icrsUR/install/service_ur5ik/share/service_ur5ik/hook/cmake_prefix_path.sh'
[9.204s] Level 1:colcon.colcon_core.environment:checking '/home/icrs/icrsUR/install/service_ur5ik/lib'
[9.204s] Level 1:colcon.colcon_core.environment:checking '/home/icrs/icrsUR/install/service_ur5ik/bin'
[9.204s] Level 1:colcon.colcon_core.environment:checking '/home/icrs/icrsUR/install/service_ur5ik/lib/pkgconfig/service_ur5ik.pc'
[9.205s] Level 1:colcon.colcon_core.environment:checking '/home/icrs/icrsUR/install/service_ur5ik/lib/python3.10/site-packages'
[9.205s] Level 1:colcon.colcon_core.environment:checking '/home/icrs/icrsUR/install/service_ur5ik/bin'
[9.205s] INFO:colcon.colcon_core.shell:Creating package script '/home/icrs/icrsUR/install/service_ur5ik/share/service_ur5ik/package.ps1'
[9.206s] INFO:colcon.colcon_core.shell:Creating package descriptor '/home/icrs/icrsUR/install/service_ur5ik/share/service_ur5ik/package.dsv'
[9.206s] INFO:colcon.colcon_core.shell:Creating package script '/home/icrs/icrsUR/install/service_ur5ik/share/service_ur5ik/package.sh'
[9.206s] INFO:colcon.colcon_core.shell:Creating package script '/home/icrs/icrsUR/install/service_ur5ik/share/service_ur5ik/package.bash'
[9.207s] INFO:colcon.colcon_core.shell:Creating package script '/home/icrs/icrsUR/install/service_ur5ik/share/service_ur5ik/package.zsh'
[9.207s] Level 1:colcon.colcon_core.environment:create_file_with_runtime_dependencies(/home/icrs/icrsUR/install/service_ur5ik/share/colcon-core/packages/service_ur5ik)
[9.207s] DEBUG:colcon.colcon_parallel_executor.executor.parallel:closing loop
[9.208s] DEBUG:colcon.colcon_parallel_executor.executor.parallel:loop closed
[9.208s] DEBUG:colcon.colcon_parallel_executor.executor.parallel:run_until_complete finished with '0'
[9.208s] DEBUG:colcon.colcon_core.event_reactor:joining thread
[9.214s] INFO:colcon.colcon_core.plugin_system:Skipping extension 'colcon_notification.desktop_notification.terminal_notifier': Not used on non-Darwin systems
[9.214s] INFO:colcon.colcon_core.plugin_system:Skipping extension 'colcon_notification.desktop_notification.win32': Not used on non-Windows systems
[9.214s] INFO:colcon.colcon_notification.desktop_notification:Sending desktop notification using 'notify2'
[9.226s] DEBUG:colcon.colcon_core.event_reactor:joined thread
[9.227s] INFO:colcon.colcon_core.shell:Creating prefix script '/home/icrs/icrsUR/install/local_setup.ps1'
[9.228s] INFO:colcon.colcon_core.shell:Creating prefix util module '/home/icrs/icrsUR/install/_local_setup_util_ps1.py'
[9.229s] INFO:colcon.colcon_core.shell:Creating prefix chain script '/home/icrs/icrsUR/install/setup.ps1'
[9.233s] INFO:colcon.colcon_core.shell:Creating prefix script '/home/icrs/icrsUR/install/local_setup.sh'
[9.234s] INFO:colcon.colcon_core.shell:Creating prefix util module '/home/icrs/icrsUR/install/_local_setup_util_sh.py'
[9.234s] INFO:colcon.colcon_core.shell:Creating prefix chain script '/home/icrs/icrsUR/install/setup.sh'
[9.236s] INFO:colcon.colcon_core.shell:Creating prefix script '/home/icrs/icrsUR/install/local_setup.bash'
[9.236s] INFO:colcon.colcon_core.shell:Creating prefix chain script '/home/icrs/icrsUR/install/setup.bash'
[9.238s] INFO:colcon.colcon_core.shell:Creating prefix script '/home/icrs/icrsUR/install/local_setup.zsh'
[9.238s] INFO:colcon.colcon_core.shell:Creating prefix chain script '/home/icrs/icrsUR/install/setup.zsh'
