[0.109s] DEBUG:colcon:Command line arguments: ['/usr/bin/colcon', 'build', '--symlink-install']
[0.109s] DEBUG:colcon:Parsed command line arguments: Namespace(log_base=None, log_level=None, verb_name='build', build_base='build', install_base='install', merge_install=False, symlink_install=True, test_result_base=None, continue_on_error=False, executor='parallel', parallel_workers=8, event_handlers=None, ignore_user_meta=False, metas=['./colcon.meta'], base_paths=['.'], packages_ignore=None, packages_ignore_regex=None, paths=None, packages_up_to=None, packages_up_to_regex=None, packages_above=None, packages_above_and_dependencies=None, packages_above_depth=None, packages_select_by_dep=None, packages_skip_by_dep=None, packages_skip_up_to=None, packages_select_build_failed=False, packages_skip_build_finished=False, packages_select_test_failures=False, packages_skip_test_passed=False, packages_select=None, packages_skip=None, packages_select_regex=None, packages_skip_regex=None, packages_start=None, packages_end=None, allow_overriding=[], cmake_args=None, cmake_target=None, cmake_target_skip_unavailable=False, cmake_clean_cache=False, cmake_clean_first=False, cmake_force_configure=False, ament_cmake_args=None, catkin_cmake_args=None, catkin_skip_building_tests=False, mixin_files=None, mixin=None, verb_parser=<colcon_mixin.mixin.mixin_argument.MixinArgumentDecorator object at 0x74c6ecf52c20>, verb_extension=<colcon_core.verb.build.BuildVerb object at 0x74c6ecf52590>, main=<bound method BuildVerb.main of <colcon_core.verb.build.BuildVerb object at 0x74c6ecf52590>>, mixin_verb=('build',))
[0.267s] Level 1:colcon.colcon_core.package_discovery:discover_packages(colcon_meta) check parameters
[0.268s] Level 1:colcon.colcon_core.package_discovery:discover_packages(recursive) check parameters
[0.268s] Level 1:colcon.colcon_core.package_discovery:discover_packages(ignore) check parameters
[0.268s] Level 1:colcon.colcon_core.package_discovery:discover_packages(path) check parameters
[0.268s] Level 1:colcon.colcon_core.package_discovery:discover_packages(colcon_meta) discover
[0.268s] Level 1:colcon.colcon_core.package_discovery:discover_packages(recursive) discover
[0.268s] INFO:colcon.colcon_core.package_discovery:Crawling recursively for packages in '/home/icrs/icrsUR'
[0.268s] Level 1:colcon.colcon_core.package_identification:_identify(.) by extensions ['ignore', 'ignore_ament_install']
[0.268s] Level 1:colcon.colcon_core.package_identification:_identify(.) by extension 'ignore'
[0.268s] Level 1:colcon.colcon_core.package_identification:_identify(.) by extension 'ignore_ament_install'
[0.268s] Level 1:colcon.colcon_core.package_identification:_identify(.) by extensions ['colcon_pkg']
[0.268s] Level 1:colcon.colcon_core.package_identification:_identify(.) by extension 'colcon_pkg'
[0.268s] Level 1:colcon.colcon_core.package_identification:_identify(.) by extensions ['colcon_meta']
[0.268s] Level 1:colcon.colcon_core.package_identification:_identify(.) by extension 'colcon_meta'
[0.268s] Level 1:colcon.colcon_core.package_identification:_identify(.) by extensions ['ros']
[0.268s] Level 1:colcon.colcon_core.package_identification:_identify(.) by extension 'ros'
[0.278s] Level 1:colcon.colcon_core.package_identification:_identify(.) by extensions ['cmake', 'python']
[0.278s] Level 1:colcon.colcon_core.package_identification:_identify(.) by extension 'cmake'
[0.278s] Level 1:colcon.colcon_core.package_identification:_identify(.) by extension 'python'
[0.278s] Level 1:colcon.colcon_core.package_identification:_identify(.) by extensions ['python_setup_py']
[0.278s] Level 1:colcon.colcon_core.package_identification:_identify(.) by extension 'python_setup_py'
[0.278s] Level 1:colcon.colcon_core.package_identification:_identify(build) by extensions ['ignore', 'ignore_ament_install']
[0.278s] Level 1:colcon.colcon_core.package_identification:_identify(build) by extension 'ignore'
[0.278s] Level 1:colcon.colcon_core.package_identification:_identify(build) ignored
[0.278s] Level 1:colcon.colcon_core.package_identification:_identify(install) by extensions ['ignore', 'ignore_ament_install']
[0.278s] Level 1:colcon.colcon_core.package_identification:_identify(install) by extension 'ignore'
[0.278s] Level 1:colcon.colcon_core.package_identification:_identify(install) ignored
[0.278s] Level 1:colcon.colcon_core.package_identification:_identify(log) by extensions ['ignore', 'ignore_ament_install']
[0.278s] Level 1:colcon.colcon_core.package_identification:_identify(log) by extension 'ignore'
[0.279s] Level 1:colcon.colcon_core.package_identification:_identify(log) ignored
[0.279s] Level 1:colcon.colcon_core.package_identification:_identify(src) by extensions ['ignore', 'ignore_ament_install']
[0.279s] Level 1:colcon.colcon_core.package_identification:_identify(src) by extension 'ignore'
[0.279s] Level 1:colcon.colcon_core.package_identification:_identify(src) by extension 'ignore_ament_install'
[0.279s] Level 1:colcon.colcon_core.package_identification:_identify(src) by extensions ['colcon_pkg']
[0.279s] Level 1:colcon.colcon_core.package_identification:_identify(src) by extension 'colcon_pkg'
[0.279s] Level 1:colcon.colcon_core.package_identification:_identify(src) by extensions ['colcon_meta']
[0.279s] Level 1:colcon.colcon_core.package_identification:_identify(src) by extension 'colcon_meta'
[0.279s] Level 1:colcon.colcon_core.package_identification:_identify(src) by extensions ['ros']
[0.279s] Level 1:colcon.colcon_core.package_identification:_identify(src) by extension 'ros'
[0.279s] Level 1:colcon.colcon_core.package_identification:_identify(src) by extensions ['cmake', 'python']
[0.279s] Level 1:colcon.colcon_core.package_identification:_identify(src) by extension 'cmake'
[0.279s] Level 1:colcon.colcon_core.package_identification:_identify(src) by extension 'python'
[0.279s] Level 1:colcon.colcon_core.package_identification:_identify(src) by extensions ['python_setup_py']
[0.279s] Level 1:colcon.colcon_core.package_identification:_identify(src) by extension 'python_setup_py'
[0.279s] Level 1:colcon.colcon_core.package_identification:_identify(src/Universal_Robots_ROS2_Description) by extensions ['ignore', 'ignore_ament_install']
[0.279s] Level 1:colcon.colcon_core.package_identification:_identify(src/Universal_Robots_ROS2_Description) by extension 'ignore'
[0.279s] Level 1:colcon.colcon_core.package_identification:_identify(src/Universal_Robots_ROS2_Description) by extension 'ignore_ament_install'
[0.279s] Level 1:colcon.colcon_core.package_identification:_identify(src/Universal_Robots_ROS2_Description) by extensions ['colcon_pkg']
[0.279s] Level 1:colcon.colcon_core.package_identification:_identify(src/Universal_Robots_ROS2_Description) by extension 'colcon_pkg'
[0.279s] Level 1:colcon.colcon_core.package_identification:_identify(src/Universal_Robots_ROS2_Description) by extensions ['colcon_meta']
[0.279s] Level 1:colcon.colcon_core.package_identification:_identify(src/Universal_Robots_ROS2_Description) by extension 'colcon_meta'
[0.280s] Level 1:colcon.colcon_core.package_identification:_identify(src/Universal_Robots_ROS2_Description) by extensions ['ros']
[0.280s] Level 1:colcon.colcon_core.package_identification:_identify(src/Universal_Robots_ROS2_Description) by extension 'ros'
[0.282s] DEBUG:colcon.colcon_core.package_identification:Package 'src/Universal_Robots_ROS2_Description' with type 'ros.ament_cmake' and name 'ur_description'
[0.282s] Level 1:colcon.colcon_core.package_identification:_identify(src/Universal_Robots_ROS2_Driver) by extensions ['ignore', 'ignore_ament_install']
[0.282s] Level 1:colcon.colcon_core.package_identification:_identify(src/Universal_Robots_ROS2_Driver) by extension 'ignore'
[0.282s] Level 1:colcon.colcon_core.package_identification:_identify(src/Universal_Robots_ROS2_Driver) by extension 'ignore_ament_install'
[0.283s] Level 1:colcon.colcon_core.package_identification:_identify(src/Universal_Robots_ROS2_Driver) by extensions ['colcon_pkg']
[0.283s] Level 1:colcon.colcon_core.package_identification:_identify(src/Universal_Robots_ROS2_Driver) by extension 'colcon_pkg'
[0.283s] Level 1:colcon.colcon_core.package_identification:_identify(src/Universal_Robots_ROS2_Driver) by extensions ['colcon_meta']
[0.283s] Level 1:colcon.colcon_core.package_identification:_identify(src/Universal_Robots_ROS2_Driver) by extension 'colcon_meta'
[0.283s] Level 1:colcon.colcon_core.package_identification:_identify(src/Universal_Robots_ROS2_Driver) by extensions ['ros']
[0.283s] Level 1:colcon.colcon_core.package_identification:_identify(src/Universal_Robots_ROS2_Driver) by extension 'ros'
[0.283s] Level 1:colcon.colcon_core.package_identification:_identify(src/Universal_Robots_ROS2_Driver) by extensions ['cmake', 'python']
[0.283s] Level 1:colcon.colcon_core.package_identification:_identify(src/Universal_Robots_ROS2_Driver) by extension 'cmake'
[0.283s] Level 1:colcon.colcon_core.package_identification:_identify(src/Universal_Robots_ROS2_Driver) by extension 'python'
[0.283s] Level 1:colcon.colcon_core.package_identification:_identify(src/Universal_Robots_ROS2_Driver) by extensions ['python_setup_py']
[0.283s] Level 1:colcon.colcon_core.package_identification:_identify(src/Universal_Robots_ROS2_Driver) by extension 'python_setup_py'
[0.283s] Level 1:colcon.colcon_core.package_identification:_identify(src/Universal_Robots_ROS2_Driver/ur) by extensions ['ignore', 'ignore_ament_install']
[0.283s] Level 1:colcon.colcon_core.package_identification:_identify(src/Universal_Robots_ROS2_Driver/ur) by extension 'ignore'
[0.283s] Level 1:colcon.colcon_core.package_identification:_identify(src/Universal_Robots_ROS2_Driver/ur) by extension 'ignore_ament_install'
[0.283s] Level 1:colcon.colcon_core.package_identification:_identify(src/Universal_Robots_ROS2_Driver/ur) by extensions ['colcon_pkg']
[0.283s] Level 1:colcon.colcon_core.package_identification:_identify(src/Universal_Robots_ROS2_Driver/ur) by extension 'colcon_pkg'
[0.283s] Level 1:colcon.colcon_core.package_identification:_identify(src/Universal_Robots_ROS2_Driver/ur) by extensions ['colcon_meta']
[0.283s] Level 1:colcon.colcon_core.package_identification:_identify(src/Universal_Robots_ROS2_Driver/ur) by extension 'colcon_meta'
[0.283s] Level 1:colcon.colcon_core.package_identification:_identify(src/Universal_Robots_ROS2_Driver/ur) by extensions ['ros']
[0.283s] Level 1:colcon.colcon_core.package_identification:_identify(src/Universal_Robots_ROS2_Driver/ur) by extension 'ros'
[0.284s] DEBUG:colcon.colcon_core.package_identification:Package 'src/Universal_Robots_ROS2_Driver/ur' with type 'ros.ament_cmake' and name 'ur'
[0.284s] Level 1:colcon.colcon_core.package_identification:_identify(src/Universal_Robots_ROS2_Driver/ur_bringup) by extensions ['ignore', 'ignore_ament_install']
[0.284s] Level 1:colcon.colcon_core.package_identification:_identify(src/Universal_Robots_ROS2_Driver/ur_bringup) by extension 'ignore'
[0.284s] Level 1:colcon.colcon_core.package_identification:_identify(src/Universal_Robots_ROS2_Driver/ur_bringup) by extension 'ignore_ament_install'
[0.284s] Level 1:colcon.colcon_core.package_identification:_identify(src/Universal_Robots_ROS2_Driver/ur_bringup) by extensions ['colcon_pkg']
[0.284s] Level 1:colcon.colcon_core.package_identification:_identify(src/Universal_Robots_ROS2_Driver/ur_bringup) by extension 'colcon_pkg'
[0.284s] Level 1:colcon.colcon_core.package_identification:_identify(src/Universal_Robots_ROS2_Driver/ur_bringup) by extensions ['colcon_meta']
[0.284s] Level 1:colcon.colcon_core.package_identification:_identify(src/Universal_Robots_ROS2_Driver/ur_bringup) by extension 'colcon_meta'
[0.284s] Level 1:colcon.colcon_core.package_identification:_identify(src/Universal_Robots_ROS2_Driver/ur_bringup) by extensions ['ros']
[0.284s] Level 1:colcon.colcon_core.package_identification:_identify(src/Universal_Robots_ROS2_Driver/ur_bringup) by extension 'ros'
[0.285s] DEBUG:colcon.colcon_core.package_identification:Package 'src/Universal_Robots_ROS2_Driver/ur_bringup' with type 'ros.ament_cmake' and name 'ur_bringup'
[0.285s] Level 1:colcon.colcon_core.package_identification:_identify(src/Universal_Robots_ROS2_Driver/ur_calibration) by extensions ['ignore', 'ignore_ament_install']
[0.286s] Level 1:colcon.colcon_core.package_identification:_identify(src/Universal_Robots_ROS2_Driver/ur_calibration) by extension 'ignore'
[0.286s] Level 1:colcon.colcon_core.package_identification:_identify(src/Universal_Robots_ROS2_Driver/ur_calibration) by extension 'ignore_ament_install'
[0.286s] Level 1:colcon.colcon_core.package_identification:_identify(src/Universal_Robots_ROS2_Driver/ur_calibration) by extensions ['colcon_pkg']
[0.286s] Level 1:colcon.colcon_core.package_identification:_identify(src/Universal_Robots_ROS2_Driver/ur_calibration) by extension 'colcon_pkg'
[0.286s] Level 1:colcon.colcon_core.package_identification:_identify(src/Universal_Robots_ROS2_Driver/ur_calibration) by extensions ['colcon_meta']
[0.286s] Level 1:colcon.colcon_core.package_identification:_identify(src/Universal_Robots_ROS2_Driver/ur_calibration) by extension 'colcon_meta'
[0.286s] Level 1:colcon.colcon_core.package_identification:_identify(src/Universal_Robots_ROS2_Driver/ur_calibration) by extensions ['ros']
[0.286s] Level 1:colcon.colcon_core.package_identification:_identify(src/Universal_Robots_ROS2_Driver/ur_calibration) by extension 'ros'
[0.287s] DEBUG:colcon.colcon_core.package_identification:Package 'src/Universal_Robots_ROS2_Driver/ur_calibration' with type 'ros.ament_cmake' and name 'ur_calibration'
[0.287s] Level 1:colcon.colcon_core.package_identification:_identify(src/Universal_Robots_ROS2_Driver/ur_controllers) by extensions ['ignore', 'ignore_ament_install']
[0.287s] Level 1:colcon.colcon_core.package_identification:_identify(src/Universal_Robots_ROS2_Driver/ur_controllers) by extension 'ignore'
[0.287s] Level 1:colcon.colcon_core.package_identification:_identify(src/Universal_Robots_ROS2_Driver/ur_controllers) by extension 'ignore_ament_install'
[0.287s] Level 1:colcon.colcon_core.package_identification:_identify(src/Universal_Robots_ROS2_Driver/ur_controllers) by extensions ['colcon_pkg']
[0.287s] Level 1:colcon.colcon_core.package_identification:_identify(src/Universal_Robots_ROS2_Driver/ur_controllers) by extension 'colcon_pkg'
[0.287s] Level 1:colcon.colcon_core.package_identification:_identify(src/Universal_Robots_ROS2_Driver/ur_controllers) by extensions ['colcon_meta']
[0.287s] Level 1:colcon.colcon_core.package_identification:_identify(src/Universal_Robots_ROS2_Driver/ur_controllers) by extension 'colcon_meta'
[0.287s] Level 1:colcon.colcon_core.package_identification:_identify(src/Universal_Robots_ROS2_Driver/ur_controllers) by extensions ['ros']
[0.287s] Level 1:colcon.colcon_core.package_identification:_identify(src/Universal_Robots_ROS2_Driver/ur_controllers) by extension 'ros'
[0.289s] DEBUG:colcon.colcon_core.package_identification:Package 'src/Universal_Robots_ROS2_Driver/ur_controllers' with type 'ros.ament_cmake' and name 'ur_controllers'
[0.289s] Level 1:colcon.colcon_core.package_identification:_identify(src/Universal_Robots_ROS2_Driver/ur_dashboard_msgs) by extensions ['ignore', 'ignore_ament_install']
[0.289s] Level 1:colcon.colcon_core.package_identification:_identify(src/Universal_Robots_ROS2_Driver/ur_dashboard_msgs) by extension 'ignore'
[0.289s] Level 1:colcon.colcon_core.package_identification:_identify(src/Universal_Robots_ROS2_Driver/ur_dashboard_msgs) by extension 'ignore_ament_install'
[0.289s] Level 1:colcon.colcon_core.package_identification:_identify(src/Universal_Robots_ROS2_Driver/ur_dashboard_msgs) by extensions ['colcon_pkg']
[0.289s] Level 1:colcon.colcon_core.package_identification:_identify(src/Universal_Robots_ROS2_Driver/ur_dashboard_msgs) by extension 'colcon_pkg'
[0.289s] Level 1:colcon.colcon_core.package_identification:_identify(src/Universal_Robots_ROS2_Driver/ur_dashboard_msgs) by extensions ['colcon_meta']
[0.289s] Level 1:colcon.colcon_core.package_identification:_identify(src/Universal_Robots_ROS2_Driver/ur_dashboard_msgs) by extension 'colcon_meta'
[0.289s] Level 1:colcon.colcon_core.package_identification:_identify(src/Universal_Robots_ROS2_Driver/ur_dashboard_msgs) by extensions ['ros']
[0.289s] Level 1:colcon.colcon_core.package_identification:_identify(src/Universal_Robots_ROS2_Driver/ur_dashboard_msgs) by extension 'ros'
[0.291s] DEBUG:colcon.colcon_core.package_identification:Package 'src/Universal_Robots_ROS2_Driver/ur_dashboard_msgs' with type 'ros.ament_cmake' and name 'ur_dashboard_msgs'
[0.291s] Level 1:colcon.colcon_core.package_identification:_identify(src/Universal_Robots_ROS2_Driver/ur_moveit_config) by extensions ['ignore', 'ignore_ament_install']
[0.291s] Level 1:colcon.colcon_core.package_identification:_identify(src/Universal_Robots_ROS2_Driver/ur_moveit_config) by extension 'ignore'
[0.291s] Level 1:colcon.colcon_core.package_identification:_identify(src/Universal_Robots_ROS2_Driver/ur_moveit_config) by extension 'ignore_ament_install'
[0.291s] Level 1:colcon.colcon_core.package_identification:_identify(src/Universal_Robots_ROS2_Driver/ur_moveit_config) by extensions ['colcon_pkg']
[0.291s] Level 1:colcon.colcon_core.package_identification:_identify(src/Universal_Robots_ROS2_Driver/ur_moveit_config) by extension 'colcon_pkg'
[0.292s] Level 1:colcon.colcon_core.package_identification:_identify(src/Universal_Robots_ROS2_Driver/ur_moveit_config) by extensions ['colcon_meta']
[0.292s] Level 1:colcon.colcon_core.package_identification:_identify(src/Universal_Robots_ROS2_Driver/ur_moveit_config) by extension 'colcon_meta'
[0.292s] Level 1:colcon.colcon_core.package_identification:_identify(src/Universal_Robots_ROS2_Driver/ur_moveit_config) by extensions ['ros']
[0.292s] Level 1:colcon.colcon_core.package_identification:_identify(src/Universal_Robots_ROS2_Driver/ur_moveit_config) by extension 'ros'
[0.292s] DEBUG:colcon.colcon_core.package_identification:Package 'src/Universal_Robots_ROS2_Driver/ur_moveit_config' with type 'ros.ament_cmake' and name 'ur_moveit_config'
[0.292s] Level 1:colcon.colcon_core.package_identification:_identify(src/Universal_Robots_ROS2_Driver/ur_robot_driver) by extensions ['ignore', 'ignore_ament_install']
[0.293s] Level 1:colcon.colcon_core.package_identification:_identify(src/Universal_Robots_ROS2_Driver/ur_robot_driver) by extension 'ignore'
[0.293s] Level 1:colcon.colcon_core.package_identification:_identify(src/Universal_Robots_ROS2_Driver/ur_robot_driver) by extension 'ignore_ament_install'
[0.293s] Level 1:colcon.colcon_core.package_identification:_identify(src/Universal_Robots_ROS2_Driver/ur_robot_driver) by extensions ['colcon_pkg']
[0.293s] Level 1:colcon.colcon_core.package_identification:_identify(src/Universal_Robots_ROS2_Driver/ur_robot_driver) by extension 'colcon_pkg'
[0.293s] Level 1:colcon.colcon_core.package_identification:_identify(src/Universal_Robots_ROS2_Driver/ur_robot_driver) by extensions ['colcon_meta']
[0.293s] Level 1:colcon.colcon_core.package_identification:_identify(src/Universal_Robots_ROS2_Driver/ur_robot_driver) by extension 'colcon_meta'
[0.293s] Level 1:colcon.colcon_core.package_identification:_identify(src/Universal_Robots_ROS2_Driver/ur_robot_driver) by extensions ['ros']
[0.293s] Level 1:colcon.colcon_core.package_identification:_identify(src/Universal_Robots_ROS2_Driver/ur_robot_driver) by extension 'ros'
[0.295s] DEBUG:colcon.colcon_core.package_identification:Package 'src/Universal_Robots_ROS2_Driver/ur_robot_driver' with type 'ros.ament_cmake' and name 'ur_robot_driver'
[0.295s] Level 1:colcon.colcon_core.package_identification:_identify(src/camera_control) by extensions ['ignore', 'ignore_ament_install']
[0.295s] Level 1:colcon.colcon_core.package_identification:_identify(src/camera_control) by extension 'ignore'
[0.295s] Level 1:colcon.colcon_core.package_identification:_identify(src/camera_control) by extension 'ignore_ament_install'
[0.295s] Level 1:colcon.colcon_core.package_identification:_identify(src/camera_control) by extensions ['colcon_pkg']
[0.295s] Level 1:colcon.colcon_core.package_identification:_identify(src/camera_control) by extension 'colcon_pkg'
[0.296s] Level 1:colcon.colcon_core.package_identification:_identify(src/camera_control) by extensions ['colcon_meta']
[0.296s] Level 1:colcon.colcon_core.package_identification:_identify(src/camera_control) by extension 'colcon_meta'
[0.296s] Level 1:colcon.colcon_core.package_identification:_identify(src/camera_control) by extensions ['ros']
[0.296s] Level 1:colcon.colcon_core.package_identification:_identify(src/camera_control) by extension 'ros'
[0.296s] DEBUG:colcon.colcon_core.package_identification:Package 'src/camera_control' with type 'ros.ament_python' and name 'camera_control'
[0.296s] Level 1:colcon.colcon_core.package_identification:_identify(src/gripper_control) by extensions ['ignore', 'ignore_ament_install']
[0.296s] Level 1:colcon.colcon_core.package_identification:_identify(src/gripper_control) by extension 'ignore'
[0.297s] Level 1:colcon.colcon_core.package_identification:_identify(src/gripper_control) by extension 'ignore_ament_install'
[0.297s] Level 1:colcon.colcon_core.package_identification:_identify(src/gripper_control) by extensions ['colcon_pkg']
[0.297s] Level 1:colcon.colcon_core.package_identification:_identify(src/gripper_control) by extension 'colcon_pkg'
[0.297s] Level 1:colcon.colcon_core.package_identification:_identify(src/gripper_control) by extensions ['colcon_meta']
[0.297s] Level 1:colcon.colcon_core.package_identification:_identify(src/gripper_control) by extension 'colcon_meta'
[0.297s] Level 1:colcon.colcon_core.package_identification:_identify(src/gripper_control) by extensions ['ros']
[0.297s] Level 1:colcon.colcon_core.package_identification:_identify(src/gripper_control) by extension 'ros'
[0.308s] DEBUG:colcon.colcon_core.package_identification:Package 'src/gripper_control' with type 'ros.ament_python' and name 'gripper_control'
[0.308s] Level 1:colcon.colcon_core.package_identification:_identify(src/interfaces_ur5ik) by extensions ['ignore', 'ignore_ament_install']
[0.308s] Level 1:colcon.colcon_core.package_identification:_identify(src/interfaces_ur5ik) by extension 'ignore'
[0.308s] Level 1:colcon.colcon_core.package_identification:_identify(src/interfaces_ur5ik) by extension 'ignore_ament_install'
[0.308s] Level 1:colcon.colcon_core.package_identification:_identify(src/interfaces_ur5ik) by extensions ['colcon_pkg']
[0.308s] Level 1:colcon.colcon_core.package_identification:_identify(src/interfaces_ur5ik) by extension 'colcon_pkg'
[0.308s] Level 1:colcon.colcon_core.package_identification:_identify(src/interfaces_ur5ik) by extensions ['colcon_meta']
[0.308s] Level 1:colcon.colcon_core.package_identification:_identify(src/interfaces_ur5ik) by extension 'colcon_meta'
[0.308s] Level 1:colcon.colcon_core.package_identification:_identify(src/interfaces_ur5ik) by extensions ['ros']
[0.308s] Level 1:colcon.colcon_core.package_identification:_identify(src/interfaces_ur5ik) by extension 'ros'
[0.309s] DEBUG:colcon.colcon_core.package_identification:Package 'src/interfaces_ur5ik' with type 'ros.ament_cmake' and name 'interfaces_ur5ik'
[0.309s] Level 1:colcon.colcon_core.package_identification:_identify(src/robotiq_description) by extensions ['ignore', 'ignore_ament_install']
[0.309s] Level 1:colcon.colcon_core.package_identification:_identify(src/robotiq_description) by extension 'ignore'
[0.309s] Level 1:colcon.colcon_core.package_identification:_identify(src/robotiq_description) by extension 'ignore_ament_install'
[0.309s] Level 1:colcon.colcon_core.package_identification:_identify(src/robotiq_description) by extensions ['colcon_pkg']
[0.310s] Level 1:colcon.colcon_core.package_identification:_identify(src/robotiq_description) by extension 'colcon_pkg'
[0.310s] Level 1:colcon.colcon_core.package_identification:_identify(src/robotiq_description) by extensions ['colcon_meta']
[0.310s] Level 1:colcon.colcon_core.package_identification:_identify(src/robotiq_description) by extension 'colcon_meta'
[0.310s] Level 1:colcon.colcon_core.package_identification:_identify(src/robotiq_description) by extensions ['ros']
[0.310s] Level 1:colcon.colcon_core.package_identification:_identify(src/robotiq_description) by extension 'ros'
[0.310s] DEBUG:colcon.colcon_core.package_identification:Package 'src/robotiq_description' with type 'ros.ament_cmake' and name 'robotiq_description'
[0.310s] Level 1:colcon.colcon_core.package_identification:_identify(src/service_ur5ik) by extensions ['ignore', 'ignore_ament_install']
[0.311s] Level 1:colcon.colcon_core.package_identification:_identify(src/service_ur5ik) by extension 'ignore'
[0.311s] Level 1:colcon.colcon_core.package_identification:_identify(src/service_ur5ik) by extension 'ignore_ament_install'
[0.311s] Level 1:colcon.colcon_core.package_identification:_identify(src/service_ur5ik) by extensions ['colcon_pkg']
[0.311s] Level 1:colcon.colcon_core.package_identification:_identify(src/service_ur5ik) by extension 'colcon_pkg'
[0.311s] Level 1:colcon.colcon_core.package_identification:_identify(src/service_ur5ik) by extensions ['colcon_meta']
[0.311s] Level 1:colcon.colcon_core.package_identification:_identify(src/service_ur5ik) by extension 'colcon_meta'
[0.311s] Level 1:colcon.colcon_core.package_identification:_identify(src/service_ur5ik) by extensions ['ros']
[0.311s] Level 1:colcon.colcon_core.package_identification:_identify(src/service_ur5ik) by extension 'ros'
[0.312s] DEBUG:colcon.colcon_core.package_identification:Package 'src/service_ur5ik' with type 'ros.ament_cmake' and name 'service_ur5ik'
[0.312s] Level 1:colcon.colcon_core.package_identification:_identify(src/ur_custom_interfaces) by extensions ['ignore', 'ignore_ament_install']
[0.312s] Level 1:colcon.colcon_core.package_identification:_identify(src/ur_custom_interfaces) by extension 'ignore'
[0.312s] Level 1:colcon.colcon_core.package_identification:_identify(src/ur_custom_interfaces) by extension 'ignore_ament_install'
[0.312s] Level 1:colcon.colcon_core.package_identification:_identify(src/ur_custom_interfaces) by extensions ['colcon_pkg']
[0.312s] Level 1:colcon.colcon_core.package_identification:_identify(src/ur_custom_interfaces) by extension 'colcon_pkg'
[0.312s] Level 1:colcon.colcon_core.package_identification:_identify(src/ur_custom_interfaces) by extensions ['colcon_meta']
[0.312s] Level 1:colcon.colcon_core.package_identification:_identify(src/ur_custom_interfaces) by extension 'colcon_meta'
[0.312s] Level 1:colcon.colcon_core.package_identification:_identify(src/ur_custom_interfaces) by extensions ['ros']
[0.312s] Level 1:colcon.colcon_core.package_identification:_identify(src/ur_custom_interfaces) by extension 'ros'
[0.313s] DEBUG:colcon.colcon_core.package_identification:Package 'src/ur_custom_interfaces' with type 'ros.ament_cmake' and name 'ur_custom_interfaces'
[0.313s] Level 1:colcon.colcon_core.package_identification:_identify(src/ur_mover) by extensions ['ignore', 'ignore_ament_install']
[0.313s] Level 1:colcon.colcon_core.package_identification:_identify(src/ur_mover) by extension 'ignore'
[0.313s] Level 1:colcon.colcon_core.package_identification:_identify(src/ur_mover) by extension 'ignore_ament_install'
[0.313s] Level 1:colcon.colcon_core.package_identification:_identify(src/ur_mover) by extensions ['colcon_pkg']
[0.313s] Level 1:colcon.colcon_core.package_identification:_identify(src/ur_mover) by extension 'colcon_pkg'
[0.313s] Level 1:colcon.colcon_core.package_identification:_identify(src/ur_mover) by extensions ['colcon_meta']
[0.313s] Level 1:colcon.colcon_core.package_identification:_identify(src/ur_mover) by extension 'colcon_meta'
[0.314s] Level 1:colcon.colcon_core.package_identification:_identify(src/ur_mover) by extensions ['ros']
[0.314s] Level 1:colcon.colcon_core.package_identification:_identify(src/ur_mover) by extension 'ros'
[0.314s] DEBUG:colcon.colcon_core.package_identification:Package 'src/ur_mover' with type 'ros.ament_cmake' and name 'ur_mover'
[0.314s] Level 1:colcon.colcon_core.package_discovery:discover_packages(recursive) using defaults
[0.314s] Level 1:colcon.colcon_core.package_discovery:discover_packages(ignore) discover
[0.314s] Level 1:colcon.colcon_core.package_discovery:discover_packages(ignore) using defaults
[0.314s] Level 1:colcon.colcon_core.package_discovery:discover_packages(path) discover
[0.314s] Level 1:colcon.colcon_core.package_discovery:discover_packages(path) using defaults
[0.339s] Level 1:colcon.colcon_core.package_discovery:discover_packages(prefix_path) check parameters
[0.339s] Level 1:colcon.colcon_core.package_discovery:discover_packages(prefix_path) discover
[0.342s] DEBUG:colcon.colcon_installed_package_information.package_discovery:Found 330 installed packages in /opt/ros/humble
[0.344s] Level 1:colcon.colcon_core.package_discovery:discover_packages(prefix_path) using defaults
[0.385s] Level 5:colcon.colcon_core.verb:set package 'gripper_control' build argument 'cmake_args' from command line to 'None'
[0.385s] Level 5:colcon.colcon_core.verb:set package 'gripper_control' build argument 'cmake_target' from command line to 'None'
[0.385s] Level 5:colcon.colcon_core.verb:set package 'gripper_control' build argument 'cmake_target_skip_unavailable' from command line to 'False'
[0.385s] Level 5:colcon.colcon_core.verb:set package 'gripper_control' build argument 'cmake_clean_cache' from command line to 'False'
[0.385s] Level 5:colcon.colcon_core.verb:set package 'gripper_control' build argument 'cmake_clean_first' from command line to 'False'
[0.385s] Level 5:colcon.colcon_core.verb:set package 'gripper_control' build argument 'cmake_force_configure' from command line to 'False'
[0.385s] Level 5:colcon.colcon_core.verb:set package 'gripper_control' build argument 'ament_cmake_args' from command line to 'None'
[0.385s] Level 5:colcon.colcon_core.verb:set package 'gripper_control' build argument 'catkin_cmake_args' from command line to 'None'
[0.385s] Level 5:colcon.colcon_core.verb:set package 'gripper_control' build argument 'catkin_skip_building_tests' from command line to 'False'
[0.385s] DEBUG:colcon.colcon_core.verb:Building package 'gripper_control' with the following arguments: {'ament_cmake_args': None, 'build_base': '/home/icrs/icrsUR/build/gripper_control', 'catkin_cmake_args': None, 'catkin_skip_building_tests': False, 'cmake_args': None, 'cmake_clean_cache': False, 'cmake_clean_first': False, 'cmake_force_configure': False, 'cmake_target': None, 'cmake_target_skip_unavailable': False, 'install_base': '/home/icrs/icrsUR/install/gripper_control', 'merge_install': False, 'path': '/home/icrs/icrsUR/src/gripper_control', 'symlink_install': True, 'test_result_base': None}
[0.385s] Level 5:colcon.colcon_core.verb:set package 'interfaces_ur5ik' build argument 'cmake_args' from command line to 'None'
[0.385s] Level 5:colcon.colcon_core.verb:set package 'interfaces_ur5ik' build argument 'cmake_target' from command line to 'None'
[0.385s] Level 5:colcon.colcon_core.verb:set package 'interfaces_ur5ik' build argument 'cmake_target_skip_unavailable' from command line to 'False'
[0.386s] Level 5:colcon.colcon_core.verb:set package 'interfaces_ur5ik' build argument 'cmake_clean_cache' from command line to 'False'
[0.386s] Level 5:colcon.colcon_core.verb:set package 'interfaces_ur5ik' build argument 'cmake_clean_first' from command line to 'False'
[0.386s] Level 5:colcon.colcon_core.verb:set package 'interfaces_ur5ik' build argument 'cmake_force_configure' from command line to 'False'
[0.386s] Level 5:colcon.colcon_core.verb:set package 'interfaces_ur5ik' build argument 'ament_cmake_args' from command line to 'None'
[0.386s] Level 5:colcon.colcon_core.verb:set package 'interfaces_ur5ik' build argument 'catkin_cmake_args' from command line to 'None'
[0.386s] Level 5:colcon.colcon_core.verb:set package 'interfaces_ur5ik' build argument 'catkin_skip_building_tests' from command line to 'False'
[0.386s] DEBUG:colcon.colcon_core.verb:Building package 'interfaces_ur5ik' with the following arguments: {'ament_cmake_args': None, 'build_base': '/home/icrs/icrsUR/build/interfaces_ur5ik', 'catkin_cmake_args': None, 'catkin_skip_building_tests': False, 'cmake_args': None, 'cmake_clean_cache': False, 'cmake_clean_first': False, 'cmake_force_configure': False, 'cmake_target': None, 'cmake_target_skip_unavailable': False, 'install_base': '/home/icrs/icrsUR/install/interfaces_ur5ik', 'merge_install': False, 'path': '/home/icrs/icrsUR/src/interfaces_ur5ik', 'symlink_install': True, 'test_result_base': None}
[0.386s] Level 5:colcon.colcon_core.verb:set package 'robotiq_description' build argument 'cmake_args' from command line to 'None'
[0.386s] Level 5:colcon.colcon_core.verb:set package 'robotiq_description' build argument 'cmake_target' from command line to 'None'
[0.386s] Level 5:colcon.colcon_core.verb:set package 'robotiq_description' build argument 'cmake_target_skip_unavailable' from command line to 'False'
[0.386s] Level 5:colcon.colcon_core.verb:set package 'robotiq_description' build argument 'cmake_clean_cache' from command line to 'False'
[0.386s] Level 5:colcon.colcon_core.verb:set package 'robotiq_description' build argument 'cmake_clean_first' from command line to 'False'
[0.386s] Level 5:colcon.colcon_core.verb:set package 'robotiq_description' build argument 'cmake_force_configure' from command line to 'False'
[0.386s] Level 5:colcon.colcon_core.verb:set package 'robotiq_description' build argument 'ament_cmake_args' from command line to 'None'
[0.386s] Level 5:colcon.colcon_core.verb:set package 'robotiq_description' build argument 'catkin_cmake_args' from command line to 'None'
[0.386s] Level 5:colcon.colcon_core.verb:set package 'robotiq_description' build argument 'catkin_skip_building_tests' from command line to 'False'
[0.386s] DEBUG:colcon.colcon_core.verb:Building package 'robotiq_description' with the following arguments: {'ament_cmake_args': None, 'build_base': '/home/icrs/icrsUR/build/robotiq_description', 'catkin_cmake_args': None, 'catkin_skip_building_tests': False, 'cmake_args': None, 'cmake_clean_cache': False, 'cmake_clean_first': False, 'cmake_force_configure': False, 'cmake_target': None, 'cmake_target_skip_unavailable': False, 'install_base': '/home/icrs/icrsUR/install/robotiq_description', 'merge_install': False, 'path': '/home/icrs/icrsUR/src/robotiq_description', 'symlink_install': True, 'test_result_base': None}
[0.387s] Level 5:colcon.colcon_core.verb:set package 'ur_custom_interfaces' build argument 'cmake_args' from command line to 'None'
[0.387s] Level 5:colcon.colcon_core.verb:set package 'ur_custom_interfaces' build argument 'cmake_target' from command line to 'None'
[0.387s] Level 5:colcon.colcon_core.verb:set package 'ur_custom_interfaces' build argument 'cmake_target_skip_unavailable' from command line to 'False'
[0.387s] Level 5:colcon.colcon_core.verb:set package 'ur_custom_interfaces' build argument 'cmake_clean_cache' from command line to 'False'
[0.387s] Level 5:colcon.colcon_core.verb:set package 'ur_custom_interfaces' build argument 'cmake_clean_first' from command line to 'False'
[0.387s] Level 5:colcon.colcon_core.verb:set package 'ur_custom_interfaces' build argument 'cmake_force_configure' from command line to 'False'
[0.387s] Level 5:colcon.colcon_core.verb:set package 'ur_custom_interfaces' build argument 'ament_cmake_args' from command line to 'None'
[0.387s] Level 5:colcon.colcon_core.verb:set package 'ur_custom_interfaces' build argument 'catkin_cmake_args' from command line to 'None'
[0.387s] Level 5:colcon.colcon_core.verb:set package 'ur_custom_interfaces' build argument 'catkin_skip_building_tests' from command line to 'False'
[0.387s] DEBUG:colcon.colcon_core.verb:Building package 'ur_custom_interfaces' with the following arguments: {'ament_cmake_args': None, 'build_base': '/home/icrs/icrsUR/build/ur_custom_interfaces', 'catkin_cmake_args': None, 'catkin_skip_building_tests': False, 'cmake_args': None, 'cmake_clean_cache': False, 'cmake_clean_first': False, 'cmake_force_configure': False, 'cmake_target': None, 'cmake_target_skip_unavailable': False, 'install_base': '/home/icrs/icrsUR/install/ur_custom_interfaces', 'merge_install': False, 'path': '/home/icrs/icrsUR/src/ur_custom_interfaces', 'symlink_install': True, 'test_result_base': None}
[0.387s] Level 5:colcon.colcon_core.verb:set package 'ur_dashboard_msgs' build argument 'cmake_args' from command line to 'None'
[0.387s] Level 5:colcon.colcon_core.verb:set package 'ur_dashboard_msgs' build argument 'cmake_target' from command line to 'None'
[0.387s] Level 5:colcon.colcon_core.verb:set package 'ur_dashboard_msgs' build argument 'cmake_target_skip_unavailable' from command line to 'False'
[0.387s] Level 5:colcon.colcon_core.verb:set package 'ur_dashboard_msgs' build argument 'cmake_clean_cache' from command line to 'False'
[0.387s] Level 5:colcon.colcon_core.verb:set package 'ur_dashboard_msgs' build argument 'cmake_clean_first' from command line to 'False'
[0.387s] Level 5:colcon.colcon_core.verb:set package 'ur_dashboard_msgs' build argument 'cmake_force_configure' from command line to 'False'
[0.387s] Level 5:colcon.colcon_core.verb:set package 'ur_dashboard_msgs' build argument 'ament_cmake_args' from command line to 'None'
[0.387s] Level 5:colcon.colcon_core.verb:set package 'ur_dashboard_msgs' build argument 'catkin_cmake_args' from command line to 'None'
[0.387s] Level 5:colcon.colcon_core.verb:set package 'ur_dashboard_msgs' build argument 'catkin_skip_building_tests' from command line to 'False'
[0.387s] DEBUG:colcon.colcon_core.verb:Building package 'ur_dashboard_msgs' with the following arguments: {'ament_cmake_args': None, 'build_base': '/home/icrs/icrsUR/build/ur_dashboard_msgs', 'catkin_cmake_args': None, 'catkin_skip_building_tests': False, 'cmake_args': None, 'cmake_clean_cache': False, 'cmake_clean_first': False, 'cmake_force_configure': False, 'cmake_target': None, 'cmake_target_skip_unavailable': False, 'install_base': '/home/icrs/icrsUR/install/ur_dashboard_msgs', 'merge_install': False, 'path': '/home/icrs/icrsUR/src/Universal_Robots_ROS2_Driver/ur_dashboard_msgs', 'symlink_install': True, 'test_result_base': None}
[0.388s] Level 5:colcon.colcon_core.verb:set package 'ur_description' build argument 'cmake_args' from command line to 'None'
[0.388s] Level 5:colcon.colcon_core.verb:set package 'ur_description' build argument 'cmake_target' from command line to 'None'
[0.388s] Level 5:colcon.colcon_core.verb:set package 'ur_description' build argument 'cmake_target_skip_unavailable' from command line to 'False'
[0.388s] Level 5:colcon.colcon_core.verb:set package 'ur_description' build argument 'cmake_clean_cache' from command line to 'False'
[0.388s] Level 5:colcon.colcon_core.verb:set package 'ur_description' build argument 'cmake_clean_first' from command line to 'False'
[0.388s] Level 5:colcon.colcon_core.verb:set package 'ur_description' build argument 'cmake_force_configure' from command line to 'False'
[0.388s] Level 5:colcon.colcon_core.verb:set package 'ur_description' build argument 'ament_cmake_args' from command line to 'None'
[0.388s] Level 5:colcon.colcon_core.verb:set package 'ur_description' build argument 'catkin_cmake_args' from command line to 'None'
[0.388s] Level 5:colcon.colcon_core.verb:set package 'ur_description' build argument 'catkin_skip_building_tests' from command line to 'False'
[0.388s] DEBUG:colcon.colcon_core.verb:Building package 'ur_description' with the following arguments: {'ament_cmake_args': None, 'build_base': '/home/icrs/icrsUR/build/ur_description', 'catkin_cmake_args': None, 'catkin_skip_building_tests': False, 'cmake_args': None, 'cmake_clean_cache': False, 'cmake_clean_first': False, 'cmake_force_configure': False, 'cmake_target': None, 'cmake_target_skip_unavailable': False, 'install_base': '/home/icrs/icrsUR/install/ur_description', 'merge_install': False, 'path': '/home/icrs/icrsUR/src/Universal_Robots_ROS2_Description', 'symlink_install': True, 'test_result_base': None}
[0.388s] Level 5:colcon.colcon_core.verb:set package 'camera_control' build argument 'cmake_args' from command line to 'None'
[0.388s] Level 5:colcon.colcon_core.verb:set package 'camera_control' build argument 'cmake_target' from command line to 'None'
[0.388s] Level 5:colcon.colcon_core.verb:set package 'camera_control' build argument 'cmake_target_skip_unavailable' from command line to 'False'
[0.388s] Level 5:colcon.colcon_core.verb:set package 'camera_control' build argument 'cmake_clean_cache' from command line to 'False'
[0.388s] Level 5:colcon.colcon_core.verb:set package 'camera_control' build argument 'cmake_clean_first' from command line to 'False'
[0.388s] Level 5:colcon.colcon_core.verb:set package 'camera_control' build argument 'cmake_force_configure' from command line to 'False'
[0.389s] Level 5:colcon.colcon_core.verb:set package 'camera_control' build argument 'ament_cmake_args' from command line to 'None'
[0.389s] Level 5:colcon.colcon_core.verb:set package 'camera_control' build argument 'catkin_cmake_args' from command line to 'None'
[0.389s] Level 5:colcon.colcon_core.verb:set package 'camera_control' build argument 'catkin_skip_building_tests' from command line to 'False'
[0.389s] DEBUG:colcon.colcon_core.verb:Building package 'camera_control' with the following arguments: {'ament_cmake_args': None, 'build_base': '/home/icrs/icrsUR/build/camera_control', 'catkin_cmake_args': None, 'catkin_skip_building_tests': False, 'cmake_args': None, 'cmake_clean_cache': False, 'cmake_clean_first': False, 'cmake_force_configure': False, 'cmake_target': None, 'cmake_target_skip_unavailable': False, 'install_base': '/home/icrs/icrsUR/install/camera_control', 'merge_install': False, 'path': '/home/icrs/icrsUR/src/camera_control', 'symlink_install': True, 'test_result_base': None}
[0.389s] Level 5:colcon.colcon_core.verb:set package 'service_ur5ik' build argument 'cmake_args' from command line to 'None'
[0.389s] Level 5:colcon.colcon_core.verb:set package 'service_ur5ik' build argument 'cmake_target' from command line to 'None'
[0.389s] Level 5:colcon.colcon_core.verb:set package 'service_ur5ik' build argument 'cmake_target_skip_unavailable' from command line to 'False'
[0.389s] Level 5:colcon.colcon_core.verb:set package 'service_ur5ik' build argument 'cmake_clean_cache' from command line to 'False'
[0.389s] Level 5:colcon.colcon_core.verb:set package 'service_ur5ik' build argument 'cmake_clean_first' from command line to 'False'
[0.389s] Level 5:colcon.colcon_core.verb:set package 'service_ur5ik' build argument 'cmake_force_configure' from command line to 'False'
[0.389s] Level 5:colcon.colcon_core.verb:set package 'service_ur5ik' build argument 'ament_cmake_args' from command line to 'None'
[0.389s] Level 5:colcon.colcon_core.verb:set package 'service_ur5ik' build argument 'catkin_cmake_args' from command line to 'None'
[0.389s] Level 5:colcon.colcon_core.verb:set package 'service_ur5ik' build argument 'catkin_skip_building_tests' from command line to 'False'
[0.389s] DEBUG:colcon.colcon_core.verb:Building package 'service_ur5ik' with the following arguments: {'ament_cmake_args': None, 'build_base': '/home/icrs/icrsUR/build/service_ur5ik', 'catkin_cmake_args': None, 'catkin_skip_building_tests': False, 'cmake_args': None, 'cmake_clean_cache': False, 'cmake_clean_first': False, 'cmake_force_configure': False, 'cmake_target': None, 'cmake_target_skip_unavailable': False, 'install_base': '/home/icrs/icrsUR/install/service_ur5ik', 'merge_install': False, 'path': '/home/icrs/icrsUR/src/service_ur5ik', 'symlink_install': True, 'test_result_base': None}
[0.390s] Level 5:colcon.colcon_core.verb:set package 'ur_controllers' build argument 'cmake_args' from command line to 'None'
[0.390s] Level 5:colcon.colcon_core.verb:set package 'ur_controllers' build argument 'cmake_target' from command line to 'None'
[0.390s] Level 5:colcon.colcon_core.verb:set package 'ur_controllers' build argument 'cmake_target_skip_unavailable' from command line to 'False'
[0.390s] Level 5:colcon.colcon_core.verb:set package 'ur_controllers' build argument 'cmake_clean_cache' from command line to 'False'
[0.390s] Level 5:colcon.colcon_core.verb:set package 'ur_controllers' build argument 'cmake_clean_first' from command line to 'False'
[0.390s] Level 5:colcon.colcon_core.verb:set package 'ur_controllers' build argument 'cmake_force_configure' from command line to 'False'
[0.390s] Level 5:colcon.colcon_core.verb:set package 'ur_controllers' build argument 'ament_cmake_args' from command line to 'None'
[0.390s] Level 5:colcon.colcon_core.verb:set package 'ur_controllers' build argument 'catkin_cmake_args' from command line to 'None'
[0.390s] Level 5:colcon.colcon_core.verb:set package 'ur_controllers' build argument 'catkin_skip_building_tests' from command line to 'False'
[0.390s] DEBUG:colcon.colcon_core.verb:Building package 'ur_controllers' with the following arguments: {'ament_cmake_args': None, 'build_base': '/home/icrs/icrsUR/build/ur_controllers', 'catkin_cmake_args': None, 'catkin_skip_building_tests': False, 'cmake_args': None, 'cmake_clean_cache': False, 'cmake_clean_first': False, 'cmake_force_configure': False, 'cmake_target': None, 'cmake_target_skip_unavailable': False, 'install_base': '/home/icrs/icrsUR/install/ur_controllers', 'merge_install': False, 'path': '/home/icrs/icrsUR/src/Universal_Robots_ROS2_Driver/ur_controllers', 'symlink_install': True, 'test_result_base': None}
[0.390s] Level 5:colcon.colcon_core.verb:set package 'ur_moveit_config' build argument 'cmake_args' from command line to 'None'
[0.390s] Level 5:colcon.colcon_core.verb:set package 'ur_moveit_config' build argument 'cmake_target' from command line to 'None'
[0.390s] Level 5:colcon.colcon_core.verb:set package 'ur_moveit_config' build argument 'cmake_target_skip_unavailable' from command line to 'False'
[0.390s] Level 5:colcon.colcon_core.verb:set package 'ur_moveit_config' build argument 'cmake_clean_cache' from command line to 'False'
[0.390s] Level 5:colcon.colcon_core.verb:set package 'ur_moveit_config' build argument 'cmake_clean_first' from command line to 'False'
[0.390s] Level 5:colcon.colcon_core.verb:set package 'ur_moveit_config' build argument 'cmake_force_configure' from command line to 'False'
[0.390s] Level 5:colcon.colcon_core.verb:set package 'ur_moveit_config' build argument 'ament_cmake_args' from command line to 'None'
[0.390s] Level 5:colcon.colcon_core.verb:set package 'ur_moveit_config' build argument 'catkin_cmake_args' from command line to 'None'
[0.390s] Level 5:colcon.colcon_core.verb:set package 'ur_moveit_config' build argument 'catkin_skip_building_tests' from command line to 'False'
[0.390s] DEBUG:colcon.colcon_core.verb:Building package 'ur_moveit_config' with the following arguments: {'ament_cmake_args': None, 'build_base': '/home/icrs/icrsUR/build/ur_moveit_config', 'catkin_cmake_args': None, 'catkin_skip_building_tests': False, 'cmake_args': None, 'cmake_clean_cache': False, 'cmake_clean_first': False, 'cmake_force_configure': False, 'cmake_target': None, 'cmake_target_skip_unavailable': False, 'install_base': '/home/icrs/icrsUR/install/ur_moveit_config', 'merge_install': False, 'path': '/home/icrs/icrsUR/src/Universal_Robots_ROS2_Driver/ur_moveit_config', 'symlink_install': True, 'test_result_base': None}
[0.391s] Level 5:colcon.colcon_core.verb:set package 'ur_mover' build argument 'cmake_args' from command line to 'None'
[0.391s] Level 5:colcon.colcon_core.verb:set package 'ur_mover' build argument 'cmake_target' from command line to 'None'
[0.391s] Level 5:colcon.colcon_core.verb:set package 'ur_mover' build argument 'cmake_target_skip_unavailable' from command line to 'False'
[0.391s] Level 5:colcon.colcon_core.verb:set package 'ur_mover' build argument 'cmake_clean_cache' from command line to 'False'
[0.391s] Level 5:colcon.colcon_core.verb:set package 'ur_mover' build argument 'cmake_clean_first' from command line to 'False'
[0.391s] Level 5:colcon.colcon_core.verb:set package 'ur_mover' build argument 'cmake_force_configure' from command line to 'False'
[0.391s] Level 5:colcon.colcon_core.verb:set package 'ur_mover' build argument 'ament_cmake_args' from command line to 'None'
[0.391s] Level 5:colcon.colcon_core.verb:set package 'ur_mover' build argument 'catkin_cmake_args' from command line to 'None'
[0.391s] Level 5:colcon.colcon_core.verb:set package 'ur_mover' build argument 'catkin_skip_building_tests' from command line to 'False'
[0.391s] DEBUG:colcon.colcon_core.verb:Building package 'ur_mover' with the following arguments: {'ament_cmake_args': None, 'build_base': '/home/icrs/icrsUR/build/ur_mover', 'catkin_cmake_args': None, 'catkin_skip_building_tests': False, 'cmake_args': None, 'cmake_clean_cache': False, 'cmake_clean_first': False, 'cmake_force_configure': False, 'cmake_target': None, 'cmake_target_skip_unavailable': False, 'install_base': '/home/icrs/icrsUR/install/ur_mover', 'merge_install': False, 'path': '/home/icrs/icrsUR/src/ur_mover', 'symlink_install': True, 'test_result_base': None}
[0.391s] Level 5:colcon.colcon_core.verb:set package 'ur_bringup' build argument 'cmake_args' from command line to 'None'
[0.391s] Level 5:colcon.colcon_core.verb:set package 'ur_bringup' build argument 'cmake_target' from command line to 'None'
[0.391s] Level 5:colcon.colcon_core.verb:set package 'ur_bringup' build argument 'cmake_target_skip_unavailable' from command line to 'False'
[0.391s] Level 5:colcon.colcon_core.verb:set package 'ur_bringup' build argument 'cmake_clean_cache' from command line to 'False'
[0.391s] Level 5:colcon.colcon_core.verb:set package 'ur_bringup' build argument 'cmake_clean_first' from command line to 'False'
[0.391s] Level 5:colcon.colcon_core.verb:set package 'ur_bringup' build argument 'cmake_force_configure' from command line to 'False'
[0.391s] Level 5:colcon.colcon_core.verb:set package 'ur_bringup' build argument 'ament_cmake_args' from command line to 'None'
[0.391s] Level 5:colcon.colcon_core.verb:set package 'ur_bringup' build argument 'catkin_cmake_args' from command line to 'None'
[0.391s] Level 5:colcon.colcon_core.verb:set package 'ur_bringup' build argument 'catkin_skip_building_tests' from command line to 'False'
[0.392s] DEBUG:colcon.colcon_core.verb:Building package 'ur_bringup' with the following arguments: {'ament_cmake_args': None, 'build_base': '/home/icrs/icrsUR/build/ur_bringup', 'catkin_cmake_args': None, 'catkin_skip_building_tests': False, 'cmake_args': None, 'cmake_clean_cache': False, 'cmake_clean_first': False, 'cmake_force_configure': False, 'cmake_target': None, 'cmake_target_skip_unavailable': False, 'install_base': '/home/icrs/icrsUR/install/ur_bringup', 'merge_install': False, 'path': '/home/icrs/icrsUR/src/Universal_Robots_ROS2_Driver/ur_bringup', 'symlink_install': True, 'test_result_base': None}
[0.392s] Level 5:colcon.colcon_core.verb:set package 'ur_robot_driver' build argument 'cmake_args' from command line to 'None'
[0.392s] Level 5:colcon.colcon_core.verb:set package 'ur_robot_driver' build argument 'cmake_target' from command line to 'None'
[0.392s] Level 5:colcon.colcon_core.verb:set package 'ur_robot_driver' build argument 'cmake_target_skip_unavailable' from command line to 'False'
[0.392s] Level 5:colcon.colcon_core.verb:set package 'ur_robot_driver' build argument 'cmake_clean_cache' from command line to 'False'
[0.392s] Level 5:colcon.colcon_core.verb:set package 'ur_robot_driver' build argument 'cmake_clean_first' from command line to 'False'
[0.392s] Level 5:colcon.colcon_core.verb:set package 'ur_robot_driver' build argument 'cmake_force_configure' from command line to 'False'
[0.392s] Level 5:colcon.colcon_core.verb:set package 'ur_robot_driver' build argument 'ament_cmake_args' from command line to 'None'
[0.392s] Level 5:colcon.colcon_core.verb:set package 'ur_robot_driver' build argument 'catkin_cmake_args' from command line to 'None'
[0.392s] Level 5:colcon.colcon_core.verb:set package 'ur_robot_driver' build argument 'catkin_skip_building_tests' from command line to 'False'
[0.392s] DEBUG:colcon.colcon_core.verb:Building package 'ur_robot_driver' with the following arguments: {'ament_cmake_args': None, 'build_base': '/home/icrs/icrsUR/build/ur_robot_driver', 'catkin_cmake_args': None, 'catkin_skip_building_tests': False, 'cmake_args': None, 'cmake_clean_cache': False, 'cmake_clean_first': False, 'cmake_force_configure': False, 'cmake_target': None, 'cmake_target_skip_unavailable': False, 'install_base': '/home/icrs/icrsUR/install/ur_robot_driver', 'merge_install': False, 'path': '/home/icrs/icrsUR/src/Universal_Robots_ROS2_Driver/ur_robot_driver', 'symlink_install': True, 'test_result_base': None}
[0.392s] Level 5:colcon.colcon_core.verb:set package 'ur_calibration' build argument 'cmake_args' from command line to 'None'
[0.392s] Level 5:colcon.colcon_core.verb:set package 'ur_calibration' build argument 'cmake_target' from command line to 'None'
[0.393s] Level 5:colcon.colcon_core.verb:set package 'ur_calibration' build argument 'cmake_target_skip_unavailable' from command line to 'False'
[0.393s] Level 5:colcon.colcon_core.verb:set package 'ur_calibration' build argument 'cmake_clean_cache' from command line to 'False'
[0.393s] Level 5:colcon.colcon_core.verb:set package 'ur_calibration' build argument 'cmake_clean_first' from command line to 'False'
[0.393s] Level 5:colcon.colcon_core.verb:set package 'ur_calibration' build argument 'cmake_force_configure' from command line to 'False'
[0.393s] Level 5:colcon.colcon_core.verb:set package 'ur_calibration' build argument 'ament_cmake_args' from command line to 'None'
[0.393s] Level 5:colcon.colcon_core.verb:set package 'ur_calibration' build argument 'catkin_cmake_args' from command line to 'None'
[0.393s] Level 5:colcon.colcon_core.verb:set package 'ur_calibration' build argument 'catkin_skip_building_tests' from command line to 'False'
[0.393s] DEBUG:colcon.colcon_core.verb:Building package 'ur_calibration' with the following arguments: {'ament_cmake_args': None, 'build_base': '/home/icrs/icrsUR/build/ur_calibration', 'catkin_cmake_args': None, 'catkin_skip_building_tests': False, 'cmake_args': None, 'cmake_clean_cache': False, 'cmake_clean_first': False, 'cmake_force_configure': False, 'cmake_target': None, 'cmake_target_skip_unavailable': False, 'install_base': '/home/icrs/icrsUR/install/ur_calibration', 'merge_install': False, 'path': '/home/icrs/icrsUR/src/Universal_Robots_ROS2_Driver/ur_calibration', 'symlink_install': True, 'test_result_base': None}
[0.393s] Level 5:colcon.colcon_core.verb:set package 'ur' build argument 'cmake_args' from command line to 'None'
[0.393s] Level 5:colcon.colcon_core.verb:set package 'ur' build argument 'cmake_target' from command line to 'None'
[0.393s] Level 5:colcon.colcon_core.verb:set package 'ur' build argument 'cmake_target_skip_unavailable' from command line to 'False'
[0.393s] Level 5:colcon.colcon_core.verb:set package 'ur' build argument 'cmake_clean_cache' from command line to 'False'
[0.393s] Level 5:colcon.colcon_core.verb:set package 'ur' build argument 'cmake_clean_first' from command line to 'False'
[0.393s] Level 5:colcon.colcon_core.verb:set package 'ur' build argument 'cmake_force_configure' from command line to 'False'
[0.393s] Level 5:colcon.colcon_core.verb:set package 'ur' build argument 'ament_cmake_args' from command line to 'None'
[0.393s] Level 5:colcon.colcon_core.verb:set package 'ur' build argument 'catkin_cmake_args' from command line to 'None'
[0.393s] Level 5:colcon.colcon_core.verb:set package 'ur' build argument 'catkin_skip_building_tests' from command line to 'False'
[0.393s] DEBUG:colcon.colcon_core.verb:Building package 'ur' with the following arguments: {'ament_cmake_args': None, 'build_base': '/home/icrs/icrsUR/build/ur', 'catkin_cmake_args': None, 'catkin_skip_building_tests': False, 'cmake_args': None, 'cmake_clean_cache': False, 'cmake_clean_first': False, 'cmake_force_configure': False, 'cmake_target': None, 'cmake_target_skip_unavailable': False, 'install_base': '/home/icrs/icrsUR/install/ur', 'merge_install': False, 'path': '/home/icrs/icrsUR/src/Universal_Robots_ROS2_Driver/ur', 'symlink_install': True, 'test_result_base': None}
[0.393s] INFO:colcon.colcon_core.executor:Executing jobs using 'parallel' executor
[0.395s] DEBUG:colcon.colcon_parallel_executor.executor.parallel:run_until_complete
[0.395s] INFO:colcon.colcon_ros.task.ament_cmake.build:Building ROS package in '/home/icrs/icrsUR/src/Universal_Robots_ROS2_Driver/ur_dashboard_msgs' with build type 'ament_cmake'
[0.395s] INFO:colcon.colcon_cmake.task.cmake.build:Building CMake package in '/home/icrs/icrsUR/src/Universal_Robots_ROS2_Driver/ur_dashboard_msgs'
[0.397s] INFO:colcon.colcon_core.plugin_system:Skipping extension 'colcon_core.shell.bat': Not used on non-Windows systems
[0.397s] INFO:colcon.colcon_core.shell:Skip shell extension 'powershell' for command environment: Not usable outside of PowerShell
[0.397s] DEBUG:colcon.colcon_core.shell:Skip shell extension 'dsv' for command environment
[0.400s] INFO:colcon.colcon_ros.task.ament_cmake.build:Building ROS package in '/home/icrs/icrsUR/src/Universal_Robots_ROS2_Description' with build type 'ament_cmake'
[0.400s] INFO:colcon.colcon_cmake.task.cmake.build:Building CMake package in '/home/icrs/icrsUR/src/Universal_Robots_ROS2_Description'
[0.401s] INFO:colcon.colcon_core.shell:Skip shell extension 'powershell' for command environment: Not usable outside of PowerShell
[0.401s] DEBUG:colcon.colcon_core.shell:Skip shell extension 'dsv' for command environment
[0.403s] INFO:colcon.colcon_ros.task.ament_cmake.build:Building ROS package in '/home/icrs/icrsUR/src/interfaces_ur5ik' with build type 'ament_cmake'
[0.403s] INFO:colcon.colcon_cmake.task.cmake.build:Building CMake package in '/home/icrs/icrsUR/src/interfaces_ur5ik'
[0.403s] INFO:colcon.colcon_core.shell:Skip shell extension 'powershell' for command environment: Not usable outside of PowerShell
[0.403s] DEBUG:colcon.colcon_core.shell:Skip shell extension 'dsv' for command environment
[0.406s] INFO:colcon.colcon_ros.task.ament_cmake.build:Building ROS package in '/home/icrs/icrsUR/src/ur_custom_interfaces' with build type 'ament_cmake'
[0.406s] INFO:colcon.colcon_cmake.task.cmake.build:Building CMake package in '/home/icrs/icrsUR/src/ur_custom_interfaces'
[0.406s] INFO:colcon.colcon_core.shell:Skip shell extension 'powershell' for command environment: Not usable outside of PowerShell
[0.406s] DEBUG:colcon.colcon_core.shell:Skip shell extension 'dsv' for command environment
[0.409s] INFO:colcon.colcon_ros.task.ament_python.build:Building ROS package in '/home/icrs/icrsUR/src/gripper_control' with build type 'ament_python'
[0.409s] Level 1:colcon.colcon_core.shell:create_environment_hook('gripper_control', 'ament_prefix_path')
[0.410s] INFO:colcon.colcon_core.shell:Creating environment hook '/home/icrs/icrsUR/install/gripper_control/share/gripper_control/hook/ament_prefix_path.ps1'
[0.410s] INFO:colcon.colcon_core.shell:Creating environment descriptor '/home/icrs/icrsUR/install/gripper_control/share/gripper_control/hook/ament_prefix_path.dsv'
[0.411s] INFO:colcon.colcon_core.shell:Creating environment hook '/home/icrs/icrsUR/install/gripper_control/share/gripper_control/hook/ament_prefix_path.sh'
[0.411s] INFO:colcon.colcon_core.shell:Skip shell extension 'powershell' for command environment: Not usable outside of PowerShell
[0.411s] DEBUG:colcon.colcon_core.shell:Skip shell extension 'dsv' for command environment
[0.414s] INFO:colcon.colcon_ros.task.ament_cmake.build:Building ROS package in '/home/icrs/icrsUR/src/robotiq_description' with build type 'ament_cmake'
[0.414s] INFO:colcon.colcon_cmake.task.cmake.build:Building CMake package in '/home/icrs/icrsUR/src/robotiq_description'
[0.414s] INFO:colcon.colcon_core.shell:Skip shell extension 'powershell' for command environment: Not usable outside of PowerShell
[0.414s] DEBUG:colcon.colcon_core.shell:Skip shell extension 'dsv' for command environment
[0.423s] DEBUG:colcon.colcon_core.event_handler.log_command:Invoking command in '/home/icrs/icrsUR/build/ur_dashboard_msgs': CMAKE_PREFIX_PATH=/opt/ros/humble /usr/bin/cmake --build /home/icrs/icrsUR/build/ur_dashboard_msgs -- -j8 -l8
[0.425s] DEBUG:colcon.colcon_core.event_handler.log_command:Invoking command in '/home/icrs/icrsUR/build/ur_description': CMAKE_PREFIX_PATH=/opt/ros/humble /usr/bin/cmake --build /home/icrs/icrsUR/build/ur_description -- -j8 -l8
[0.429s] DEBUG:colcon.colcon_core.event_handler.log_command:Invoking command in '/home/icrs/icrsUR/build/interfaces_ur5ik': CMAKE_PREFIX_PATH=/opt/ros/humble /usr/bin/cmake --build /home/icrs/icrsUR/build/interfaces_ur5ik -- -j8 -l8
[0.433s] DEBUG:colcon.colcon_core.event_handler.log_command:Invoking command in '/home/icrs/icrsUR/build/ur_custom_interfaces': CMAKE_PREFIX_PATH=/opt/ros/humble /usr/bin/cmake --build /home/icrs/icrsUR/build/ur_custom_interfaces -- -j8 -l8
[0.922s] WARNING:colcon.colcon_ros.task.ament_python.build:Package 'gripper_control' doesn't explicitly install a marker in the package index (colcon-ros currently does it implicitly but that fallback will be removed in the future)
[0.922s] INFO:colcon.colcon_core.task.python.build:Building Python package in '/home/icrs/icrsUR/src/gripper_control'
[0.923s] INFO:colcon.colcon_core.shell:Skip shell extension 'powershell' for command environment: Not usable outside of PowerShell
[0.923s] DEBUG:colcon.colcon_core.shell:Skip shell extension 'dsv' for command environment
[0.938s] DEBUG:colcon.colcon_core.event_handler.log_command:Invoking command in '/home/icrs/icrsUR/build/robotiq_description': CMAKE_PREFIX_PATH=/opt/ros/humble /usr/bin/cmake --build /home/icrs/icrsUR/build/robotiq_description -- -j8 -l8
[0.940s] DEBUG:colcon.colcon_core.event_handler.log_command:Invoked command in '/home/icrs/icrsUR/build/ur_description' returned '0': CMAKE_PREFIX_PATH=/opt/ros/humble /usr/bin/cmake --build /home/icrs/icrsUR/build/ur_description -- -j8 -l8
[0.984s] DEBUG:colcon.colcon_core.event_handler.log_command:Invoking command in '/home/icrs/icrsUR/build/ur_description': CMAKE_PREFIX_PATH=/opt/ros/humble /usr/bin/cmake --install /home/icrs/icrsUR/build/ur_description
[0.987s] DEBUG:colcon.colcon_core.event_handler.log_command:Invoked command in '/home/icrs/icrsUR/build/robotiq_description' returned '0': CMAKE_PREFIX_PATH=/opt/ros/humble /usr/bin/cmake --build /home/icrs/icrsUR/build/robotiq_description -- -j8 -l8
[1.017s] DEBUG:colcon.colcon_core.event_handler.log_command:Invoking command in '/home/icrs/icrsUR/build/robotiq_description': CMAKE_PREFIX_PATH=/opt/ros/humble /usr/bin/cmake --install /home/icrs/icrsUR/build/robotiq_description
[1.060s] Level 1:colcon.colcon_core.environment:create_environment_scripts_only(ur_description)
[1.061s] DEBUG:colcon.colcon_core.event_handler.log_command:Invoked command in '/home/icrs/icrsUR/build/ur_description' returned '0': CMAKE_PREFIX_PATH=/opt/ros/humble /usr/bin/cmake --install /home/icrs/icrsUR/build/ur_description
[1.065s] Level 1:colcon.colcon_core.environment:checking '/home/icrs/icrsUR/install/ur_description' for CMake module files
[1.065s] Level 1:colcon.colcon_core.environment:checking '/home/icrs/icrsUR/install/ur_description' for CMake config files
[1.066s] Level 1:colcon.colcon_core.shell:create_environment_hook('ur_description', 'cmake_prefix_path')
[1.066s] INFO:colcon.colcon_core.shell:Creating environment hook '/home/icrs/icrsUR/install/ur_description/share/ur_description/hook/cmake_prefix_path.ps1'
[1.067s] INFO:colcon.colcon_core.shell:Creating environment descriptor '/home/icrs/icrsUR/install/ur_description/share/ur_description/hook/cmake_prefix_path.dsv'
[1.067s] INFO:colcon.colcon_core.shell:Creating environment hook '/home/icrs/icrsUR/install/ur_description/share/ur_description/hook/cmake_prefix_path.sh'
[1.068s] Level 1:colcon.colcon_core.environment:checking '/home/icrs/icrsUR/install/ur_description/bin'
[1.068s] Level 1:colcon.colcon_core.environment:checking '/home/icrs/icrsUR/install/ur_description/lib/pkgconfig/ur_description.pc'
[1.069s] Level 1:colcon.colcon_core.environment:checking '/home/icrs/icrsUR/install/ur_description/lib/python3.10/site-packages'
[1.069s] Level 1:colcon.colcon_core.environment:checking '/home/icrs/icrsUR/install/ur_description/bin'
[1.069s] INFO:colcon.colcon_core.shell:Creating package script '/home/icrs/icrsUR/install/ur_description/share/ur_description/package.ps1'
[1.071s] INFO:colcon.colcon_core.shell:Creating package descriptor '/home/icrs/icrsUR/install/ur_description/share/ur_description/package.dsv'
[1.071s] INFO:colcon.colcon_core.shell:Creating package script '/home/icrs/icrsUR/install/ur_description/share/ur_description/package.sh'
[1.072s] INFO:colcon.colcon_core.shell:Creating package script '/home/icrs/icrsUR/install/ur_description/share/ur_description/package.bash'
[1.073s] INFO:colcon.colcon_core.shell:Creating package script '/home/icrs/icrsUR/install/ur_description/share/ur_description/package.zsh'
[1.074s] Level 1:colcon.colcon_core.environment:create_file_with_runtime_dependencies(/home/icrs/icrsUR/install/ur_description/share/colcon-core/packages/ur_description)
[1.077s] Level 1:colcon.colcon_core.environment:create_environment_scripts_only(robotiq_description)
[1.078s] Level 1:colcon.colcon_core.environment:checking '/home/icrs/icrsUR/install/robotiq_description' for CMake module files
[1.079s] Level 1:colcon.colcon_core.environment:checking '/home/icrs/icrsUR/install/robotiq_description' for CMake config files
[1.079s] Level 1:colcon.colcon_core.shell:create_environment_hook('robotiq_description', 'cmake_prefix_path')
[1.080s] INFO:colcon.colcon_core.shell:Creating environment hook '/home/icrs/icrsUR/install/robotiq_description/share/robotiq_description/hook/cmake_prefix_path.ps1'
[1.081s] INFO:colcon.colcon_core.shell:Creating environment descriptor '/home/icrs/icrsUR/install/robotiq_description/share/robotiq_description/hook/cmake_prefix_path.dsv'
[1.082s] DEBUG:colcon.colcon_core.event_handler.log_command:Invoked command in '/home/icrs/icrsUR/build/robotiq_description' returned '0': CMAKE_PREFIX_PATH=/opt/ros/humble /usr/bin/cmake --install /home/icrs/icrsUR/build/robotiq_description
[1.082s] INFO:colcon.colcon_core.shell:Creating environment hook '/home/icrs/icrsUR/install/robotiq_description/share/robotiq_description/hook/cmake_prefix_path.sh'
[1.084s] Level 1:colcon.colcon_core.environment:checking '/home/icrs/icrsUR/install/robotiq_description/bin'
[1.084s] Level 1:colcon.colcon_core.environment:checking '/home/icrs/icrsUR/install/robotiq_description/lib/pkgconfig/robotiq_description.pc'
[1.084s] Level 1:colcon.colcon_core.environment:checking '/home/icrs/icrsUR/install/robotiq_description/lib/python3.10/site-packages'
[1.085s] Level 1:colcon.colcon_core.environment:checking '/home/icrs/icrsUR/install/robotiq_description/bin'
[1.085s] INFO:colcon.colcon_core.shell:Creating package script '/home/icrs/icrsUR/install/robotiq_description/share/robotiq_description/package.ps1'
[1.086s] INFO:colcon.colcon_core.shell:Creating package descriptor '/home/icrs/icrsUR/install/robotiq_description/share/robotiq_description/package.dsv'
[1.087s] INFO:colcon.colcon_core.shell:Creating package script '/home/icrs/icrsUR/install/robotiq_description/share/robotiq_description/package.sh'
[1.088s] INFO:colcon.colcon_core.shell:Creating package script '/home/icrs/icrsUR/install/robotiq_description/share/robotiq_description/package.bash'
[1.089s] INFO:colcon.colcon_core.shell:Creating package script '/home/icrs/icrsUR/install/robotiq_description/share/robotiq_description/package.zsh'
[1.090s] Level 1:colcon.colcon_core.environment:create_file_with_runtime_dependencies(/home/icrs/icrsUR/install/robotiq_description/share/colcon-core/packages/robotiq_description)
[1.109s] Level 1:colcon.colcon_core.environment:create_environment_scripts_only(ur_description)
[1.109s] Level 1:colcon.colcon_core.environment:checking '/home/icrs/icrsUR/install/ur_description' for CMake module files
[1.110s] Level 1:colcon.colcon_core.environment:checking '/home/icrs/icrsUR/install/ur_description' for CMake config files
[1.110s] Level 1:colcon.colcon_core.shell:create_environment_hook('ur_description', 'cmake_prefix_path')
[1.111s] INFO:colcon.colcon_core.shell:Creating environment hook '/home/icrs/icrsUR/install/ur_description/share/ur_description/hook/cmake_prefix_path.ps1'
[1.112s] INFO:colcon.colcon_core.shell:Creating environment descriptor '/home/icrs/icrsUR/install/ur_description/share/ur_description/hook/cmake_prefix_path.dsv'
[1.113s] INFO:colcon.colcon_core.shell:Creating environment hook '/home/icrs/icrsUR/install/ur_description/share/ur_description/hook/cmake_prefix_path.sh'
[1.114s] Level 1:colcon.colcon_core.environment:checking '/home/icrs/icrsUR/install/ur_description/bin'
[1.114s] Level 1:colcon.colcon_core.environment:checking '/home/icrs/icrsUR/install/ur_description/lib/pkgconfig/ur_description.pc'
[1.114s] Level 1:colcon.colcon_core.environment:checking '/home/icrs/icrsUR/install/ur_description/lib/python3.10/site-packages'
[1.115s] Level 1:colcon.colcon_core.environment:checking '/home/icrs/icrsUR/install/ur_description/bin'
[1.115s] INFO:colcon.colcon_core.shell:Creating package script '/home/icrs/icrsUR/install/ur_description/share/ur_description/package.ps1'
[1.116s] INFO:colcon.colcon_core.shell:Creating package descriptor '/home/icrs/icrsUR/install/ur_description/share/ur_description/package.dsv'
[1.117s] INFO:colcon.colcon_core.shell:Creating package script '/home/icrs/icrsUR/install/ur_description/share/ur_description/package.sh'
[1.118s] INFO:colcon.colcon_core.shell:Creating package script '/home/icrs/icrsUR/install/ur_description/share/ur_description/package.bash'
[1.119s] INFO:colcon.colcon_core.shell:Creating package script '/home/icrs/icrsUR/install/ur_description/share/ur_description/package.zsh'
[1.120s] Level 1:colcon.colcon_core.environment:create_file_with_runtime_dependencies(/home/icrs/icrsUR/install/ur_description/share/colcon-core/packages/ur_description)
[1.121s] INFO:colcon.colcon_ros.task.ament_cmake.build:Building ROS package in '/home/icrs/icrsUR/src/Universal_Robots_ROS2_Driver/ur_moveit_config' with build type 'ament_cmake'
[1.121s] INFO:colcon.colcon_cmake.task.cmake.build:Building CMake package in '/home/icrs/icrsUR/src/Universal_Robots_ROS2_Driver/ur_moveit_config'
[1.121s] INFO:colcon.colcon_core.shell:Skip shell extension 'powershell' for command environment: Not usable outside of PowerShell
[1.122s] DEBUG:colcon.colcon_core.shell:Skip shell extension 'dsv' for command environment
[1.126s] Level 1:colcon.colcon_core.environment:create_environment_scripts_only(robotiq_description)
[1.127s] Level 1:colcon.colcon_core.environment:checking '/home/icrs/icrsUR/install/robotiq_description' for CMake module files
[1.127s] Level 1:colcon.colcon_core.environment:checking '/home/icrs/icrsUR/install/robotiq_description' for CMake config files
[1.128s] Level 1:colcon.colcon_core.shell:create_environment_hook('robotiq_description', 'cmake_prefix_path')
[1.129s] INFO:colcon.colcon_core.shell:Creating environment hook '/home/icrs/icrsUR/install/robotiq_description/share/robotiq_description/hook/cmake_prefix_path.ps1'
[1.129s] INFO:colcon.colcon_core.shell:Creating environment descriptor '/home/icrs/icrsUR/install/robotiq_description/share/robotiq_description/hook/cmake_prefix_path.dsv'
[1.130s] INFO:colcon.colcon_core.shell:Creating environment hook '/home/icrs/icrsUR/install/robotiq_description/share/robotiq_description/hook/cmake_prefix_path.sh'
[1.130s] Level 1:colcon.colcon_core.environment:checking '/home/icrs/icrsUR/install/robotiq_description/bin'
[1.131s] Level 1:colcon.colcon_core.environment:checking '/home/icrs/icrsUR/install/robotiq_description/lib/pkgconfig/robotiq_description.pc'
[1.131s] Level 1:colcon.colcon_core.environment:checking '/home/icrs/icrsUR/install/robotiq_description/lib/python3.10/site-packages'
[1.131s] Level 1:colcon.colcon_core.environment:checking '/home/icrs/icrsUR/install/robotiq_description/bin'
[1.132s] INFO:colcon.colcon_core.shell:Creating package script '/home/icrs/icrsUR/install/robotiq_description/share/robotiq_description/package.ps1'
[1.132s] INFO:colcon.colcon_core.shell:Creating package descriptor '/home/icrs/icrsUR/install/robotiq_description/share/robotiq_description/package.dsv'
[1.133s] INFO:colcon.colcon_core.shell:Creating package script '/home/icrs/icrsUR/install/robotiq_description/share/robotiq_description/package.sh'
[1.134s] INFO:colcon.colcon_core.shell:Creating package script '/home/icrs/icrsUR/install/robotiq_description/share/robotiq_description/package.bash'
[1.135s] INFO:colcon.colcon_core.shell:Creating package script '/home/icrs/icrsUR/install/robotiq_description/share/robotiq_description/package.zsh'
[1.136s] Level 1:colcon.colcon_core.environment:create_file_with_runtime_dependencies(/home/icrs/icrsUR/install/robotiq_description/share/colcon-core/packages/robotiq_description)
[1.139s] DEBUG:colcon.colcon_core.event_handler.log_command:Invoked command in '/home/icrs/icrsUR/build/ur_dashboard_msgs' returned '0': CMAKE_PREFIX_PATH=/opt/ros/humble /usr/bin/cmake --build /home/icrs/icrsUR/build/ur_dashboard_msgs -- -j8 -l8
[1.145s] DEBUG:colcon.colcon_core.event_handler.log_command:Invoking command in '/home/icrs/icrsUR/build/ur_moveit_config': AMENT_PREFIX_PATH=/home/icrs/icrsUR/install/ur_description:${AMENT_PREFIX_PATH} CMAKE_PREFIX_PATH=/home/icrs/icrsUR/install/ur_description:/opt/ros/humble /usr/bin/cmake --build /home/icrs/icrsUR/build/ur_moveit_config -- -j8 -l8
[1.221s] DEBUG:colcon.colcon_core.event_handler.log_command:Invoked command in '/home/icrs/icrsUR/build/ur_custom_interfaces' returned '0': CMAKE_PREFIX_PATH=/opt/ros/humble /usr/bin/cmake --build /home/icrs/icrsUR/build/ur_custom_interfaces -- -j8 -l8
[1.235s] DEBUG:colcon.colcon_core.event_handler.log_command:Invoked command in '/home/icrs/icrsUR/build/interfaces_ur5ik' returned '0': CMAKE_PREFIX_PATH=/opt/ros/humble /usr/bin/cmake --build /home/icrs/icrsUR/build/interfaces_ur5ik -- -j8 -l8
[1.286s] DEBUG:colcon.colcon_core.event_handler.log_command:Invoking command in '/home/icrs/icrsUR/build/ur_custom_interfaces': CMAKE_PREFIX_PATH=/opt/ros/humble /usr/bin/cmake --install /home/icrs/icrsUR/build/ur_custom_interfaces
[1.340s] DEBUG:colcon.colcon_core.event_handler.log_command:Invoking command in '/home/icrs/icrsUR/build/interfaces_ur5ik': CMAKE_PREFIX_PATH=/opt/ros/humble /usr/bin/cmake --install /home/icrs/icrsUR/build/interfaces_ur5ik
[1.401s] Level 1:colcon.colcon_core.environment:create_environment_scripts_only(ur_custom_interfaces)
[1.402s] Level 1:colcon.colcon_core.environment:checking '/home/icrs/icrsUR/install/ur_custom_interfaces' for CMake module files
[1.403s] DEBUG:colcon.colcon_core.event_handler.log_command:Invoked command in '/home/icrs/icrsUR/build/ur_custom_interfaces' returned '0': CMAKE_PREFIX_PATH=/opt/ros/humble /usr/bin/cmake --install /home/icrs/icrsUR/build/ur_custom_interfaces
[1.404s] Level 1:colcon.colcon_core.environment:checking '/home/icrs/icrsUR/install/ur_custom_interfaces' for CMake config files
[1.405s] Level 1:colcon.colcon_core.shell:create_environment_hook('ur_custom_interfaces', 'cmake_prefix_path')
[1.405s] INFO:colcon.colcon_core.shell:Creating environment hook '/home/icrs/icrsUR/install/ur_custom_interfaces/share/ur_custom_interfaces/hook/cmake_prefix_path.ps1'
[1.406s] INFO:colcon.colcon_core.shell:Creating environment descriptor '/home/icrs/icrsUR/install/ur_custom_interfaces/share/ur_custom_interfaces/hook/cmake_prefix_path.dsv'
[1.407s] INFO:colcon.colcon_core.shell:Creating environment hook '/home/icrs/icrsUR/install/ur_custom_interfaces/share/ur_custom_interfaces/hook/cmake_prefix_path.sh'
[1.408s] Level 1:colcon.colcon_core.environment:checking '/home/icrs/icrsUR/install/ur_custom_interfaces/lib'
[1.408s] Level 1:colcon.colcon_core.shell:create_environment_hook('ur_custom_interfaces', 'ld_library_path_lib')
[1.408s] INFO:colcon.colcon_core.shell:Creating environment hook '/home/icrs/icrsUR/install/ur_custom_interfaces/share/ur_custom_interfaces/hook/ld_library_path_lib.ps1'
[1.409s] INFO:colcon.colcon_core.shell:Creating environment descriptor '/home/icrs/icrsUR/install/ur_custom_interfaces/share/ur_custom_interfaces/hook/ld_library_path_lib.dsv'
[1.410s] INFO:colcon.colcon_core.shell:Creating environment hook '/home/icrs/icrsUR/install/ur_custom_interfaces/share/ur_custom_interfaces/hook/ld_library_path_lib.sh'
[1.410s] Level 1:colcon.colcon_core.environment:checking '/home/icrs/icrsUR/install/ur_custom_interfaces/bin'
[1.410s] Level 1:colcon.colcon_core.environment:checking '/home/icrs/icrsUR/install/ur_custom_interfaces/lib/pkgconfig/ur_custom_interfaces.pc'
[1.411s] Level 1:colcon.colcon_core.environment:checking '/home/icrs/icrsUR/install/ur_custom_interfaces/lib/python3.10/site-packages'
[1.411s] Level 1:colcon.colcon_core.environment:checking '/home/icrs/icrsUR/install/ur_custom_interfaces/bin'
[1.412s] INFO:colcon.colcon_core.shell:Creating package script '/home/icrs/icrsUR/install/ur_custom_interfaces/share/ur_custom_interfaces/package.ps1'
[1.413s] INFO:colcon.colcon_core.shell:Creating package descriptor '/home/icrs/icrsUR/install/ur_custom_interfaces/share/ur_custom_interfaces/package.dsv'
[1.414s] INFO:colcon.colcon_core.shell:Creating package script '/home/icrs/icrsUR/install/ur_custom_interfaces/share/ur_custom_interfaces/package.sh'
[1.415s] INFO:colcon.colcon_core.shell:Creating package script '/home/icrs/icrsUR/install/ur_custom_interfaces/share/ur_custom_interfaces/package.bash'
[1.415s] INFO:colcon.colcon_core.shell:Creating package script '/home/icrs/icrsUR/install/ur_custom_interfaces/share/ur_custom_interfaces/package.zsh'
[1.416s] Level 1:colcon.colcon_core.environment:create_file_with_runtime_dependencies(/home/icrs/icrsUR/install/ur_custom_interfaces/share/colcon-core/packages/ur_custom_interfaces)
[1.460s] Level 1:colcon.colcon_core.environment:create_environment_scripts_only(interfaces_ur5ik)
[1.461s] Level 1:colcon.colcon_core.environment:checking '/home/icrs/icrsUR/install/interfaces_ur5ik' for CMake module files
[1.462s] DEBUG:colcon.colcon_core.event_handler.log_command:Invoked command in '/home/icrs/icrsUR/build/interfaces_ur5ik' returned '0': CMAKE_PREFIX_PATH=/opt/ros/humble /usr/bin/cmake --install /home/icrs/icrsUR/build/interfaces_ur5ik
[1.463s] Level 1:colcon.colcon_core.environment:checking '/home/icrs/icrsUR/install/interfaces_ur5ik' for CMake config files
[1.464s] Level 1:colcon.colcon_core.shell:create_environment_hook('interfaces_ur5ik', 'cmake_prefix_path')
[1.464s] INFO:colcon.colcon_core.shell:Creating environment hook '/home/icrs/icrsUR/install/interfaces_ur5ik/share/interfaces_ur5ik/hook/cmake_prefix_path.ps1'
[1.465s] INFO:colcon.colcon_core.shell:Creating environment descriptor '/home/icrs/icrsUR/install/interfaces_ur5ik/share/interfaces_ur5ik/hook/cmake_prefix_path.dsv'
[1.466s] INFO:colcon.colcon_core.shell:Creating environment hook '/home/icrs/icrsUR/install/interfaces_ur5ik/share/interfaces_ur5ik/hook/cmake_prefix_path.sh'
[1.467s] Level 1:colcon.colcon_core.environment:checking '/home/icrs/icrsUR/install/interfaces_ur5ik/lib'
[1.467s] Level 1:colcon.colcon_core.shell:create_environment_hook('interfaces_ur5ik', 'ld_library_path_lib')
[1.468s] INFO:colcon.colcon_core.shell:Creating environment hook '/home/icrs/icrsUR/install/interfaces_ur5ik/share/interfaces_ur5ik/hook/ld_library_path_lib.ps1'
[1.469s] INFO:colcon.colcon_core.shell:Creating environment descriptor '/home/icrs/icrsUR/install/interfaces_ur5ik/share/interfaces_ur5ik/hook/ld_library_path_lib.dsv'
[1.469s] INFO:colcon.colcon_core.shell:Creating environment hook '/home/icrs/icrsUR/install/interfaces_ur5ik/share/interfaces_ur5ik/hook/ld_library_path_lib.sh'
[1.470s] Level 1:colcon.colcon_core.environment:checking '/home/icrs/icrsUR/install/interfaces_ur5ik/bin'
[1.471s] Level 1:colcon.colcon_core.environment:checking '/home/icrs/icrsUR/install/interfaces_ur5ik/lib/pkgconfig/interfaces_ur5ik.pc'
[1.471s] Level 1:colcon.colcon_core.environment:checking '/home/icrs/icrsUR/install/interfaces_ur5ik/lib/python3.10/site-packages'
[1.472s] Level 1:colcon.colcon_core.environment:checking '/home/icrs/icrsUR/install/interfaces_ur5ik/bin'
[1.472s] INFO:colcon.colcon_core.shell:Creating package script '/home/icrs/icrsUR/install/interfaces_ur5ik/share/interfaces_ur5ik/package.ps1'
[1.473s] INFO:colcon.colcon_core.shell:Creating package descriptor '/home/icrs/icrsUR/install/interfaces_ur5ik/share/interfaces_ur5ik/package.dsv'
[1.474s] INFO:colcon.colcon_core.shell:Creating package script '/home/icrs/icrsUR/install/interfaces_ur5ik/share/interfaces_ur5ik/package.sh'
[1.475s] INFO:colcon.colcon_core.shell:Creating package script '/home/icrs/icrsUR/install/interfaces_ur5ik/share/interfaces_ur5ik/package.bash'
[1.476s] INFO:colcon.colcon_core.shell:Creating package script '/home/icrs/icrsUR/install/interfaces_ur5ik/share/interfaces_ur5ik/package.zsh'
[1.477s] Level 1:colcon.colcon_core.environment:create_file_with_runtime_dependencies(/home/icrs/icrsUR/install/interfaces_ur5ik/share/colcon-core/packages/interfaces_ur5ik)
[1.489s] DEBUG:colcon.colcon_core.event_handler.log_command:Invoking command in '/home/icrs/icrsUR/build/ur_dashboard_msgs': CMAKE_PREFIX_PATH=/opt/ros/humble /usr/bin/cmake --install /home/icrs/icrsUR/build/ur_dashboard_msgs
[1.497s] Level 1:colcon.colcon_core.environment:create_environment_scripts_only(ur_custom_interfaces)
[1.497s] Level 1:colcon.colcon_core.environment:checking '/home/icrs/icrsUR/install/ur_custom_interfaces' for CMake module files
[1.499s] Level 1:colcon.colcon_core.environment:checking '/home/icrs/icrsUR/install/ur_custom_interfaces' for CMake config files
[1.499s] Level 1:colcon.colcon_core.shell:create_environment_hook('ur_custom_interfaces', 'cmake_prefix_path')
[1.500s] INFO:colcon.colcon_core.shell:Creating environment hook '/home/icrs/icrsUR/install/ur_custom_interfaces/share/ur_custom_interfaces/hook/cmake_prefix_path.ps1'
[1.500s] INFO:colcon.colcon_core.shell:Creating environment descriptor '/home/icrs/icrsUR/install/ur_custom_interfaces/share/ur_custom_interfaces/hook/cmake_prefix_path.dsv'
[1.501s] INFO:colcon.colcon_core.shell:Creating environment hook '/home/icrs/icrsUR/install/ur_custom_interfaces/share/ur_custom_interfaces/hook/cmake_prefix_path.sh'
[1.502s] Level 1:colcon.colcon_core.environment:checking '/home/icrs/icrsUR/install/ur_custom_interfaces/lib'
[1.502s] Level 1:colcon.colcon_core.shell:create_environment_hook('ur_custom_interfaces', 'ld_library_path_lib')
[1.503s] INFO:colcon.colcon_core.shell:Creating environment hook '/home/icrs/icrsUR/install/ur_custom_interfaces/share/ur_custom_interfaces/hook/ld_library_path_lib.ps1'
[1.504s] INFO:colcon.colcon_core.shell:Creating environment descriptor '/home/icrs/icrsUR/install/ur_custom_interfaces/share/ur_custom_interfaces/hook/ld_library_path_lib.dsv'
[1.504s] INFO:colcon.colcon_core.shell:Creating environment hook '/home/icrs/icrsUR/install/ur_custom_interfaces/share/ur_custom_interfaces/hook/ld_library_path_lib.sh'
[1.506s] Level 1:colcon.colcon_core.environment:checking '/home/icrs/icrsUR/install/ur_custom_interfaces/bin'
[1.507s] Level 1:colcon.colcon_core.environment:checking '/home/icrs/icrsUR/install/ur_custom_interfaces/lib/pkgconfig/ur_custom_interfaces.pc'
[1.508s] Level 1:colcon.colcon_core.environment:checking '/home/icrs/icrsUR/install/ur_custom_interfaces/lib/python3.10/site-packages'
[1.508s] Level 1:colcon.colcon_core.environment:checking '/home/icrs/icrsUR/install/ur_custom_interfaces/bin'
[1.509s] INFO:colcon.colcon_core.shell:Creating package script '/home/icrs/icrsUR/install/ur_custom_interfaces/share/ur_custom_interfaces/package.ps1'
[1.512s] INFO:colcon.colcon_core.shell:Creating package descriptor '/home/icrs/icrsUR/install/ur_custom_interfaces/share/ur_custom_interfaces/package.dsv'
[1.515s] INFO:colcon.colcon_core.shell:Creating package script '/home/icrs/icrsUR/install/ur_custom_interfaces/share/ur_custom_interfaces/package.sh'
[1.517s] INFO:colcon.colcon_core.shell:Creating package script '/home/icrs/icrsUR/install/ur_custom_interfaces/share/ur_custom_interfaces/package.bash'
[1.520s] INFO:colcon.colcon_core.shell:Creating package script '/home/icrs/icrsUR/install/ur_custom_interfaces/share/ur_custom_interfaces/package.zsh'
[1.522s] Level 1:colcon.colcon_core.environment:create_file_with_runtime_dependencies(/home/icrs/icrsUR/install/ur_custom_interfaces/share/colcon-core/packages/ur_custom_interfaces)
[1.524s] INFO:colcon.colcon_ros.task.ament_python.build:Building ROS package in '/home/icrs/icrsUR/src/camera_control' with build type 'ament_python'
[1.525s] Level 1:colcon.colcon_core.shell:create_environment_hook('camera_control', 'ament_prefix_path')
[1.525s] INFO:colcon.colcon_core.shell:Creating environment hook '/home/icrs/icrsUR/install/camera_control/share/camera_control/hook/ament_prefix_path.ps1'
[1.527s] INFO:colcon.colcon_core.shell:Creating environment descriptor '/home/icrs/icrsUR/install/camera_control/share/camera_control/hook/ament_prefix_path.dsv'
[1.529s] INFO:colcon.colcon_core.shell:Creating environment hook '/home/icrs/icrsUR/install/camera_control/share/camera_control/hook/ament_prefix_path.sh'
[1.530s] INFO:colcon.colcon_core.shell:Skip shell extension 'powershell' for command environment: Not usable outside of PowerShell
[1.530s] DEBUG:colcon.colcon_core.shell:Skip shell extension 'dsv' for command environment
[1.894s] WARNING:colcon.colcon_ros.task.ament_python.build:Package 'camera_control' doesn't explicitly install a marker in the package index (colcon-ros currently does it implicitly but that fallback will be removed in the future)
[1.894s] INFO:colcon.colcon_core.task.python.build:Building Python package in '/home/icrs/icrsUR/src/camera_control'
[1.895s] INFO:colcon.colcon_core.shell:Skip shell extension 'powershell' for command environment: Not usable outside of PowerShell
[1.895s] DEBUG:colcon.colcon_core.shell:Skip shell extension 'dsv' for command environment
[1.898s] Level 1:colcon.colcon_core.environment:create_environment_scripts_only(interfaces_ur5ik)
[1.899s] Level 1:colcon.colcon_core.environment:checking '/home/icrs/icrsUR/install/interfaces_ur5ik' for CMake module files
[1.899s] Level 1:colcon.colcon_core.environment:checking '/home/icrs/icrsUR/install/interfaces_ur5ik' for CMake config files
[1.900s] Level 1:colcon.colcon_core.shell:create_environment_hook('interfaces_ur5ik', 'cmake_prefix_path')
[1.900s] INFO:colcon.colcon_core.shell:Creating environment hook '/home/icrs/icrsUR/install/interfaces_ur5ik/share/interfaces_ur5ik/hook/cmake_prefix_path.ps1'
[1.900s] INFO:colcon.colcon_core.shell:Creating environment descriptor '/home/icrs/icrsUR/install/interfaces_ur5ik/share/interfaces_ur5ik/hook/cmake_prefix_path.dsv'
[1.901s] INFO:colcon.colcon_core.shell:Creating environment hook '/home/icrs/icrsUR/install/interfaces_ur5ik/share/interfaces_ur5ik/hook/cmake_prefix_path.sh'
[1.901s] Level 1:colcon.colcon_core.environment:checking '/home/icrs/icrsUR/install/interfaces_ur5ik/lib'
[1.901s] Level 1:colcon.colcon_core.shell:create_environment_hook('interfaces_ur5ik', 'ld_library_path_lib')
[1.902s] INFO:colcon.colcon_core.shell:Creating environment hook '/home/icrs/icrsUR/install/interfaces_ur5ik/share/interfaces_ur5ik/hook/ld_library_path_lib.ps1'
[1.902s] INFO:colcon.colcon_core.shell:Creating environment descriptor '/home/icrs/icrsUR/install/interfaces_ur5ik/share/interfaces_ur5ik/hook/ld_library_path_lib.dsv'
[1.902s] INFO:colcon.colcon_core.shell:Creating environment hook '/home/icrs/icrsUR/install/interfaces_ur5ik/share/interfaces_ur5ik/hook/ld_library_path_lib.sh'
[1.903s] Level 1:colcon.colcon_core.environment:checking '/home/icrs/icrsUR/install/interfaces_ur5ik/bin'
[1.903s] Level 1:colcon.colcon_core.environment:checking '/home/icrs/icrsUR/install/interfaces_ur5ik/lib/pkgconfig/interfaces_ur5ik.pc'
[1.903s] Level 1:colcon.colcon_core.environment:checking '/home/icrs/icrsUR/install/interfaces_ur5ik/lib/python3.10/site-packages'
[1.903s] Level 1:colcon.colcon_core.environment:checking '/home/icrs/icrsUR/install/interfaces_ur5ik/bin'
[1.903s] INFO:colcon.colcon_core.shell:Creating package script '/home/icrs/icrsUR/install/interfaces_ur5ik/share/interfaces_ur5ik/package.ps1'
[1.904s] INFO:colcon.colcon_core.shell:Creating package descriptor '/home/icrs/icrsUR/install/interfaces_ur5ik/share/interfaces_ur5ik/package.dsv'
[1.904s] INFO:colcon.colcon_core.shell:Creating package script '/home/icrs/icrsUR/install/interfaces_ur5ik/share/interfaces_ur5ik/package.sh'
[1.905s] INFO:colcon.colcon_core.shell:Creating package script '/home/icrs/icrsUR/install/interfaces_ur5ik/share/interfaces_ur5ik/package.bash'
[1.906s] INFO:colcon.colcon_core.shell:Creating package script '/home/icrs/icrsUR/install/interfaces_ur5ik/share/interfaces_ur5ik/package.zsh'
[1.906s] Level 1:colcon.colcon_core.environment:create_file_with_runtime_dependencies(/home/icrs/icrsUR/install/interfaces_ur5ik/share/colcon-core/packages/interfaces_ur5ik)
[1.908s] INFO:colcon.colcon_ros.task.ament_cmake.build:Building ROS package in '/home/icrs/icrsUR/src/service_ur5ik' with build type 'ament_cmake'
[1.908s] INFO:colcon.colcon_cmake.task.cmake.build:Building CMake package in '/home/icrs/icrsUR/src/service_ur5ik'
[1.909s] INFO:colcon.colcon_core.shell:Skip shell extension 'powershell' for command environment: Not usable outside of PowerShell
[1.909s] DEBUG:colcon.colcon_core.shell:Skip shell extension 'dsv' for command environment
[1.909s] DEBUG:colcon.colcon_core.event_handler.log_command:Invoking command in '/home/icrs/icrsUR/build/gripper_control': PYTHONPATH=/home/icrs/icrsUR/build/gripper_control/prefix_override:/usr/lib/python3/dist-packages/colcon_core/task/python/colcon_distutils_commands:/home/icrs/icrsUR/install/gripper_control/lib/python3.10/site-packages:${PYTHONPATH} /usr/bin/python3 -W ignore:setup.py install is deprecated setup.py develop --editable --build-directory /home/icrs/icrsUR/build/gripper_control/build --no-deps symlink_data
[1.912s] INFO:colcon.colcon_ros.task.ament_cmake.build:Building ROS package in '/home/icrs/icrsUR/src/ur_mover' with build type 'ament_cmake'
[1.912s] INFO:colcon.colcon_cmake.task.cmake.build:Building CMake package in '/home/icrs/icrsUR/src/ur_mover'
[1.912s] INFO:colcon.colcon_core.shell:Skip shell extension 'powershell' for command environment: Not usable outside of PowerShell
[1.912s] DEBUG:colcon.colcon_core.shell:Skip shell extension 'dsv' for command environment
[1.916s] Level 1:colcon.colcon_core.environment:create_environment_scripts_only(ur_dashboard_msgs)
[1.916s] Level 1:colcon.colcon_core.environment:checking '/home/icrs/icrsUR/install/ur_dashboard_msgs' for CMake module files
[1.917s] DEBUG:colcon.colcon_core.event_handler.log_command:Invoked command in '/home/icrs/icrsUR/build/ur_dashboard_msgs' returned '0': CMAKE_PREFIX_PATH=/opt/ros/humble /usr/bin/cmake --install /home/icrs/icrsUR/build/ur_dashboard_msgs
[1.918s] Level 1:colcon.colcon_core.environment:checking '/home/icrs/icrsUR/install/ur_dashboard_msgs' for CMake config files
[1.918s] Level 1:colcon.colcon_core.shell:create_environment_hook('ur_dashboard_msgs', 'cmake_prefix_path')
[1.918s] INFO:colcon.colcon_core.shell:Creating environment hook '/home/icrs/icrsUR/install/ur_dashboard_msgs/share/ur_dashboard_msgs/hook/cmake_prefix_path.ps1'
[1.919s] INFO:colcon.colcon_core.shell:Creating environment descriptor '/home/icrs/icrsUR/install/ur_dashboard_msgs/share/ur_dashboard_msgs/hook/cmake_prefix_path.dsv'
[1.920s] INFO:colcon.colcon_core.shell:Creating environment hook '/home/icrs/icrsUR/install/ur_dashboard_msgs/share/ur_dashboard_msgs/hook/cmake_prefix_path.sh'
[1.921s] Level 1:colcon.colcon_core.environment:checking '/home/icrs/icrsUR/install/ur_dashboard_msgs/lib'
[1.921s] Level 1:colcon.colcon_core.shell:create_environment_hook('ur_dashboard_msgs', 'ld_library_path_lib')
[1.921s] INFO:colcon.colcon_core.shell:Creating environment hook '/home/icrs/icrsUR/install/ur_dashboard_msgs/share/ur_dashboard_msgs/hook/ld_library_path_lib.ps1'
[1.922s] INFO:colcon.colcon_core.shell:Creating environment descriptor '/home/icrs/icrsUR/install/ur_dashboard_msgs/share/ur_dashboard_msgs/hook/ld_library_path_lib.dsv'
[1.923s] INFO:colcon.colcon_core.shell:Creating environment hook '/home/icrs/icrsUR/install/ur_dashboard_msgs/share/ur_dashboard_msgs/hook/ld_library_path_lib.sh'
[1.923s] Level 1:colcon.colcon_core.environment:checking '/home/icrs/icrsUR/install/ur_dashboard_msgs/bin'
[1.923s] Level 1:colcon.colcon_core.environment:checking '/home/icrs/icrsUR/install/ur_dashboard_msgs/lib/pkgconfig/ur_dashboard_msgs.pc'
[1.924s] Level 1:colcon.colcon_core.environment:checking '/home/icrs/icrsUR/install/ur_dashboard_msgs/lib/python3.10/site-packages'
[1.924s] Level 1:colcon.colcon_core.environment:checking '/home/icrs/icrsUR/install/ur_dashboard_msgs/bin'
[1.925s] INFO:colcon.colcon_core.shell:Creating package script '/home/icrs/icrsUR/install/ur_dashboard_msgs/share/ur_dashboard_msgs/package.ps1'
[1.925s] INFO:colcon.colcon_core.shell:Creating package descriptor '/home/icrs/icrsUR/install/ur_dashboard_msgs/share/ur_dashboard_msgs/package.dsv'
[1.926s] INFO:colcon.colcon_core.shell:Creating package script '/home/icrs/icrsUR/install/ur_dashboard_msgs/share/ur_dashboard_msgs/package.sh'
[1.927s] INFO:colcon.colcon_core.shell:Creating package script '/home/icrs/icrsUR/install/ur_dashboard_msgs/share/ur_dashboard_msgs/package.bash'
[1.927s] INFO:colcon.colcon_core.shell:Creating package script '/home/icrs/icrsUR/install/ur_dashboard_msgs/share/ur_dashboard_msgs/package.zsh'
[1.928s] Level 1:colcon.colcon_core.environment:create_file_with_runtime_dependencies(/home/icrs/icrsUR/install/ur_dashboard_msgs/share/colcon-core/packages/ur_dashboard_msgs)
[1.930s] DEBUG:colcon.colcon_core.event_handler.log_command:Invoked command in '/home/icrs/icrsUR/build/ur_moveit_config' returned '0': AMENT_PREFIX_PATH=/home/icrs/icrsUR/install/ur_description:${AMENT_PREFIX_PATH} CMAKE_PREFIX_PATH=/home/icrs/icrsUR/install/ur_description:/opt/ros/humble /usr/bin/cmake --build /home/icrs/icrsUR/build/ur_moveit_config -- -j8 -l8
[1.941s] DEBUG:colcon.colcon_core.event_handler.log_command:Invoking command in '/home/icrs/icrsUR/build/service_ur5ik': AMENT_PREFIX_PATH=/home/icrs/icrsUR/install/interfaces_ur5ik:${AMENT_PREFIX_PATH} CMAKE_PREFIX_PATH=/home/icrs/icrsUR/install/interfaces_ur5ik:/opt/ros/humble LD_LIBRARY_PATH=/home/icrs/icrsUR/install/interfaces_ur5ik/lib:${LD_LIBRARY_PATH} PYTHONPATH=/home/icrs/icrsUR/install/interfaces_ur5ik/local/lib/python3.10/dist-packages:${PYTHONPATH} /usr/bin/cmake --build /home/icrs/icrsUR/build/service_ur5ik -- -j8 -l8
[1.950s] DEBUG:colcon.colcon_core.event_handler.log_command:Invoking command in '/home/icrs/icrsUR/build/ur_mover': AMENT_PREFIX_PATH=/home/icrs/icrsUR/install/ur_custom_interfaces:/home/icrs/icrsUR/install/interfaces_ur5ik:${AMENT_PREFIX_PATH} CMAKE_PREFIX_PATH=/home/icrs/icrsUR/install/ur_custom_interfaces:/home/icrs/icrsUR/install/interfaces_ur5ik:/opt/ros/humble LD_LIBRARY_PATH=/home/icrs/icrsUR/install/ur_custom_interfaces/lib:/home/icrs/icrsUR/install/interfaces_ur5ik/lib:${LD_LIBRARY_PATH} PYTHONPATH=/home/icrs/icrsUR/install/ur_custom_interfaces/local/lib/python3.10/dist-packages:/home/icrs/icrsUR/install/interfaces_ur5ik/local/lib/python3.10/dist-packages:${PYTHONPATH} /usr/bin/cmake --build /home/icrs/icrsUR/build/ur_mover -- -j8 -l8
[1.954s] DEBUG:colcon.colcon_core.event_handler.log_command:Invoking command in '/home/icrs/icrsUR/build/ur_moveit_config': AMENT_PREFIX_PATH=/home/icrs/icrsUR/install/ur_description:${AMENT_PREFIX_PATH} CMAKE_PREFIX_PATH=/home/icrs/icrsUR/install/ur_description:/opt/ros/humble /usr/bin/cmake --install /home/icrs/icrsUR/build/ur_moveit_config
[2.137s] Level 1:colcon.colcon_core.environment:create_environment_scripts_only(ur_moveit_config)
[2.137s] DEBUG:colcon.colcon_core.event_handler.log_command:Invoked command in '/home/icrs/icrsUR/build/ur_moveit_config' returned '0': AMENT_PREFIX_PATH=/home/icrs/icrsUR/install/ur_description:${AMENT_PREFIX_PATH} CMAKE_PREFIX_PATH=/home/icrs/icrsUR/install/ur_description:/opt/ros/humble /usr/bin/cmake --install /home/icrs/icrsUR/build/ur_moveit_config
[2.138s] Level 1:colcon.colcon_core.environment:checking '/home/icrs/icrsUR/install/ur_moveit_config' for CMake module files
[2.139s] Level 1:colcon.colcon_core.environment:checking '/home/icrs/icrsUR/install/ur_moveit_config' for CMake config files
[2.139s] Level 1:colcon.colcon_core.shell:create_environment_hook('ur_moveit_config', 'cmake_prefix_path')
[2.140s] INFO:colcon.colcon_core.shell:Creating environment hook '/home/icrs/icrsUR/install/ur_moveit_config/share/ur_moveit_config/hook/cmake_prefix_path.ps1'
[2.141s] INFO:colcon.colcon_core.shell:Creating environment descriptor '/home/icrs/icrsUR/install/ur_moveit_config/share/ur_moveit_config/hook/cmake_prefix_path.dsv'
[2.141s] INFO:colcon.colcon_core.shell:Creating environment hook '/home/icrs/icrsUR/install/ur_moveit_config/share/ur_moveit_config/hook/cmake_prefix_path.sh'
[2.142s] Level 1:colcon.colcon_core.environment:checking '/home/icrs/icrsUR/install/ur_moveit_config/bin'
[2.142s] Level 1:colcon.colcon_core.environment:checking '/home/icrs/icrsUR/install/ur_moveit_config/lib/pkgconfig/ur_moveit_config.pc'
[2.143s] Level 1:colcon.colcon_core.environment:checking '/home/icrs/icrsUR/install/ur_moveit_config/lib/python3.10/site-packages'
[2.143s] Level 1:colcon.colcon_core.environment:checking '/home/icrs/icrsUR/install/ur_moveit_config/bin'
[2.144s] INFO:colcon.colcon_core.shell:Creating package script '/home/icrs/icrsUR/install/ur_moveit_config/share/ur_moveit_config/package.ps1'
[2.145s] INFO:colcon.colcon_core.shell:Creating package descriptor '/home/icrs/icrsUR/install/ur_moveit_config/share/ur_moveit_config/package.dsv'
[2.145s] INFO:colcon.colcon_core.shell:Creating package script '/home/icrs/icrsUR/install/ur_moveit_config/share/ur_moveit_config/package.sh'
[2.146s] INFO:colcon.colcon_core.shell:Creating package script '/home/icrs/icrsUR/install/ur_moveit_config/share/ur_moveit_config/package.bash'
[2.147s] INFO:colcon.colcon_core.shell:Creating package script '/home/icrs/icrsUR/install/ur_moveit_config/share/ur_moveit_config/package.zsh'
[2.148s] Level 1:colcon.colcon_core.environment:create_file_with_runtime_dependencies(/home/icrs/icrsUR/install/ur_moveit_config/share/colcon-core/packages/ur_moveit_config)
[2.173s] Level 1:colcon.colcon_core.environment:create_environment_scripts_only(ur_moveit_config)
[2.174s] Level 1:colcon.colcon_core.environment:checking '/home/icrs/icrsUR/install/ur_moveit_config' for CMake module files
[2.175s] Level 1:colcon.colcon_core.environment:checking '/home/icrs/icrsUR/install/ur_moveit_config' for CMake config files
[2.175s] Level 1:colcon.colcon_core.shell:create_environment_hook('ur_moveit_config', 'cmake_prefix_path')
[2.175s] INFO:colcon.colcon_core.shell:Creating environment hook '/home/icrs/icrsUR/install/ur_moveit_config/share/ur_moveit_config/hook/cmake_prefix_path.ps1'
[2.176s] INFO:colcon.colcon_core.shell:Creating environment descriptor '/home/icrs/icrsUR/install/ur_moveit_config/share/ur_moveit_config/hook/cmake_prefix_path.dsv'
[2.177s] INFO:colcon.colcon_core.shell:Creating environment hook '/home/icrs/icrsUR/install/ur_moveit_config/share/ur_moveit_config/hook/cmake_prefix_path.sh'
[2.178s] Level 1:colcon.colcon_core.environment:checking '/home/icrs/icrsUR/install/ur_moveit_config/bin'
[2.178s] Level 1:colcon.colcon_core.environment:checking '/home/icrs/icrsUR/install/ur_moveit_config/lib/pkgconfig/ur_moveit_config.pc'
[2.179s] Level 1:colcon.colcon_core.environment:checking '/home/icrs/icrsUR/install/ur_moveit_config/lib/python3.10/site-packages'
[2.179s] Level 1:colcon.colcon_core.environment:checking '/home/icrs/icrsUR/install/ur_moveit_config/bin'
[2.180s] INFO:colcon.colcon_core.shell:Creating package script '/home/icrs/icrsUR/install/ur_moveit_config/share/ur_moveit_config/package.ps1'
[2.181s] INFO:colcon.colcon_core.shell:Creating package descriptor '/home/icrs/icrsUR/install/ur_moveit_config/share/ur_moveit_config/package.dsv'
[2.182s] INFO:colcon.colcon_core.shell:Creating package script '/home/icrs/icrsUR/install/ur_moveit_config/share/ur_moveit_config/package.sh'
[2.182s] INFO:colcon.colcon_core.shell:Creating package script '/home/icrs/icrsUR/install/ur_moveit_config/share/ur_moveit_config/package.bash'
[2.183s] INFO:colcon.colcon_core.shell:Creating package script '/home/icrs/icrsUR/install/ur_moveit_config/share/ur_moveit_config/package.zsh'
[2.184s] Level 1:colcon.colcon_core.environment:create_file_with_runtime_dependencies(/home/icrs/icrsUR/install/ur_moveit_config/share/colcon-core/packages/ur_moveit_config)
[2.304s] Level 1:colcon.colcon_core.environment:create_environment_scripts_only(ur_dashboard_msgs)
[2.305s] Level 1:colcon.colcon_core.environment:checking '/home/icrs/icrsUR/install/ur_dashboard_msgs' for CMake module files
[2.306s] Level 1:colcon.colcon_core.environment:checking '/home/icrs/icrsUR/install/ur_dashboard_msgs' for CMake config files
[2.306s] Level 1:colcon.colcon_core.shell:create_environment_hook('ur_dashboard_msgs', 'cmake_prefix_path')
[2.307s] INFO:colcon.colcon_core.shell:Creating environment hook '/home/icrs/icrsUR/install/ur_dashboard_msgs/share/ur_dashboard_msgs/hook/cmake_prefix_path.ps1'
[2.308s] INFO:colcon.colcon_core.shell:Creating environment descriptor '/home/icrs/icrsUR/install/ur_dashboard_msgs/share/ur_dashboard_msgs/hook/cmake_prefix_path.dsv'
[2.309s] INFO:colcon.colcon_core.shell:Creating environment hook '/home/icrs/icrsUR/install/ur_dashboard_msgs/share/ur_dashboard_msgs/hook/cmake_prefix_path.sh'
[2.310s] Level 1:colcon.colcon_core.environment:checking '/home/icrs/icrsUR/install/ur_dashboard_msgs/lib'
[2.310s] Level 1:colcon.colcon_core.shell:create_environment_hook('ur_dashboard_msgs', 'ld_library_path_lib')
[2.310s] INFO:colcon.colcon_core.shell:Creating environment hook '/home/icrs/icrsUR/install/ur_dashboard_msgs/share/ur_dashboard_msgs/hook/ld_library_path_lib.ps1'
[2.311s] INFO:colcon.colcon_core.shell:Creating environment descriptor '/home/icrs/icrsUR/install/ur_dashboard_msgs/share/ur_dashboard_msgs/hook/ld_library_path_lib.dsv'
[2.312s] INFO:colcon.colcon_core.shell:Creating environment hook '/home/icrs/icrsUR/install/ur_dashboard_msgs/share/ur_dashboard_msgs/hook/ld_library_path_lib.sh'
[2.312s] Level 1:colcon.colcon_core.environment:checking '/home/icrs/icrsUR/install/ur_dashboard_msgs/bin'
[2.313s] Level 1:colcon.colcon_core.environment:checking '/home/icrs/icrsUR/install/ur_dashboard_msgs/lib/pkgconfig/ur_dashboard_msgs.pc'
[2.313s] Level 1:colcon.colcon_core.environment:checking '/home/icrs/icrsUR/install/ur_dashboard_msgs/lib/python3.10/site-packages'
[2.313s] Level 1:colcon.colcon_core.environment:checking '/home/icrs/icrsUR/install/ur_dashboard_msgs/bin'
[2.314s] INFO:colcon.colcon_core.shell:Creating package script '/home/icrs/icrsUR/install/ur_dashboard_msgs/share/ur_dashboard_msgs/package.ps1'
[2.315s] INFO:colcon.colcon_core.shell:Creating package descriptor '/home/icrs/icrsUR/install/ur_dashboard_msgs/share/ur_dashboard_msgs/package.dsv'
[2.316s] INFO:colcon.colcon_core.shell:Creating package script '/home/icrs/icrsUR/install/ur_dashboard_msgs/share/ur_dashboard_msgs/package.sh'
[2.317s] INFO:colcon.colcon_core.shell:Creating package script '/home/icrs/icrsUR/install/ur_dashboard_msgs/share/ur_dashboard_msgs/package.bash'
[2.318s] INFO:colcon.colcon_core.shell:Creating package script '/home/icrs/icrsUR/install/ur_dashboard_msgs/share/ur_dashboard_msgs/package.zsh'
[2.319s] Level 1:colcon.colcon_core.environment:create_file_with_runtime_dependencies(/home/icrs/icrsUR/install/ur_dashboard_msgs/share/colcon-core/packages/ur_dashboard_msgs)
[2.320s] INFO:colcon.colcon_ros.task.ament_cmake.build:Building ROS package in '/home/icrs/icrsUR/src/Universal_Robots_ROS2_Driver/ur_controllers' with build type 'ament_cmake'
[2.321s] INFO:colcon.colcon_cmake.task.cmake.build:Building CMake package in '/home/icrs/icrsUR/src/Universal_Robots_ROS2_Driver/ur_controllers'
[2.321s] INFO:colcon.colcon_core.shell:Skip shell extension 'powershell' for command environment: Not usable outside of PowerShell
[2.321s] DEBUG:colcon.colcon_core.shell:Skip shell extension 'dsv' for command environment
[2.335s] DEBUG:colcon.colcon_core.event_handler.log_command:Invoking command in '/home/icrs/icrsUR/build/ur_controllers': AMENT_PREFIX_PATH=/home/icrs/icrsUR/install/ur_dashboard_msgs:${AMENT_PREFIX_PATH} CMAKE_PREFIX_PATH=/home/icrs/icrsUR/install/ur_dashboard_msgs:/opt/ros/humble LD_LIBRARY_PATH=/home/icrs/icrsUR/install/ur_dashboard_msgs/lib:${LD_LIBRARY_PATH} PYTHONPATH=/home/icrs/icrsUR/install/ur_dashboard_msgs/local/lib/python3.10/dist-packages:${PYTHONPATH} /usr/bin/cmake --build /home/icrs/icrsUR/build/ur_controllers -- -j8 -l8
[2.473s] DEBUG:colcon.colcon_core.event_handler.log_command:Invoked command in '/home/icrs/icrsUR/build/ur_controllers' returned '0': AMENT_PREFIX_PATH=/home/icrs/icrsUR/install/ur_dashboard_msgs:${AMENT_PREFIX_PATH} CMAKE_PREFIX_PATH=/home/icrs/icrsUR/install/ur_dashboard_msgs:/opt/ros/humble LD_LIBRARY_PATH=/home/icrs/icrsUR/install/ur_dashboard_msgs/lib:${LD_LIBRARY_PATH} PYTHONPATH=/home/icrs/icrsUR/install/ur_dashboard_msgs/local/lib/python3.10/dist-packages:${PYTHONPATH} /usr/bin/cmake --build /home/icrs/icrsUR/build/ur_controllers -- -j8 -l8
[2.506s] DEBUG:colcon.colcon_core.event_handler.log_command:Invoking command in '/home/icrs/icrsUR/build/ur_controllers': AMENT_PREFIX_PATH=/home/icrs/icrsUR/install/ur_dashboard_msgs:${AMENT_PREFIX_PATH} CMAKE_PREFIX_PATH=/home/icrs/icrsUR/install/ur_dashboard_msgs:/opt/ros/humble LD_LIBRARY_PATH=/home/icrs/icrsUR/install/ur_dashboard_msgs/lib:${LD_LIBRARY_PATH} PYTHONPATH=/home/icrs/icrsUR/install/ur_dashboard_msgs/local/lib/python3.10/dist-packages:${PYTHONPATH} /usr/bin/cmake --install /home/icrs/icrsUR/build/ur_controllers
[2.533s] Level 1:colcon.colcon_core.environment:create_environment_scripts_only(ur_controllers)
[2.534s] DEBUG:colcon.colcon_core.event_handler.log_command:Invoked command in '/home/icrs/icrsUR/build/ur_controllers' returned '0': AMENT_PREFIX_PATH=/home/icrs/icrsUR/install/ur_dashboard_msgs:${AMENT_PREFIX_PATH} CMAKE_PREFIX_PATH=/home/icrs/icrsUR/install/ur_dashboard_msgs:/opt/ros/humble LD_LIBRARY_PATH=/home/icrs/icrsUR/install/ur_dashboard_msgs/lib:${LD_LIBRARY_PATH} PYTHONPATH=/home/icrs/icrsUR/install/ur_dashboard_msgs/local/lib/python3.10/dist-packages:${PYTHONPATH} /usr/bin/cmake --install /home/icrs/icrsUR/build/ur_controllers
[2.534s] Level 1:colcon.colcon_core.environment:checking '/home/icrs/icrsUR/install/ur_controllers' for CMake module files
[2.535s] Level 1:colcon.colcon_core.environment:checking '/home/icrs/icrsUR/install/ur_controllers' for CMake config files
[2.536s] Level 1:colcon.colcon_core.shell:create_environment_hook('ur_controllers', 'cmake_prefix_path')
[2.536s] INFO:colcon.colcon_core.shell:Creating environment hook '/home/icrs/icrsUR/install/ur_controllers/share/ur_controllers/hook/cmake_prefix_path.ps1'
[2.537s] INFO:colcon.colcon_core.shell:Creating environment descriptor '/home/icrs/icrsUR/install/ur_controllers/share/ur_controllers/hook/cmake_prefix_path.dsv'
[2.538s] INFO:colcon.colcon_core.shell:Creating environment hook '/home/icrs/icrsUR/install/ur_controllers/share/ur_controllers/hook/cmake_prefix_path.sh'
[2.539s] Level 1:colcon.colcon_core.environment:checking '/home/icrs/icrsUR/install/ur_controllers/lib'
[2.539s] Level 1:colcon.colcon_core.shell:create_environment_hook('ur_controllers', 'ld_library_path_lib')
[2.539s] INFO:colcon.colcon_core.shell:Creating environment hook '/home/icrs/icrsUR/install/ur_controllers/share/ur_controllers/hook/ld_library_path_lib.ps1'
[2.540s] INFO:colcon.colcon_core.shell:Creating environment descriptor '/home/icrs/icrsUR/install/ur_controllers/share/ur_controllers/hook/ld_library_path_lib.dsv'
[2.540s] INFO:colcon.colcon_core.shell:Creating environment hook '/home/icrs/icrsUR/install/ur_controllers/share/ur_controllers/hook/ld_library_path_lib.sh'
[2.541s] Level 1:colcon.colcon_core.environment:checking '/home/icrs/icrsUR/install/ur_controllers/bin'
[2.541s] Level 1:colcon.colcon_core.environment:checking '/home/icrs/icrsUR/install/ur_controllers/lib/pkgconfig/ur_controllers.pc'
[2.542s] Level 1:colcon.colcon_core.environment:checking '/home/icrs/icrsUR/install/ur_controllers/lib/python3.10/site-packages'
[2.542s] Level 1:colcon.colcon_core.environment:checking '/home/icrs/icrsUR/install/ur_controllers/bin'
[2.543s] INFO:colcon.colcon_core.shell:Creating package script '/home/icrs/icrsUR/install/ur_controllers/share/ur_controllers/package.ps1'
[2.543s] INFO:colcon.colcon_core.shell:Creating package descriptor '/home/icrs/icrsUR/install/ur_controllers/share/ur_controllers/package.dsv'
[2.544s] INFO:colcon.colcon_core.shell:Creating package script '/home/icrs/icrsUR/install/ur_controllers/share/ur_controllers/package.sh'
[2.545s] INFO:colcon.colcon_core.shell:Creating package script '/home/icrs/icrsUR/install/ur_controllers/share/ur_controllers/package.bash'
[2.546s] INFO:colcon.colcon_core.shell:Creating package script '/home/icrs/icrsUR/install/ur_controllers/share/ur_controllers/package.zsh'
[2.546s] Level 1:colcon.colcon_core.environment:create_file_with_runtime_dependencies(/home/icrs/icrsUR/install/ur_controllers/share/colcon-core/packages/ur_controllers)
[2.576s] Level 1:colcon.colcon_core.environment:create_environment_scripts_only(ur_controllers)
[2.577s] Level 1:colcon.colcon_core.environment:checking '/home/icrs/icrsUR/install/ur_controllers' for CMake module files
[2.578s] Level 1:colcon.colcon_core.environment:checking '/home/icrs/icrsUR/install/ur_controllers' for CMake config files
[2.578s] Level 1:colcon.colcon_core.shell:create_environment_hook('ur_controllers', 'cmake_prefix_path')
[2.579s] INFO:colcon.colcon_core.shell:Creating environment hook '/home/icrs/icrsUR/install/ur_controllers/share/ur_controllers/hook/cmake_prefix_path.ps1'
[2.580s] INFO:colcon.colcon_core.shell:Creating environment descriptor '/home/icrs/icrsUR/install/ur_controllers/share/ur_controllers/hook/cmake_prefix_path.dsv'
[2.580s] INFO:colcon.colcon_core.shell:Creating environment hook '/home/icrs/icrsUR/install/ur_controllers/share/ur_controllers/hook/cmake_prefix_path.sh'
[2.581s] Level 1:colcon.colcon_core.environment:checking '/home/icrs/icrsUR/install/ur_controllers/lib'
[2.581s] Level 1:colcon.colcon_core.shell:create_environment_hook('ur_controllers', 'ld_library_path_lib')
[2.582s] INFO:colcon.colcon_core.shell:Creating environment hook '/home/icrs/icrsUR/install/ur_controllers/share/ur_controllers/hook/ld_library_path_lib.ps1'
[2.583s] INFO:colcon.colcon_core.shell:Creating environment descriptor '/home/icrs/icrsUR/install/ur_controllers/share/ur_controllers/hook/ld_library_path_lib.dsv'
[2.583s] INFO:colcon.colcon_core.shell:Creating environment hook '/home/icrs/icrsUR/install/ur_controllers/share/ur_controllers/hook/ld_library_path_lib.sh'
[2.584s] Level 1:colcon.colcon_core.environment:checking '/home/icrs/icrsUR/install/ur_controllers/bin'
[2.584s] Level 1:colcon.colcon_core.environment:checking '/home/icrs/icrsUR/install/ur_controllers/lib/pkgconfig/ur_controllers.pc'
[2.585s] Level 1:colcon.colcon_core.environment:checking '/home/icrs/icrsUR/install/ur_controllers/lib/python3.10/site-packages'
[2.585s] Level 1:colcon.colcon_core.environment:checking '/home/icrs/icrsUR/install/ur_controllers/bin'
[2.586s] INFO:colcon.colcon_core.shell:Creating package script '/home/icrs/icrsUR/install/ur_controllers/share/ur_controllers/package.ps1'
[2.587s] INFO:colcon.colcon_core.shell:Creating package descriptor '/home/icrs/icrsUR/install/ur_controllers/share/ur_controllers/package.dsv'
[2.588s] INFO:colcon.colcon_core.shell:Creating package script '/home/icrs/icrsUR/install/ur_controllers/share/ur_controllers/package.sh'
[2.589s] INFO:colcon.colcon_core.shell:Creating package script '/home/icrs/icrsUR/install/ur_controllers/share/ur_controllers/package.bash'
[2.589s] INFO:colcon.colcon_core.shell:Creating package script '/home/icrs/icrsUR/install/ur_controllers/share/ur_controllers/package.zsh'
[2.590s] Level 1:colcon.colcon_core.environment:create_file_with_runtime_dependencies(/home/icrs/icrsUR/install/ur_controllers/share/colcon-core/packages/ur_controllers)
[2.591s] INFO:colcon.colcon_ros.task.ament_cmake.build:Building ROS package in '/home/icrs/icrsUR/src/Universal_Robots_ROS2_Driver/ur_robot_driver' with build type 'ament_cmake'
[2.591s] INFO:colcon.colcon_cmake.task.cmake.build:Building CMake package in '/home/icrs/icrsUR/src/Universal_Robots_ROS2_Driver/ur_robot_driver'
[2.591s] INFO:colcon.colcon_core.shell:Skip shell extension 'powershell' for command environment: Not usable outside of PowerShell
[2.592s] DEBUG:colcon.colcon_core.shell:Skip shell extension 'dsv' for command environment
[2.597s] INFO:colcon.colcon_ros.task.ament_cmake.build:Building ROS package in '/home/icrs/icrsUR/src/Universal_Robots_ROS2_Driver/ur_bringup' with build type 'ament_cmake'
[2.597s] INFO:colcon.colcon_cmake.task.cmake.build:Building CMake package in '/home/icrs/icrsUR/src/Universal_Robots_ROS2_Driver/ur_bringup'
[2.598s] INFO:colcon.colcon_core.shell:Skip shell extension 'powershell' for command environment: Not usable outside of PowerShell
[2.598s] DEBUG:colcon.colcon_core.shell:Skip shell extension 'dsv' for command environment
[2.611s] DEBUG:colcon.colcon_core.event_handler.log_command:Invoking command in '/home/icrs/icrsUR/build/ur_robot_driver': AMENT_PREFIX_PATH=/home/icrs/icrsUR/install/ur_controllers:/home/icrs/icrsUR/install/ur_description:/home/icrs/icrsUR/install/ur_dashboard_msgs:${AMENT_PREFIX_PATH} CMAKE_PREFIX_PATH=/home/icrs/icrsUR/install/ur_controllers:/home/icrs/icrsUR/install/ur_description:/home/icrs/icrsUR/install/ur_dashboard_msgs:/opt/ros/humble LD_LIBRARY_PATH=/home/icrs/icrsUR/install/ur_controllers/lib:/home/icrs/icrsUR/install/ur_dashboard_msgs/lib:${LD_LIBRARY_PATH} PYTHONPATH=/home/icrs/icrsUR/install/ur_dashboard_msgs/local/lib/python3.10/dist-packages:${PYTHONPATH} /usr/bin/cmake --build /home/icrs/icrsUR/build/ur_robot_driver -- -j8 -l8
[2.627s] DEBUG:colcon.colcon_core.event_handler.log_command:Invoking command in '/home/icrs/icrsUR/build/ur_bringup': AMENT_PREFIX_PATH=/home/icrs/icrsUR/install/ur_controllers:/home/icrs/icrsUR/install/ur_description:/home/icrs/icrsUR/install/ur_dashboard_msgs:${AMENT_PREFIX_PATH} CMAKE_PREFIX_PATH=/home/icrs/icrsUR/install/ur_controllers:/home/icrs/icrsUR/install/ur_description:/home/icrs/icrsUR/install/ur_dashboard_msgs:/opt/ros/humble LD_LIBRARY_PATH=/home/icrs/icrsUR/install/ur_controllers/lib:/home/icrs/icrsUR/install/ur_dashboard_msgs/lib:${LD_LIBRARY_PATH} PYTHONPATH=/home/icrs/icrsUR/install/ur_dashboard_msgs/local/lib/python3.10/dist-packages:${PYTHONPATH} /usr/bin/cmake --build /home/icrs/icrsUR/build/ur_bringup -- -j8 -l8
[2.645s] DEBUG:colcon.colcon_core.event_handler.log_command:Invoked command in '/home/icrs/icrsUR/build/service_ur5ik' returned '0': AMENT_PREFIX_PATH=/home/icrs/icrsUR/install/interfaces_ur5ik:${AMENT_PREFIX_PATH} CMAKE_PREFIX_PATH=/home/icrs/icrsUR/install/interfaces_ur5ik:/opt/ros/humble LD_LIBRARY_PATH=/home/icrs/icrsUR/install/interfaces_ur5ik/lib:${LD_LIBRARY_PATH} PYTHONPATH=/home/icrs/icrsUR/install/interfaces_ur5ik/local/lib/python3.10/dist-packages:${PYTHONPATH} /usr/bin/cmake --build /home/icrs/icrsUR/build/service_ur5ik -- -j8 -l8
[2.686s] DEBUG:colcon.colcon_core.event_handler.log_command:Invoked command in '/home/icrs/icrsUR/build/ur_bringup' returned '0': AMENT_PREFIX_PATH=/home/icrs/icrsUR/install/ur_controllers:/home/icrs/icrsUR/install/ur_description:/home/icrs/icrsUR/install/ur_dashboard_msgs:${AMENT_PREFIX_PATH} CMAKE_PREFIX_PATH=/home/icrs/icrsUR/install/ur_controllers:/home/icrs/icrsUR/install/ur_description:/home/icrs/icrsUR/install/ur_dashboard_msgs:/opt/ros/humble LD_LIBRARY_PATH=/home/icrs/icrsUR/install/ur_controllers/lib:/home/icrs/icrsUR/install/ur_dashboard_msgs/lib:${LD_LIBRARY_PATH} PYTHONPATH=/home/icrs/icrsUR/install/ur_dashboard_msgs/local/lib/python3.10/dist-packages:${PYTHONPATH} /usr/bin/cmake --build /home/icrs/icrsUR/build/ur_bringup -- -j8 -l8
[2.710s] DEBUG:colcon.colcon_core.event_handler.log_command:Invoking command in '/home/icrs/icrsUR/build/service_ur5ik': AMENT_PREFIX_PATH=/home/icrs/icrsUR/install/interfaces_ur5ik:${AMENT_PREFIX_PATH} CMAKE_PREFIX_PATH=/home/icrs/icrsUR/install/interfaces_ur5ik:/opt/ros/humble LD_LIBRARY_PATH=/home/icrs/icrsUR/install/interfaces_ur5ik/lib:${LD_LIBRARY_PATH} PYTHONPATH=/home/icrs/icrsUR/install/interfaces_ur5ik/local/lib/python3.10/dist-packages:${PYTHONPATH} /usr/bin/cmake --install /home/icrs/icrsUR/build/service_ur5ik
[2.734s] DEBUG:colcon.colcon_core.event_handler.log_command:Invoking command in '/home/icrs/icrsUR/build/ur_bringup': AMENT_PREFIX_PATH=/home/icrs/icrsUR/install/ur_controllers:/home/icrs/icrsUR/install/ur_description:/home/icrs/icrsUR/install/ur_dashboard_msgs:${AMENT_PREFIX_PATH} CMAKE_PREFIX_PATH=/home/icrs/icrsUR/install/ur_controllers:/home/icrs/icrsUR/install/ur_description:/home/icrs/icrsUR/install/ur_dashboard_msgs:/opt/ros/humble LD_LIBRARY_PATH=/home/icrs/icrsUR/install/ur_controllers/lib:/home/icrs/icrsUR/install/ur_dashboard_msgs/lib:${LD_LIBRARY_PATH} PYTHONPATH=/home/icrs/icrsUR/install/ur_dashboard_msgs/local/lib/python3.10/dist-packages:${PYTHONPATH} /usr/bin/cmake --install /home/icrs/icrsUR/build/ur_bringup
[2.771s] Level 1:colcon.colcon_core.environment:create_environment_scripts_only(ur_bringup)
[2.772s] Level 1:colcon.colcon_core.environment:checking '/home/icrs/icrsUR/install/ur_bringup' for CMake module files
[2.773s] DEBUG:colcon.colcon_core.event_handler.log_command:Invoked command in '/home/icrs/icrsUR/build/ur_bringup' returned '0': AMENT_PREFIX_PATH=/home/icrs/icrsUR/install/ur_controllers:/home/icrs/icrsUR/install/ur_description:/home/icrs/icrsUR/install/ur_dashboard_msgs:${AMENT_PREFIX_PATH} CMAKE_PREFIX_PATH=/home/icrs/icrsUR/install/ur_controllers:/home/icrs/icrsUR/install/ur_description:/home/icrs/icrsUR/install/ur_dashboard_msgs:/opt/ros/humble LD_LIBRARY_PATH=/home/icrs/icrsUR/install/ur_controllers/lib:/home/icrs/icrsUR/install/ur_dashboard_msgs/lib:${LD_LIBRARY_PATH} PYTHONPATH=/home/icrs/icrsUR/install/ur_dashboard_msgs/local/lib/python3.10/dist-packages:${PYTHONPATH} /usr/bin/cmake --install /home/icrs/icrsUR/build/ur_bringup
[2.773s] Level 1:colcon.colcon_core.environment:checking '/home/icrs/icrsUR/install/ur_bringup' for CMake config files
[2.774s] Level 1:colcon.colcon_core.shell:create_environment_hook('ur_bringup', 'cmake_prefix_path')
[2.774s] INFO:colcon.colcon_core.shell:Creating environment hook '/home/icrs/icrsUR/install/ur_bringup/share/ur_bringup/hook/cmake_prefix_path.ps1'
[2.775s] INFO:colcon.colcon_core.shell:Creating environment descriptor '/home/icrs/icrsUR/install/ur_bringup/share/ur_bringup/hook/cmake_prefix_path.dsv'
[2.775s] INFO:colcon.colcon_core.shell:Creating environment hook '/home/icrs/icrsUR/install/ur_bringup/share/ur_bringup/hook/cmake_prefix_path.sh'
[2.776s] Level 1:colcon.colcon_core.environment:checking '/home/icrs/icrsUR/install/ur_bringup/lib'
[2.777s] Level 1:colcon.colcon_core.environment:checking '/home/icrs/icrsUR/install/ur_bringup/bin'
[2.777s] Level 1:colcon.colcon_core.environment:checking '/home/icrs/icrsUR/install/ur_bringup/lib/pkgconfig/ur_bringup.pc'
[2.777s] Level 1:colcon.colcon_core.environment:checking '/home/icrs/icrsUR/install/ur_bringup/lib/python3.10/site-packages'
[2.777s] Level 1:colcon.colcon_core.environment:checking '/home/icrs/icrsUR/install/ur_bringup/bin'
[2.778s] INFO:colcon.colcon_core.shell:Creating package script '/home/icrs/icrsUR/install/ur_bringup/share/ur_bringup/package.ps1'
[2.778s] INFO:colcon.colcon_core.shell:Creating package descriptor '/home/icrs/icrsUR/install/ur_bringup/share/ur_bringup/package.dsv'
[2.779s] INFO:colcon.colcon_core.shell:Creating package script '/home/icrs/icrsUR/install/ur_bringup/share/ur_bringup/package.sh'
[2.780s] INFO:colcon.colcon_core.shell:Creating package script '/home/icrs/icrsUR/install/ur_bringup/share/ur_bringup/package.bash'
[2.780s] INFO:colcon.colcon_core.shell:Creating package script '/home/icrs/icrsUR/install/ur_bringup/share/ur_bringup/package.zsh'
[2.781s] Level 1:colcon.colcon_core.environment:create_file_with_runtime_dependencies(/home/icrs/icrsUR/install/ur_bringup/share/colcon-core/packages/ur_bringup)
[2.814s] Level 1:colcon.colcon_core.environment:create_environment_scripts_only(ur_bringup)
[2.815s] Level 1:colcon.colcon_core.environment:checking '/home/icrs/icrsUR/install/ur_bringup' for CMake module files
[2.816s] Level 1:colcon.colcon_core.environment:checking '/home/icrs/icrsUR/install/ur_bringup' for CMake config files
[2.817s] Level 1:colcon.colcon_core.shell:create_environment_hook('ur_bringup', 'cmake_prefix_path')
[2.817s] INFO:colcon.colcon_core.shell:Creating environment hook '/home/icrs/icrsUR/install/ur_bringup/share/ur_bringup/hook/cmake_prefix_path.ps1'
[2.818s] INFO:colcon.colcon_core.shell:Creating environment descriptor '/home/icrs/icrsUR/install/ur_bringup/share/ur_bringup/hook/cmake_prefix_path.dsv'
[2.819s] INFO:colcon.colcon_core.shell:Creating environment hook '/home/icrs/icrsUR/install/ur_bringup/share/ur_bringup/hook/cmake_prefix_path.sh'
[2.820s] Level 1:colcon.colcon_core.environment:checking '/home/icrs/icrsUR/install/ur_bringup/lib'
[2.821s] Level 1:colcon.colcon_core.environment:checking '/home/icrs/icrsUR/install/ur_bringup/bin'
[2.821s] Level 1:colcon.colcon_core.environment:checking '/home/icrs/icrsUR/install/ur_bringup/lib/pkgconfig/ur_bringup.pc'
[2.821s] Level 1:colcon.colcon_core.environment:checking '/home/icrs/icrsUR/install/ur_bringup/lib/python3.10/site-packages'
[2.822s] Level 1:colcon.colcon_core.environment:checking '/home/icrs/icrsUR/install/ur_bringup/bin'
[2.822s] INFO:colcon.colcon_core.shell:Creating package script '/home/icrs/icrsUR/install/ur_bringup/share/ur_bringup/package.ps1'
[2.824s] INFO:colcon.colcon_core.shell:Creating package descriptor '/home/icrs/icrsUR/install/ur_bringup/share/ur_bringup/package.dsv'
[2.825s] INFO:colcon.colcon_core.shell:Creating package script '/home/icrs/icrsUR/install/ur_bringup/share/ur_bringup/package.sh'
[2.826s] INFO:colcon.colcon_core.shell:Creating package script '/home/icrs/icrsUR/install/ur_bringup/share/ur_bringup/package.bash'
[2.828s] INFO:colcon.colcon_core.shell:Creating package script '/home/icrs/icrsUR/install/ur_bringup/share/ur_bringup/package.zsh'
[2.829s] Level 1:colcon.colcon_core.environment:create_file_with_runtime_dependencies(/home/icrs/icrsUR/install/ur_bringup/share/colcon-core/packages/ur_bringup)
[2.832s] Level 1:colcon.colcon_core.environment:create_environment_scripts_only(service_ur5ik)
[2.833s] Level 1:colcon.colcon_core.environment:checking '/home/icrs/icrsUR/install/service_ur5ik' for CMake module files
[2.833s] DEBUG:colcon.colcon_core.event_handler.log_command:Invoked command in '/home/icrs/icrsUR/build/service_ur5ik' returned '0': AMENT_PREFIX_PATH=/home/icrs/icrsUR/install/interfaces_ur5ik:${AMENT_PREFIX_PATH} CMAKE_PREFIX_PATH=/home/icrs/icrsUR/install/interfaces_ur5ik:/opt/ros/humble LD_LIBRARY_PATH=/home/icrs/icrsUR/install/interfaces_ur5ik/lib:${LD_LIBRARY_PATH} PYTHONPATH=/home/icrs/icrsUR/install/interfaces_ur5ik/local/lib/python3.10/dist-packages:${PYTHONPATH} /usr/bin/cmake --install /home/icrs/icrsUR/build/service_ur5ik
[2.834s] Level 1:colcon.colcon_core.environment:checking '/home/icrs/icrsUR/install/service_ur5ik' for CMake config files
[2.834s] Level 1:colcon.colcon_core.shell:create_environment_hook('service_ur5ik', 'cmake_prefix_path')
[2.834s] INFO:colcon.colcon_core.shell:Creating environment hook '/home/icrs/icrsUR/install/service_ur5ik/share/service_ur5ik/hook/cmake_prefix_path.ps1'
[2.835s] INFO:colcon.colcon_core.shell:Creating environment descriptor '/home/icrs/icrsUR/install/service_ur5ik/share/service_ur5ik/hook/cmake_prefix_path.dsv'
[2.835s] INFO:colcon.colcon_core.shell:Creating environment hook '/home/icrs/icrsUR/install/service_ur5ik/share/service_ur5ik/hook/cmake_prefix_path.sh'
[2.836s] Level 1:colcon.colcon_core.environment:checking '/home/icrs/icrsUR/install/service_ur5ik/lib'
[2.836s] Level 1:colcon.colcon_core.environment:checking '/home/icrs/icrsUR/install/service_ur5ik/bin'
[2.836s] Level 1:colcon.colcon_core.environment:checking '/home/icrs/icrsUR/install/service_ur5ik/lib/pkgconfig/service_ur5ik.pc'
[2.837s] Level 1:colcon.colcon_core.environment:checking '/home/icrs/icrsUR/install/service_ur5ik/lib/python3.10/site-packages'
[2.837s] Level 1:colcon.colcon_core.environment:checking '/home/icrs/icrsUR/install/service_ur5ik/bin'
[2.837s] INFO:colcon.colcon_core.shell:Creating package script '/home/icrs/icrsUR/install/service_ur5ik/share/service_ur5ik/package.ps1'
[2.838s] INFO:colcon.colcon_core.shell:Creating package descriptor '/home/icrs/icrsUR/install/service_ur5ik/share/service_ur5ik/package.dsv'
[2.839s] INFO:colcon.colcon_core.shell:Creating package script '/home/icrs/icrsUR/install/service_ur5ik/share/service_ur5ik/package.sh'
[2.840s] INFO:colcon.colcon_core.shell:Creating package script '/home/icrs/icrsUR/install/service_ur5ik/share/service_ur5ik/package.bash'
[2.841s] INFO:colcon.colcon_core.shell:Creating package script '/home/icrs/icrsUR/install/service_ur5ik/share/service_ur5ik/package.zsh'
[2.842s] Level 1:colcon.colcon_core.environment:create_file_with_runtime_dependencies(/home/icrs/icrsUR/install/service_ur5ik/share/colcon-core/packages/service_ur5ik)
[2.864s] DEBUG:colcon.colcon_core.event_handler.log_command:Invoking command in '/home/icrs/icrsUR/build/camera_control': AMENT_PREFIX_PATH=/home/icrs/icrsUR/install/ur_custom_interfaces:${AMENT_PREFIX_PATH} CMAKE_PREFIX_PATH=/home/icrs/icrsUR/install/ur_custom_interfaces LD_LIBRARY_PATH=/home/icrs/icrsUR/install/ur_custom_interfaces/lib:${LD_LIBRARY_PATH} PYTHONPATH=/home/icrs/icrsUR/build/camera_control/prefix_override:/usr/lib/python3/dist-packages/colcon_core/task/python/colcon_distutils_commands:/home/icrs/icrsUR/install/camera_control/lib/python3.10/site-packages:/home/icrs/icrsUR/install/ur_custom_interfaces/local/lib/python3.10/dist-packages:${PYTHONPATH} /usr/bin/python3 -W ignore:setup.py install is deprecated setup.py develop --editable --build-directory /home/icrs/icrsUR/build/camera_control/build --no-deps symlink_data
[2.879s] Level 1:colcon.colcon_core.environment:create_environment_scripts_only(service_ur5ik)
[2.879s] Level 1:colcon.colcon_core.environment:checking '/home/icrs/icrsUR/install/service_ur5ik' for CMake module files
[2.880s] Level 1:colcon.colcon_core.environment:checking '/home/icrs/icrsUR/install/service_ur5ik' for CMake config files
[2.881s] Level 1:colcon.colcon_core.shell:create_environment_hook('service_ur5ik', 'cmake_prefix_path')
[2.881s] INFO:colcon.colcon_core.shell:Creating environment hook '/home/icrs/icrsUR/install/service_ur5ik/share/service_ur5ik/hook/cmake_prefix_path.ps1'
[2.882s] INFO:colcon.colcon_core.shell:Creating environment descriptor '/home/icrs/icrsUR/install/service_ur5ik/share/service_ur5ik/hook/cmake_prefix_path.dsv'
[2.883s] INFO:colcon.colcon_core.shell:Creating environment hook '/home/icrs/icrsUR/install/service_ur5ik/share/service_ur5ik/hook/cmake_prefix_path.sh'
[2.884s] Level 1:colcon.colcon_core.environment:checking '/home/icrs/icrsUR/install/service_ur5ik/lib'
[2.884s] Level 1:colcon.colcon_core.environment:checking '/home/icrs/icrsUR/install/service_ur5ik/bin'
[2.884s] Level 1:colcon.colcon_core.environment:checking '/home/icrs/icrsUR/install/service_ur5ik/lib/pkgconfig/service_ur5ik.pc'
[2.884s] Level 1:colcon.colcon_core.environment:checking '/home/icrs/icrsUR/install/service_ur5ik/lib/python3.10/site-packages'
[2.885s] Level 1:colcon.colcon_core.environment:checking '/home/icrs/icrsUR/install/service_ur5ik/bin'
[2.885s] INFO:colcon.colcon_core.shell:Creating package script '/home/icrs/icrsUR/install/service_ur5ik/share/service_ur5ik/package.ps1'
[2.886s] INFO:colcon.colcon_core.shell:Creating package descriptor '/home/icrs/icrsUR/install/service_ur5ik/share/service_ur5ik/package.dsv'
[2.887s] INFO:colcon.colcon_core.shell:Creating package script '/home/icrs/icrsUR/install/service_ur5ik/share/service_ur5ik/package.sh'
[2.888s] INFO:colcon.colcon_core.shell:Creating package script '/home/icrs/icrsUR/install/service_ur5ik/share/service_ur5ik/package.bash'
[2.888s] INFO:colcon.colcon_core.shell:Creating package script '/home/icrs/icrsUR/install/service_ur5ik/share/service_ur5ik/package.zsh'
[2.889s] Level 1:colcon.colcon_core.environment:create_file_with_runtime_dependencies(/home/icrs/icrsUR/install/service_ur5ik/share/colcon-core/packages/service_ur5ik)
[2.963s] Level 1:colcon.colcon_core.shell:create_environment_hook('gripper_control', 'pythonpath_develop')
[2.964s] INFO:colcon.colcon_core.shell:Creating environment hook '/home/icrs/icrsUR/build/gripper_control/share/gripper_control/hook/pythonpath_develop.ps1'
[2.964s] DEBUG:colcon.colcon_core.event_handler.log_command:Invoked command in '/home/icrs/icrsUR/build/gripper_control' returned '0': PYTHONPATH=/home/icrs/icrsUR/build/gripper_control/prefix_override:/usr/lib/python3/dist-packages/colcon_core/task/python/colcon_distutils_commands:/home/icrs/icrsUR/install/gripper_control/lib/python3.10/site-packages:${PYTHONPATH} /usr/bin/python3 -W ignore:setup.py install is deprecated setup.py develop --editable --build-directory /home/icrs/icrsUR/build/gripper_control/build --no-deps symlink_data
[2.965s] INFO:colcon.colcon_core.shell:Creating environment descriptor '/home/icrs/icrsUR/build/gripper_control/share/gripper_control/hook/pythonpath_develop.dsv'
[2.965s] INFO:colcon.colcon_core.shell:Creating environment hook '/home/icrs/icrsUR/build/gripper_control/share/gripper_control/hook/pythonpath_develop.sh'
[2.966s] Level 1:colcon.colcon_core.environment:checking '/home/icrs/icrsUR/install/gripper_control' for CMake module files
[2.966s] Level 1:colcon.colcon_core.environment:checking '/home/icrs/icrsUR/install/gripper_control' for CMake config files
[2.967s] Level 1:colcon.colcon_core.environment:checking '/home/icrs/icrsUR/install/gripper_control/lib'
[2.967s] Level 1:colcon.colcon_core.environment:checking '/home/icrs/icrsUR/install/gripper_control/bin'
[2.967s] Level 1:colcon.colcon_core.environment:checking '/home/icrs/icrsUR/install/gripper_control/lib/pkgconfig/gripper_control.pc'
[2.967s] Level 1:colcon.colcon_core.environment:checking '/home/icrs/icrsUR/install/gripper_control/lib/python3.10/site-packages'
[2.967s] Level 1:colcon.colcon_core.shell:create_environment_hook('gripper_control', 'pythonpath')
[2.967s] INFO:colcon.colcon_core.shell:Creating environment hook '/home/icrs/icrsUR/install/gripper_control/share/gripper_control/hook/pythonpath.ps1'
[2.968s] INFO:colcon.colcon_core.shell:Creating environment descriptor '/home/icrs/icrsUR/install/gripper_control/share/gripper_control/hook/pythonpath.dsv'
[2.968s] INFO:colcon.colcon_core.shell:Creating environment hook '/home/icrs/icrsUR/install/gripper_control/share/gripper_control/hook/pythonpath.sh'
[2.969s] Level 1:colcon.colcon_core.environment:checking '/home/icrs/icrsUR/install/gripper_control/bin'
[2.969s] Level 1:colcon.colcon_core.environment:create_environment_scripts_only(gripper_control)
[2.969s] INFO:colcon.colcon_core.shell:Creating package script '/home/icrs/icrsUR/install/gripper_control/share/gripper_control/package.ps1'
[2.970s] INFO:colcon.colcon_core.shell:Creating package descriptor '/home/icrs/icrsUR/install/gripper_control/share/gripper_control/package.dsv'
[2.970s] INFO:colcon.colcon_core.shell:Creating package script '/home/icrs/icrsUR/install/gripper_control/share/gripper_control/package.sh'
[2.971s] INFO:colcon.colcon_core.shell:Creating package script '/home/icrs/icrsUR/install/gripper_control/share/gripper_control/package.bash'
[2.971s] INFO:colcon.colcon_core.shell:Creating package script '/home/icrs/icrsUR/install/gripper_control/share/gripper_control/package.zsh'
[2.972s] Level 1:colcon.colcon_core.environment:create_file_with_runtime_dependencies(/home/icrs/icrsUR/install/gripper_control/share/colcon-core/packages/gripper_control)
[3.271s] DEBUG:colcon.colcon_core.event_handler.log_command:Invoked command in '/home/icrs/icrsUR/build/ur_robot_driver' returned '0': AMENT_PREFIX_PATH=/home/icrs/icrsUR/install/ur_controllers:/home/icrs/icrsUR/install/ur_description:/home/icrs/icrsUR/install/ur_dashboard_msgs:${AMENT_PREFIX_PATH} CMAKE_PREFIX_PATH=/home/icrs/icrsUR/install/ur_controllers:/home/icrs/icrsUR/install/ur_description:/home/icrs/icrsUR/install/ur_dashboard_msgs:/opt/ros/humble LD_LIBRARY_PATH=/home/icrs/icrsUR/install/ur_controllers/lib:/home/icrs/icrsUR/install/ur_dashboard_msgs/lib:${LD_LIBRARY_PATH} PYTHONPATH=/home/icrs/icrsUR/install/ur_dashboard_msgs/local/lib/python3.10/dist-packages:${PYTHONPATH} /usr/bin/cmake --build /home/icrs/icrsUR/build/ur_robot_driver -- -j8 -l8
[3.311s] DEBUG:colcon.colcon_core.event_handler.log_command:Invoking command in '/home/icrs/icrsUR/build/ur_robot_driver': AMENT_PREFIX_PATH=/home/icrs/icrsUR/install/ur_controllers:/home/icrs/icrsUR/install/ur_description:/home/icrs/icrsUR/install/ur_dashboard_msgs:${AMENT_PREFIX_PATH} CMAKE_PREFIX_PATH=/home/icrs/icrsUR/install/ur_controllers:/home/icrs/icrsUR/install/ur_description:/home/icrs/icrsUR/install/ur_dashboard_msgs:/opt/ros/humble LD_LIBRARY_PATH=/home/icrs/icrsUR/install/ur_controllers/lib:/home/icrs/icrsUR/install/ur_dashboard_msgs/lib:${LD_LIBRARY_PATH} PYTHONPATH=/home/icrs/icrsUR/install/ur_dashboard_msgs/local/lib/python3.10/dist-packages:${PYTHONPATH} /usr/bin/cmake --install /home/icrs/icrsUR/build/ur_robot_driver
[3.372s] Level 1:colcon.colcon_core.environment:create_environment_scripts_only(ur_robot_driver)
[3.373s] Level 1:colcon.colcon_core.environment:checking '/home/icrs/icrsUR/install/ur_robot_driver' for CMake module files
[3.373s] DEBUG:colcon.colcon_core.event_handler.log_command:Invoked command in '/home/icrs/icrsUR/build/ur_robot_driver' returned '0': AMENT_PREFIX_PATH=/home/icrs/icrsUR/install/ur_controllers:/home/icrs/icrsUR/install/ur_description:/home/icrs/icrsUR/install/ur_dashboard_msgs:${AMENT_PREFIX_PATH} CMAKE_PREFIX_PATH=/home/icrs/icrsUR/install/ur_controllers:/home/icrs/icrsUR/install/ur_description:/home/icrs/icrsUR/install/ur_dashboard_msgs:/opt/ros/humble LD_LIBRARY_PATH=/home/icrs/icrsUR/install/ur_controllers/lib:/home/icrs/icrsUR/install/ur_dashboard_msgs/lib:${LD_LIBRARY_PATH} PYTHONPATH=/home/icrs/icrsUR/install/ur_dashboard_msgs/local/lib/python3.10/dist-packages:${PYTHONPATH} /usr/bin/cmake --install /home/icrs/icrsUR/build/ur_robot_driver
[3.374s] Level 1:colcon.colcon_core.environment:checking '/home/icrs/icrsUR/install/ur_robot_driver' for CMake config files
[3.375s] Level 1:colcon.colcon_core.shell:create_environment_hook('ur_robot_driver', 'cmake_prefix_path')
[3.375s] INFO:colcon.colcon_core.shell:Creating environment hook '/home/icrs/icrsUR/install/ur_robot_driver/share/ur_robot_driver/hook/cmake_prefix_path.ps1'
[3.376s] INFO:colcon.colcon_core.shell:Creating environment descriptor '/home/icrs/icrsUR/install/ur_robot_driver/share/ur_robot_driver/hook/cmake_prefix_path.dsv'
[3.376s] INFO:colcon.colcon_core.shell:Creating environment hook '/home/icrs/icrsUR/install/ur_robot_driver/share/ur_robot_driver/hook/cmake_prefix_path.sh'
[3.377s] Level 1:colcon.colcon_core.environment:checking '/home/icrs/icrsUR/install/ur_robot_driver/lib'
[3.377s] Level 1:colcon.colcon_core.shell:create_environment_hook('ur_robot_driver', 'ld_library_path_lib')
[3.378s] INFO:colcon.colcon_core.shell:Creating environment hook '/home/icrs/icrsUR/install/ur_robot_driver/share/ur_robot_driver/hook/ld_library_path_lib.ps1'
[3.378s] INFO:colcon.colcon_core.shell:Creating environment descriptor '/home/icrs/icrsUR/install/ur_robot_driver/share/ur_robot_driver/hook/ld_library_path_lib.dsv'
[3.379s] INFO:colcon.colcon_core.shell:Creating environment hook '/home/icrs/icrsUR/install/ur_robot_driver/share/ur_robot_driver/hook/ld_library_path_lib.sh'
[3.379s] Level 1:colcon.colcon_core.environment:checking '/home/icrs/icrsUR/install/ur_robot_driver/bin'
[3.379s] Level 1:colcon.colcon_core.shell:create_environment_hook('ur_robot_driver', 'path')
[3.380s] INFO:colcon.colcon_core.shell:Creating environment hook '/home/icrs/icrsUR/install/ur_robot_driver/share/ur_robot_driver/hook/path.ps1'
[3.380s] INFO:colcon.colcon_core.shell:Creating environment descriptor '/home/icrs/icrsUR/install/ur_robot_driver/share/ur_robot_driver/hook/path.dsv'
[3.381s] INFO:colcon.colcon_core.shell:Creating environment hook '/home/icrs/icrsUR/install/ur_robot_driver/share/ur_robot_driver/hook/path.sh'
[3.382s] Level 1:colcon.colcon_core.environment:checking '/home/icrs/icrsUR/install/ur_robot_driver/lib/pkgconfig/ur_robot_driver.pc'
[3.382s] Level 1:colcon.colcon_core.environment:checking '/home/icrs/icrsUR/install/ur_robot_driver/lib/python3.10/site-packages'
[3.382s] Level 1:colcon.colcon_core.environment:checking '/home/icrs/icrsUR/install/ur_robot_driver/bin'
[3.382s] Level 1:colcon.colcon_core.shell:create_environment_hook('ur_robot_driver', 'pythonscriptspath')
[3.383s] INFO:colcon.colcon_core.shell:Creating environment hook '/home/icrs/icrsUR/install/ur_robot_driver/share/ur_robot_driver/hook/pythonscriptspath.ps1'
[3.383s] INFO:colcon.colcon_core.shell:Creating environment descriptor '/home/icrs/icrsUR/install/ur_robot_driver/share/ur_robot_driver/hook/pythonscriptspath.dsv'
[3.384s] INFO:colcon.colcon_core.shell:Creating environment hook '/home/icrs/icrsUR/install/ur_robot_driver/share/ur_robot_driver/hook/pythonscriptspath.sh'
[3.385s] INFO:colcon.colcon_core.shell:Creating package script '/home/icrs/icrsUR/install/ur_robot_driver/share/ur_robot_driver/package.ps1'
[3.386s] INFO:colcon.colcon_core.shell:Creating package descriptor '/home/icrs/icrsUR/install/ur_robot_driver/share/ur_robot_driver/package.dsv'
[3.387s] INFO:colcon.colcon_core.shell:Creating package script '/home/icrs/icrsUR/install/ur_robot_driver/share/ur_robot_driver/package.sh'
[3.388s] INFO:colcon.colcon_core.shell:Creating package script '/home/icrs/icrsUR/install/ur_robot_driver/share/ur_robot_driver/package.bash'
[3.389s] INFO:colcon.colcon_core.shell:Creating package script '/home/icrs/icrsUR/install/ur_robot_driver/share/ur_robot_driver/package.zsh'
[3.389s] Level 1:colcon.colcon_core.environment:create_file_with_runtime_dependencies(/home/icrs/icrsUR/install/ur_robot_driver/share/colcon-core/packages/ur_robot_driver)
[3.429s] Level 1:colcon.colcon_core.environment:create_environment_scripts_only(ur_robot_driver)
[3.430s] Level 1:colcon.colcon_core.environment:checking '/home/icrs/icrsUR/install/ur_robot_driver' for CMake module files
[3.430s] Level 1:colcon.colcon_core.environment:checking '/home/icrs/icrsUR/install/ur_robot_driver' for CMake config files
[3.431s] Level 1:colcon.colcon_core.shell:create_environment_hook('ur_robot_driver', 'cmake_prefix_path')
[3.431s] INFO:colcon.colcon_core.shell:Creating environment hook '/home/icrs/icrsUR/install/ur_robot_driver/share/ur_robot_driver/hook/cmake_prefix_path.ps1'
[3.431s] INFO:colcon.colcon_core.shell:Creating environment descriptor '/home/icrs/icrsUR/install/ur_robot_driver/share/ur_robot_driver/hook/cmake_prefix_path.dsv'
[3.432s] INFO:colcon.colcon_core.shell:Creating environment hook '/home/icrs/icrsUR/install/ur_robot_driver/share/ur_robot_driver/hook/cmake_prefix_path.sh'
[3.432s] Level 1:colcon.colcon_core.environment:checking '/home/icrs/icrsUR/install/ur_robot_driver/lib'
[3.432s] Level 1:colcon.colcon_core.shell:create_environment_hook('ur_robot_driver', 'ld_library_path_lib')
[3.433s] INFO:colcon.colcon_core.shell:Creating environment hook '/home/icrs/icrsUR/install/ur_robot_driver/share/ur_robot_driver/hook/ld_library_path_lib.ps1'
[3.433s] INFO:colcon.colcon_core.shell:Creating environment descriptor '/home/icrs/icrsUR/install/ur_robot_driver/share/ur_robot_driver/hook/ld_library_path_lib.dsv'
[3.433s] INFO:colcon.colcon_core.shell:Creating environment hook '/home/icrs/icrsUR/install/ur_robot_driver/share/ur_robot_driver/hook/ld_library_path_lib.sh'
[3.434s] Level 1:colcon.colcon_core.environment:checking '/home/icrs/icrsUR/install/ur_robot_driver/bin'
[3.434s] Level 1:colcon.colcon_core.shell:create_environment_hook('ur_robot_driver', 'path')
[3.434s] INFO:colcon.colcon_core.shell:Creating environment hook '/home/icrs/icrsUR/install/ur_robot_driver/share/ur_robot_driver/hook/path.ps1'
[3.435s] INFO:colcon.colcon_core.shell:Creating environment descriptor '/home/icrs/icrsUR/install/ur_robot_driver/share/ur_robot_driver/hook/path.dsv'
[3.435s] INFO:colcon.colcon_core.shell:Creating environment hook '/home/icrs/icrsUR/install/ur_robot_driver/share/ur_robot_driver/hook/path.sh'
[3.435s] Level 1:colcon.colcon_core.environment:checking '/home/icrs/icrsUR/install/ur_robot_driver/lib/pkgconfig/ur_robot_driver.pc'
[3.436s] Level 1:colcon.colcon_core.environment:checking '/home/icrs/icrsUR/install/ur_robot_driver/lib/python3.10/site-packages'
[3.436s] Level 1:colcon.colcon_core.environment:checking '/home/icrs/icrsUR/install/ur_robot_driver/bin'
[3.436s] Level 1:colcon.colcon_core.shell:create_environment_hook('ur_robot_driver', 'pythonscriptspath')
[3.436s] INFO:colcon.colcon_core.shell:Creating environment hook '/home/icrs/icrsUR/install/ur_robot_driver/share/ur_robot_driver/hook/pythonscriptspath.ps1'
[3.437s] INFO:colcon.colcon_core.shell:Creating environment descriptor '/home/icrs/icrsUR/install/ur_robot_driver/share/ur_robot_driver/hook/pythonscriptspath.dsv'
[3.437s] INFO:colcon.colcon_core.shell:Creating environment hook '/home/icrs/icrsUR/install/ur_robot_driver/share/ur_robot_driver/hook/pythonscriptspath.sh'
[3.438s] INFO:colcon.colcon_core.shell:Creating package script '/home/icrs/icrsUR/install/ur_robot_driver/share/ur_robot_driver/package.ps1'
[3.439s] INFO:colcon.colcon_core.shell:Creating package descriptor '/home/icrs/icrsUR/install/ur_robot_driver/share/ur_robot_driver/package.dsv'
[3.440s] INFO:colcon.colcon_core.shell:Creating package script '/home/icrs/icrsUR/install/ur_robot_driver/share/ur_robot_driver/package.sh'
[3.441s] INFO:colcon.colcon_core.shell:Creating package script '/home/icrs/icrsUR/install/ur_robot_driver/share/ur_robot_driver/package.bash'
[3.441s] INFO:colcon.colcon_core.shell:Creating package script '/home/icrs/icrsUR/install/ur_robot_driver/share/ur_robot_driver/package.zsh'
[3.442s] Level 1:colcon.colcon_core.environment:create_file_with_runtime_dependencies(/home/icrs/icrsUR/install/ur_robot_driver/share/colcon-core/packages/ur_robot_driver)
[3.442s] INFO:colcon.colcon_ros.task.ament_cmake.build:Building ROS package in '/home/icrs/icrsUR/src/Universal_Robots_ROS2_Driver/ur_calibration' with build type 'ament_cmake'
[3.442s] INFO:colcon.colcon_cmake.task.cmake.build:Building CMake package in '/home/icrs/icrsUR/src/Universal_Robots_ROS2_Driver/ur_calibration'
[3.442s] INFO:colcon.colcon_core.shell:Skip shell extension 'powershell' for command environment: Not usable outside of PowerShell
[3.443s] DEBUG:colcon.colcon_core.shell:Skip shell extension 'dsv' for command environment
[3.458s] DEBUG:colcon.colcon_core.event_handler.log_command:Invoking command in '/home/icrs/icrsUR/build/ur_calibration': AMENT_PREFIX_PATH=/home/icrs/icrsUR/install/ur_robot_driver:/home/icrs/icrsUR/install/ur_controllers:/home/icrs/icrsUR/install/ur_description:/home/icrs/icrsUR/install/ur_dashboard_msgs:${AMENT_PREFIX_PATH} CMAKE_PREFIX_PATH=/home/icrs/icrsUR/install/ur_robot_driver:/home/icrs/icrsUR/install/ur_controllers:/home/icrs/icrsUR/install/ur_description:/home/icrs/icrsUR/install/ur_dashboard_msgs:/opt/ros/humble LD_LIBRARY_PATH=/home/icrs/icrsUR/install/ur_robot_driver/lib:/home/icrs/icrsUR/install/ur_controllers/lib:/home/icrs/icrsUR/install/ur_dashboard_msgs/lib:${LD_LIBRARY_PATH} PATH=/home/icrs/icrsUR/install/ur_robot_driver/bin:${PATH} PYTHONPATH=/home/icrs/icrsUR/install/ur_robot_driver/local/lib/python3.10/dist-packages:/home/icrs/icrsUR/install/ur_dashboard_msgs/local/lib/python3.10/dist-packages:${PYTHONPATH} /usr/bin/cmake /home/icrs/icrsUR/src/Universal_Robots_ROS2_Driver/ur_calibration -DAMENT_CMAKE_SYMLINK_INSTALL=1 -DCMAKE_INSTALL_PREFIX=/home/icrs/icrsUR/install/ur_calibration
[3.544s] Level 1:colcon.colcon_core.shell:create_environment_hook('camera_control', 'pythonpath_develop')
[3.544s] INFO:colcon.colcon_core.shell:Creating environment hook '/home/icrs/icrsUR/build/camera_control/share/camera_control/hook/pythonpath_develop.ps1'
[3.545s] DEBUG:colcon.colcon_core.event_handler.log_command:Invoked command in '/home/icrs/icrsUR/build/camera_control' returned '0': AMENT_PREFIX_PATH=/home/icrs/icrsUR/install/ur_custom_interfaces:${AMENT_PREFIX_PATH} CMAKE_PREFIX_PATH=/home/icrs/icrsUR/install/ur_custom_interfaces LD_LIBRARY_PATH=/home/icrs/icrsUR/install/ur_custom_interfaces/lib:${LD_LIBRARY_PATH} PYTHONPATH=/home/icrs/icrsUR/build/camera_control/prefix_override:/usr/lib/python3/dist-packages/colcon_core/task/python/colcon_distutils_commands:/home/icrs/icrsUR/install/camera_control/lib/python3.10/site-packages:/home/icrs/icrsUR/install/ur_custom_interfaces/local/lib/python3.10/dist-packages:${PYTHONPATH} /usr/bin/python3 -W ignore:setup.py install is deprecated setup.py develop --editable --build-directory /home/icrs/icrsUR/build/camera_control/build --no-deps symlink_data
[3.546s] INFO:colcon.colcon_core.shell:Creating environment descriptor '/home/icrs/icrsUR/build/camera_control/share/camera_control/hook/pythonpath_develop.dsv'
[3.546s] INFO:colcon.colcon_core.shell:Creating environment hook '/home/icrs/icrsUR/build/camera_control/share/camera_control/hook/pythonpath_develop.sh'
[3.547s] Level 1:colcon.colcon_core.environment:checking '/home/icrs/icrsUR/install/camera_control' for CMake module files
[3.548s] Level 1:colcon.colcon_core.environment:checking '/home/icrs/icrsUR/install/camera_control' for CMake config files
[3.548s] Level 1:colcon.colcon_core.environment:checking '/home/icrs/icrsUR/install/camera_control/lib'
[3.548s] Level 1:colcon.colcon_core.environment:checking '/home/icrs/icrsUR/install/camera_control/bin'
[3.548s] Level 1:colcon.colcon_core.environment:checking '/home/icrs/icrsUR/install/camera_control/lib/pkgconfig/camera_control.pc'
[3.549s] Level 1:colcon.colcon_core.environment:checking '/home/icrs/icrsUR/install/camera_control/lib/python3.10/site-packages'
[3.549s] Level 1:colcon.colcon_core.shell:create_environment_hook('camera_control', 'pythonpath')
[3.549s] INFO:colcon.colcon_core.shell:Creating environment hook '/home/icrs/icrsUR/install/camera_control/share/camera_control/hook/pythonpath.ps1'
[3.549s] INFO:colcon.colcon_core.shell:Creating environment descriptor '/home/icrs/icrsUR/install/camera_control/share/camera_control/hook/pythonpath.dsv'
[3.550s] INFO:colcon.colcon_core.shell:Creating environment hook '/home/icrs/icrsUR/install/camera_control/share/camera_control/hook/pythonpath.sh'
[3.551s] Level 1:colcon.colcon_core.environment:checking '/home/icrs/icrsUR/install/camera_control/bin'
[3.551s] Level 1:colcon.colcon_core.environment:create_environment_scripts_only(camera_control)
[3.551s] INFO:colcon.colcon_core.shell:Creating package script '/home/icrs/icrsUR/install/camera_control/share/camera_control/package.ps1'
[3.552s] INFO:colcon.colcon_core.shell:Creating package descriptor '/home/icrs/icrsUR/install/camera_control/share/camera_control/package.dsv'
[3.552s] INFO:colcon.colcon_core.shell:Creating package script '/home/icrs/icrsUR/install/camera_control/share/camera_control/package.sh'
[3.553s] INFO:colcon.colcon_core.shell:Creating package script '/home/icrs/icrsUR/install/camera_control/share/camera_control/package.bash'
[3.553s] INFO:colcon.colcon_core.shell:Creating package script '/home/icrs/icrsUR/install/camera_control/share/camera_control/package.zsh'
[3.553s] Level 1:colcon.colcon_core.environment:create_file_with_runtime_dependencies(/home/icrs/icrsUR/install/camera_control/share/colcon-core/packages/camera_control)
[4.755s] DEBUG:colcon.colcon_core.event_handler.log_command:Invoked command in '/home/icrs/icrsUR/build/ur_mover' returned '2': AMENT_PREFIX_PATH=/home/icrs/icrsUR/install/ur_custom_interfaces:/home/icrs/icrsUR/install/interfaces_ur5ik:${AMENT_PREFIX_PATH} CMAKE_PREFIX_PATH=/home/icrs/icrsUR/install/ur_custom_interfaces:/home/icrs/icrsUR/install/interfaces_ur5ik:/opt/ros/humble LD_LIBRARY_PATH=/home/icrs/icrsUR/install/ur_custom_interfaces/lib:/home/icrs/icrsUR/install/interfaces_ur5ik/lib:${LD_LIBRARY_PATH} PYTHONPATH=/home/icrs/icrsUR/install/ur_custom_interfaces/local/lib/python3.10/dist-packages:/home/icrs/icrsUR/install/interfaces_ur5ik/local/lib/python3.10/dist-packages:${PYTHONPATH} /usr/bin/cmake --build /home/icrs/icrsUR/build/ur_mover -- -j8 -l8
[4.777s] Level 1:colcon.colcon_core.environment:create_environment_scripts_only(ur_mover)
[4.778s] Level 1:colcon.colcon_core.environment:checking '/home/icrs/icrsUR/install/ur_mover' for CMake module files
[4.778s] Level 1:colcon.colcon_core.environment:checking '/home/icrs/icrsUR/install/ur_mover' for CMake config files
[4.778s] Level 1:colcon.colcon_core.environment:checking '/home/icrs/icrsUR/install/ur_mover/bin'
[4.778s] Level 1:colcon.colcon_core.environment:checking '/home/icrs/icrsUR/install/ur_mover/lib/pkgconfig/ur_mover.pc'
[4.778s] Level 1:colcon.colcon_core.environment:checking '/home/icrs/icrsUR/install/ur_mover/lib/python3.10/site-packages'
[4.779s] Level 1:colcon.colcon_core.environment:checking '/home/icrs/icrsUR/install/ur_mover/bin'
[4.779s] INFO:colcon.colcon_core.shell:Creating package script '/home/icrs/icrsUR/install/ur_mover/share/ur_mover/package.ps1'
[4.779s] INFO:colcon.colcon_core.shell:Creating package descriptor '/home/icrs/icrsUR/install/ur_mover/share/ur_mover/package.dsv'
[4.780s] INFO:colcon.colcon_core.shell:Creating package script '/home/icrs/icrsUR/install/ur_mover/share/ur_mover/package.sh'
[4.780s] INFO:colcon.colcon_core.shell:Creating package script '/home/icrs/icrsUR/install/ur_mover/share/ur_mover/package.bash'
[4.781s] INFO:colcon.colcon_core.shell:Creating package script '/home/icrs/icrsUR/install/ur_mover/share/ur_mover/package.zsh'
[4.781s] Level 1:colcon.colcon_core.environment:create_file_with_runtime_dependencies(/home/icrs/icrsUR/install/ur_mover/share/colcon-core/packages/ur_mover)
[5.135s] DEBUG:colcon.colcon_parallel_executor.executor.parallel:closing loop
[5.135s] DEBUG:colcon.colcon_parallel_executor.executor.parallel:loop closed
[5.135s] DEBUG:colcon.colcon_parallel_executor.executor.parallel:run_until_complete finished with '2'
[5.135s] DEBUG:colcon.colcon_core.event_reactor:joining thread
[5.142s] INFO:colcon.colcon_core.plugin_system:Skipping extension 'colcon_notification.desktop_notification.terminal_notifier': Not used on non-Darwin systems
[5.142s] INFO:colcon.colcon_core.plugin_system:Skipping extension 'colcon_notification.desktop_notification.win32': Not used on non-Windows systems
[5.142s] INFO:colcon.colcon_notification.desktop_notification:Sending desktop notification using 'notify2'
[5.152s] DEBUG:colcon.colcon_core.event_reactor:joined thread
[5.152s] INFO:colcon.colcon_core.shell:Creating prefix script '/home/icrs/icrsUR/install/local_setup.ps1'
[5.153s] INFO:colcon.colcon_core.shell:Creating prefix util module '/home/icrs/icrsUR/install/_local_setup_util_ps1.py'
[5.155s] INFO:colcon.colcon_core.shell:Creating prefix chain script '/home/icrs/icrsUR/install/setup.ps1'
[5.157s] INFO:colcon.colcon_core.shell:Creating prefix script '/home/icrs/icrsUR/install/local_setup.sh'
[5.157s] INFO:colcon.colcon_core.shell:Creating prefix util module '/home/icrs/icrsUR/install/_local_setup_util_sh.py'
[5.158s] INFO:colcon.colcon_core.shell:Creating prefix chain script '/home/icrs/icrsUR/install/setup.sh'
[5.158s] INFO:colcon.colcon_core.shell:Creating prefix script '/home/icrs/icrsUR/install/local_setup.bash'
[5.159s] INFO:colcon.colcon_core.shell:Creating prefix chain script '/home/icrs/icrsUR/install/setup.bash'
[5.160s] INFO:colcon.colcon_core.shell:Creating prefix script '/home/icrs/icrsUR/install/local_setup.zsh'
[5.160s] INFO:colcon.colcon_core.shell:Creating prefix chain script '/home/icrs/icrsUR/install/setup.zsh'
