[0.134s] DEBUG:colcon:Command line arguments: ['/usr/bin/colcon', 'build']
[0.134s] DEBUG:colcon:Parsed command line arguments: Namespace(log_base=None, log_level=None, verb_name='build', build_base='build', install_base='install', merge_install=False, symlink_install=False, test_result_base=None, continue_on_error=False, executor='parallel', parallel_workers=8, event_handlers=None, ignore_user_meta=False, metas=['./colcon.meta'], base_paths=['.'], packages_ignore=None, packages_ignore_regex=None, paths=None, packages_up_to=None, packages_up_to_regex=None, packages_above=None, packages_above_and_dependencies=None, packages_above_depth=None, packages_select_by_dep=None, packages_skip_by_dep=None, packages_skip_up_to=None, packages_select_build_failed=False, packages_skip_build_finished=False, packages_select_test_failures=False, packages_skip_test_passed=False, packages_select=None, packages_skip=None, packages_select_regex=None, packages_skip_regex=None, packages_start=None, packages_end=None, allow_overriding=[], cmake_args=None, cmake_target=None, cmake_target_skip_unavailable=False, cmake_clean_cache=False, cmake_clean_first=False, cmake_force_configure=False, ament_cmake_args=None, catkin_cmake_args=None, catkin_skip_building_tests=False, mixin_files=None, mixin=None, verb_parser=<colcon_mixin.mixin.mixin_argument.MixinArgumentDecorator object at 0x79564db2b8b0>, verb_extension=<colcon_core.verb.build.BuildVerb object at 0x79564db2b2b0>, main=<bound method BuildVerb.main of <colcon_core.verb.build.BuildVerb object at 0x79564db2b2b0>>, mixin_verb=('build',))
[0.325s] Level 1:colcon.colcon_core.package_discovery:discover_packages(colcon_meta) check parameters
[0.325s] Level 1:colcon.colcon_core.package_discovery:discover_packages(recursive) check parameters
[0.325s] Level 1:colcon.colcon_core.package_discovery:discover_packages(ignore) check parameters
[0.326s] Level 1:colcon.colcon_core.package_discovery:discover_packages(path) check parameters
[0.326s] Level 1:colcon.colcon_core.package_discovery:discover_packages(colcon_meta) discover
[0.326s] Level 1:colcon.colcon_core.package_discovery:discover_packages(recursive) discover
[0.326s] INFO:colcon.colcon_core.package_discovery:Crawling recursively for packages in '/home/icrs/icrsUR'
[0.326s] Level 1:colcon.colcon_core.package_identification:_identify(.) by extensions ['ignore', 'ignore_ament_install']
[0.326s] Level 1:colcon.colcon_core.package_identification:_identify(.) by extension 'ignore'
[0.326s] Level 1:colcon.colcon_core.package_identification:_identify(.) by extension 'ignore_ament_install'
[0.326s] Level 1:colcon.colcon_core.package_identification:_identify(.) by extensions ['colcon_pkg']
[0.326s] Level 1:colcon.colcon_core.package_identification:_identify(.) by extension 'colcon_pkg'
[0.326s] Level 1:colcon.colcon_core.package_identification:_identify(.) by extensions ['colcon_meta']
[0.326s] Level 1:colcon.colcon_core.package_identification:_identify(.) by extension 'colcon_meta'
[0.326s] Level 1:colcon.colcon_core.package_identification:_identify(.) by extensions ['ros']
[0.326s] Level 1:colcon.colcon_core.package_identification:_identify(.) by extension 'ros'
[0.337s] Level 1:colcon.colcon_core.package_identification:_identify(.) by extensions ['cmake', 'python']
[0.337s] Level 1:colcon.colcon_core.package_identification:_identify(.) by extension 'cmake'
[0.338s] Level 1:colcon.colcon_core.package_identification:_identify(.) by extension 'python'
[0.338s] Level 1:colcon.colcon_core.package_identification:_identify(.) by extensions ['python_setup_py']
[0.338s] Level 1:colcon.colcon_core.package_identification:_identify(.) by extension 'python_setup_py'
[0.338s] Level 1:colcon.colcon_core.package_identification:_identify(build) by extensions ['ignore', 'ignore_ament_install']
[0.338s] Level 1:colcon.colcon_core.package_identification:_identify(build) by extension 'ignore'
[0.338s] Level 1:colcon.colcon_core.package_identification:_identify(build) ignored
[0.338s] Level 1:colcon.colcon_core.package_identification:_identify(install) by extensions ['ignore', 'ignore_ament_install']
[0.338s] Level 1:colcon.colcon_core.package_identification:_identify(install) by extension 'ignore'
[0.338s] Level 1:colcon.colcon_core.package_identification:_identify(install) ignored
[0.338s] Level 1:colcon.colcon_core.package_identification:_identify(log) by extensions ['ignore', 'ignore_ament_install']
[0.338s] Level 1:colcon.colcon_core.package_identification:_identify(log) by extension 'ignore'
[0.338s] Level 1:colcon.colcon_core.package_identification:_identify(log) ignored
[0.339s] Level 1:colcon.colcon_core.package_identification:_identify(src) by extensions ['ignore', 'ignore_ament_install']
[0.339s] Level 1:colcon.colcon_core.package_identification:_identify(src) by extension 'ignore'
[0.339s] Level 1:colcon.colcon_core.package_identification:_identify(src) by extension 'ignore_ament_install'
[0.339s] Level 1:colcon.colcon_core.package_identification:_identify(src) by extensions ['colcon_pkg']
[0.339s] Level 1:colcon.colcon_core.package_identification:_identify(src) by extension 'colcon_pkg'
[0.339s] Level 1:colcon.colcon_core.package_identification:_identify(src) by extensions ['colcon_meta']
[0.339s] Level 1:colcon.colcon_core.package_identification:_identify(src) by extension 'colcon_meta'
[0.339s] Level 1:colcon.colcon_core.package_identification:_identify(src) by extensions ['ros']
[0.339s] Level 1:colcon.colcon_core.package_identification:_identify(src) by extension 'ros'
[0.339s] Level 1:colcon.colcon_core.package_identification:_identify(src) by extensions ['cmake', 'python']
[0.339s] Level 1:colcon.colcon_core.package_identification:_identify(src) by extension 'cmake'
[0.339s] Level 1:colcon.colcon_core.package_identification:_identify(src) by extension 'python'
[0.339s] Level 1:colcon.colcon_core.package_identification:_identify(src) by extensions ['python_setup_py']
[0.339s] Level 1:colcon.colcon_core.package_identification:_identify(src) by extension 'python_setup_py'
[0.339s] Level 1:colcon.colcon_core.package_identification:_identify(src/Universal_Robots_ROS2_Description) by extensions ['ignore', 'ignore_ament_install']
[0.339s] Level 1:colcon.colcon_core.package_identification:_identify(src/Universal_Robots_ROS2_Description) by extension 'ignore'
[0.339s] Level 1:colcon.colcon_core.package_identification:_identify(src/Universal_Robots_ROS2_Description) by extension 'ignore_ament_install'
[0.339s] Level 1:colcon.colcon_core.package_identification:_identify(src/Universal_Robots_ROS2_Description) by extensions ['colcon_pkg']
[0.339s] Level 1:colcon.colcon_core.package_identification:_identify(src/Universal_Robots_ROS2_Description) by extension 'colcon_pkg'
[0.339s] Level 1:colcon.colcon_core.package_identification:_identify(src/Universal_Robots_ROS2_Description) by extensions ['colcon_meta']
[0.339s] Level 1:colcon.colcon_core.package_identification:_identify(src/Universal_Robots_ROS2_Description) by extension 'colcon_meta'
[0.340s] Level 1:colcon.colcon_core.package_identification:_identify(src/Universal_Robots_ROS2_Description) by extensions ['ros']
[0.340s] Level 1:colcon.colcon_core.package_identification:_identify(src/Universal_Robots_ROS2_Description) by extension 'ros'
[0.342s] DEBUG:colcon.colcon_core.package_identification:Package 'src/Universal_Robots_ROS2_Description' with type 'ros.ament_cmake' and name 'ur_description'
[0.343s] Level 1:colcon.colcon_core.package_identification:_identify(src/Universal_Robots_ROS2_Driver) by extensions ['ignore', 'ignore_ament_install']
[0.343s] Level 1:colcon.colcon_core.package_identification:_identify(src/Universal_Robots_ROS2_Driver) by extension 'ignore'
[0.343s] Level 1:colcon.colcon_core.package_identification:_identify(src/Universal_Robots_ROS2_Driver) by extension 'ignore_ament_install'
[0.343s] Level 1:colcon.colcon_core.package_identification:_identify(src/Universal_Robots_ROS2_Driver) by extensions ['colcon_pkg']
[0.343s] Level 1:colcon.colcon_core.package_identification:_identify(src/Universal_Robots_ROS2_Driver) by extension 'colcon_pkg'
[0.343s] Level 1:colcon.colcon_core.package_identification:_identify(src/Universal_Robots_ROS2_Driver) by extensions ['colcon_meta']
[0.343s] Level 1:colcon.colcon_core.package_identification:_identify(src/Universal_Robots_ROS2_Driver) by extension 'colcon_meta'
[0.343s] Level 1:colcon.colcon_core.package_identification:_identify(src/Universal_Robots_ROS2_Driver) by extensions ['ros']
[0.343s] Level 1:colcon.colcon_core.package_identification:_identify(src/Universal_Robots_ROS2_Driver) by extension 'ros'
[0.343s] Level 1:colcon.colcon_core.package_identification:_identify(src/Universal_Robots_ROS2_Driver) by extensions ['cmake', 'python']
[0.343s] Level 1:colcon.colcon_core.package_identification:_identify(src/Universal_Robots_ROS2_Driver) by extension 'cmake'
[0.343s] Level 1:colcon.colcon_core.package_identification:_identify(src/Universal_Robots_ROS2_Driver) by extension 'python'
[0.343s] Level 1:colcon.colcon_core.package_identification:_identify(src/Universal_Robots_ROS2_Driver) by extensions ['python_setup_py']
[0.343s] Level 1:colcon.colcon_core.package_identification:_identify(src/Universal_Robots_ROS2_Driver) by extension 'python_setup_py'
[0.343s] Level 1:colcon.colcon_core.package_identification:_identify(src/Universal_Robots_ROS2_Driver/ur) by extensions ['ignore', 'ignore_ament_install']
[0.343s] Level 1:colcon.colcon_core.package_identification:_identify(src/Universal_Robots_ROS2_Driver/ur) by extension 'ignore'
[0.343s] Level 1:colcon.colcon_core.package_identification:_identify(src/Universal_Robots_ROS2_Driver/ur) by extension 'ignore_ament_install'
[0.343s] Level 1:colcon.colcon_core.package_identification:_identify(src/Universal_Robots_ROS2_Driver/ur) by extensions ['colcon_pkg']
[0.343s] Level 1:colcon.colcon_core.package_identification:_identify(src/Universal_Robots_ROS2_Driver/ur) by extension 'colcon_pkg'
[0.343s] Level 1:colcon.colcon_core.package_identification:_identify(src/Universal_Robots_ROS2_Driver/ur) by extensions ['colcon_meta']
[0.343s] Level 1:colcon.colcon_core.package_identification:_identify(src/Universal_Robots_ROS2_Driver/ur) by extension 'colcon_meta'
[0.344s] Level 1:colcon.colcon_core.package_identification:_identify(src/Universal_Robots_ROS2_Driver/ur) by extensions ['ros']
[0.344s] Level 1:colcon.colcon_core.package_identification:_identify(src/Universal_Robots_ROS2_Driver/ur) by extension 'ros'
[0.344s] DEBUG:colcon.colcon_core.package_identification:Package 'src/Universal_Robots_ROS2_Driver/ur' with type 'ros.ament_cmake' and name 'ur'
[0.344s] Level 1:colcon.colcon_core.package_identification:_identify(src/Universal_Robots_ROS2_Driver/ur_bringup) by extensions ['ignore', 'ignore_ament_install']
[0.344s] Level 1:colcon.colcon_core.package_identification:_identify(src/Universal_Robots_ROS2_Driver/ur_bringup) by extension 'ignore'
[0.344s] Level 1:colcon.colcon_core.package_identification:_identify(src/Universal_Robots_ROS2_Driver/ur_bringup) by extension 'ignore_ament_install'
[0.344s] Level 1:colcon.colcon_core.package_identification:_identify(src/Universal_Robots_ROS2_Driver/ur_bringup) by extensions ['colcon_pkg']
[0.344s] Level 1:colcon.colcon_core.package_identification:_identify(src/Universal_Robots_ROS2_Driver/ur_bringup) by extension 'colcon_pkg'
[0.344s] Level 1:colcon.colcon_core.package_identification:_identify(src/Universal_Robots_ROS2_Driver/ur_bringup) by extensions ['colcon_meta']
[0.344s] Level 1:colcon.colcon_core.package_identification:_identify(src/Universal_Robots_ROS2_Driver/ur_bringup) by extension 'colcon_meta'
[0.345s] Level 1:colcon.colcon_core.package_identification:_identify(src/Universal_Robots_ROS2_Driver/ur_bringup) by extensions ['ros']
[0.345s] Level 1:colcon.colcon_core.package_identification:_identify(src/Universal_Robots_ROS2_Driver/ur_bringup) by extension 'ros'
[0.346s] DEBUG:colcon.colcon_core.package_identification:Package 'src/Universal_Robots_ROS2_Driver/ur_bringup' with type 'ros.ament_cmake' and name 'ur_bringup'
[0.347s] Level 1:colcon.colcon_core.package_identification:_identify(src/Universal_Robots_ROS2_Driver/ur_calibration) by extensions ['ignore', 'ignore_ament_install']
[0.347s] Level 1:colcon.colcon_core.package_identification:_identify(src/Universal_Robots_ROS2_Driver/ur_calibration) by extension 'ignore'
[0.347s] Level 1:colcon.colcon_core.package_identification:_identify(src/Universal_Robots_ROS2_Driver/ur_calibration) by extension 'ignore_ament_install'
[0.347s] Level 1:colcon.colcon_core.package_identification:_identify(src/Universal_Robots_ROS2_Driver/ur_calibration) by extensions ['colcon_pkg']
[0.347s] Level 1:colcon.colcon_core.package_identification:_identify(src/Universal_Robots_ROS2_Driver/ur_calibration) by extension 'colcon_pkg'
[0.347s] Level 1:colcon.colcon_core.package_identification:_identify(src/Universal_Robots_ROS2_Driver/ur_calibration) by extensions ['colcon_meta']
[0.347s] Level 1:colcon.colcon_core.package_identification:_identify(src/Universal_Robots_ROS2_Driver/ur_calibration) by extension 'colcon_meta'
[0.347s] Level 1:colcon.colcon_core.package_identification:_identify(src/Universal_Robots_ROS2_Driver/ur_calibration) by extensions ['ros']
[0.347s] Level 1:colcon.colcon_core.package_identification:_identify(src/Universal_Robots_ROS2_Driver/ur_calibration) by extension 'ros'
[0.348s] DEBUG:colcon.colcon_core.package_identification:Package 'src/Universal_Robots_ROS2_Driver/ur_calibration' with type 'ros.ament_cmake' and name 'ur_calibration'
[0.348s] Level 1:colcon.colcon_core.package_identification:_identify(src/Universal_Robots_ROS2_Driver/ur_controllers) by extensions ['ignore', 'ignore_ament_install']
[0.348s] Level 1:colcon.colcon_core.package_identification:_identify(src/Universal_Robots_ROS2_Driver/ur_controllers) by extension 'ignore'
[0.348s] Level 1:colcon.colcon_core.package_identification:_identify(src/Universal_Robots_ROS2_Driver/ur_controllers) by extension 'ignore_ament_install'
[0.348s] Level 1:colcon.colcon_core.package_identification:_identify(src/Universal_Robots_ROS2_Driver/ur_controllers) by extensions ['colcon_pkg']
[0.348s] Level 1:colcon.colcon_core.package_identification:_identify(src/Universal_Robots_ROS2_Driver/ur_controllers) by extension 'colcon_pkg'
[0.348s] Level 1:colcon.colcon_core.package_identification:_identify(src/Universal_Robots_ROS2_Driver/ur_controllers) by extensions ['colcon_meta']
[0.348s] Level 1:colcon.colcon_core.package_identification:_identify(src/Universal_Robots_ROS2_Driver/ur_controllers) by extension 'colcon_meta'
[0.348s] Level 1:colcon.colcon_core.package_identification:_identify(src/Universal_Robots_ROS2_Driver/ur_controllers) by extensions ['ros']
[0.348s] Level 1:colcon.colcon_core.package_identification:_identify(src/Universal_Robots_ROS2_Driver/ur_controllers) by extension 'ros'
[0.350s] DEBUG:colcon.colcon_core.package_identification:Package 'src/Universal_Robots_ROS2_Driver/ur_controllers' with type 'ros.ament_cmake' and name 'ur_controllers'
[0.350s] Level 1:colcon.colcon_core.package_identification:_identify(src/Universal_Robots_ROS2_Driver/ur_dashboard_msgs) by extensions ['ignore', 'ignore_ament_install']
[0.350s] Level 1:colcon.colcon_core.package_identification:_identify(src/Universal_Robots_ROS2_Driver/ur_dashboard_msgs) by extension 'ignore'
[0.350s] Level 1:colcon.colcon_core.package_identification:_identify(src/Universal_Robots_ROS2_Driver/ur_dashboard_msgs) by extension 'ignore_ament_install'
[0.350s] Level 1:colcon.colcon_core.package_identification:_identify(src/Universal_Robots_ROS2_Driver/ur_dashboard_msgs) by extensions ['colcon_pkg']
[0.350s] Level 1:colcon.colcon_core.package_identification:_identify(src/Universal_Robots_ROS2_Driver/ur_dashboard_msgs) by extension 'colcon_pkg'
[0.350s] Level 1:colcon.colcon_core.package_identification:_identify(src/Universal_Robots_ROS2_Driver/ur_dashboard_msgs) by extensions ['colcon_meta']
[0.350s] Level 1:colcon.colcon_core.package_identification:_identify(src/Universal_Robots_ROS2_Driver/ur_dashboard_msgs) by extension 'colcon_meta'
[0.350s] Level 1:colcon.colcon_core.package_identification:_identify(src/Universal_Robots_ROS2_Driver/ur_dashboard_msgs) by extensions ['ros']
[0.350s] Level 1:colcon.colcon_core.package_identification:_identify(src/Universal_Robots_ROS2_Driver/ur_dashboard_msgs) by extension 'ros'
[0.360s] DEBUG:colcon.colcon_core.package_identification:Package 'src/Universal_Robots_ROS2_Driver/ur_dashboard_msgs' with type 'ros.ament_cmake' and name 'ur_dashboard_msgs'
[0.360s] Level 1:colcon.colcon_core.package_identification:_identify(src/Universal_Robots_ROS2_Driver/ur_moveit_config) by extensions ['ignore', 'ignore_ament_install']
[0.361s] Level 1:colcon.colcon_core.package_identification:_identify(src/Universal_Robots_ROS2_Driver/ur_moveit_config) by extension 'ignore'
[0.361s] Level 1:colcon.colcon_core.package_identification:_identify(src/Universal_Robots_ROS2_Driver/ur_moveit_config) by extension 'ignore_ament_install'
[0.361s] Level 1:colcon.colcon_core.package_identification:_identify(src/Universal_Robots_ROS2_Driver/ur_moveit_config) by extensions ['colcon_pkg']
[0.361s] Level 1:colcon.colcon_core.package_identification:_identify(src/Universal_Robots_ROS2_Driver/ur_moveit_config) by extension 'colcon_pkg'
[0.361s] Level 1:colcon.colcon_core.package_identification:_identify(src/Universal_Robots_ROS2_Driver/ur_moveit_config) by extensions ['colcon_meta']
[0.361s] Level 1:colcon.colcon_core.package_identification:_identify(src/Universal_Robots_ROS2_Driver/ur_moveit_config) by extension 'colcon_meta'
[0.361s] Level 1:colcon.colcon_core.package_identification:_identify(src/Universal_Robots_ROS2_Driver/ur_moveit_config) by extensions ['ros']
[0.361s] Level 1:colcon.colcon_core.package_identification:_identify(src/Universal_Robots_ROS2_Driver/ur_moveit_config) by extension 'ros'
[0.362s] DEBUG:colcon.colcon_core.package_identification:Package 'src/Universal_Robots_ROS2_Driver/ur_moveit_config' with type 'ros.ament_cmake' and name 'ur_moveit_config'
[0.362s] Level 1:colcon.colcon_core.package_identification:_identify(src/Universal_Robots_ROS2_Driver/ur_robot_driver) by extensions ['ignore', 'ignore_ament_install']
[0.362s] Level 1:colcon.colcon_core.package_identification:_identify(src/Universal_Robots_ROS2_Driver/ur_robot_driver) by extension 'ignore'
[0.362s] Level 1:colcon.colcon_core.package_identification:_identify(src/Universal_Robots_ROS2_Driver/ur_robot_driver) by extension 'ignore_ament_install'
[0.362s] Level 1:colcon.colcon_core.package_identification:_identify(src/Universal_Robots_ROS2_Driver/ur_robot_driver) by extensions ['colcon_pkg']
[0.362s] Level 1:colcon.colcon_core.package_identification:_identify(src/Universal_Robots_ROS2_Driver/ur_robot_driver) by extension 'colcon_pkg'
[0.362s] Level 1:colcon.colcon_core.package_identification:_identify(src/Universal_Robots_ROS2_Driver/ur_robot_driver) by extensions ['colcon_meta']
[0.362s] Level 1:colcon.colcon_core.package_identification:_identify(src/Universal_Robots_ROS2_Driver/ur_robot_driver) by extension 'colcon_meta'
[0.362s] Level 1:colcon.colcon_core.package_identification:_identify(src/Universal_Robots_ROS2_Driver/ur_robot_driver) by extensions ['ros']
[0.362s] Level 1:colcon.colcon_core.package_identification:_identify(src/Universal_Robots_ROS2_Driver/ur_robot_driver) by extension 'ros'
[0.365s] DEBUG:colcon.colcon_core.package_identification:Package 'src/Universal_Robots_ROS2_Driver/ur_robot_driver' with type 'ros.ament_cmake' and name 'ur_robot_driver'
[0.365s] Level 1:colcon.colcon_core.package_identification:_identify(src/camera_control) by extensions ['ignore', 'ignore_ament_install']
[0.366s] Level 1:colcon.colcon_core.package_identification:_identify(src/camera_control) by extension 'ignore'
[0.366s] Level 1:colcon.colcon_core.package_identification:_identify(src/camera_control) by extension 'ignore_ament_install'
[0.366s] Level 1:colcon.colcon_core.package_identification:_identify(src/camera_control) by extensions ['colcon_pkg']
[0.366s] Level 1:colcon.colcon_core.package_identification:_identify(src/camera_control) by extension 'colcon_pkg'
[0.366s] Level 1:colcon.colcon_core.package_identification:_identify(src/camera_control) by extensions ['colcon_meta']
[0.366s] Level 1:colcon.colcon_core.package_identification:_identify(src/camera_control) by extension 'colcon_meta'
[0.366s] Level 1:colcon.colcon_core.package_identification:_identify(src/camera_control) by extensions ['ros']
[0.366s] Level 1:colcon.colcon_core.package_identification:_identify(src/camera_control) by extension 'ros'
[0.367s] DEBUG:colcon.colcon_core.package_identification:Package 'src/camera_control' with type 'ros.ament_python' and name 'camera_control'
[0.367s] Level 1:colcon.colcon_core.package_identification:_identify(src/gripper_control) by extensions ['ignore', 'ignore_ament_install']
[0.367s] Level 1:colcon.colcon_core.package_identification:_identify(src/gripper_control) by extension 'ignore'
[0.367s] Level 1:colcon.colcon_core.package_identification:_identify(src/gripper_control) by extension 'ignore_ament_install'
[0.367s] Level 1:colcon.colcon_core.package_identification:_identify(src/gripper_control) by extensions ['colcon_pkg']
[0.367s] Level 1:colcon.colcon_core.package_identification:_identify(src/gripper_control) by extension 'colcon_pkg'
[0.367s] Level 1:colcon.colcon_core.package_identification:_identify(src/gripper_control) by extensions ['colcon_meta']
[0.367s] Level 1:colcon.colcon_core.package_identification:_identify(src/gripper_control) by extension 'colcon_meta'
[0.367s] Level 1:colcon.colcon_core.package_identification:_identify(src/gripper_control) by extensions ['ros']
[0.367s] Level 1:colcon.colcon_core.package_identification:_identify(src/gripper_control) by extension 'ros'
[0.368s] DEBUG:colcon.colcon_core.package_identification:Package 'src/gripper_control' with type 'ros.ament_python' and name 'gripper_control'
[0.368s] Level 1:colcon.colcon_core.package_identification:_identify(src/interfaces_ur5ik) by extensions ['ignore', 'ignore_ament_install']
[0.368s] Level 1:colcon.colcon_core.package_identification:_identify(src/interfaces_ur5ik) by extension 'ignore'
[0.368s] Level 1:colcon.colcon_core.package_identification:_identify(src/interfaces_ur5ik) by extension 'ignore_ament_install'
[0.368s] Level 1:colcon.colcon_core.package_identification:_identify(src/interfaces_ur5ik) by extensions ['colcon_pkg']
[0.368s] Level 1:colcon.colcon_core.package_identification:_identify(src/interfaces_ur5ik) by extension 'colcon_pkg'
[0.368s] Level 1:colcon.colcon_core.package_identification:_identify(src/interfaces_ur5ik) by extensions ['colcon_meta']
[0.368s] Level 1:colcon.colcon_core.package_identification:_identify(src/interfaces_ur5ik) by extension 'colcon_meta'
[0.368s] Level 1:colcon.colcon_core.package_identification:_identify(src/interfaces_ur5ik) by extensions ['ros']
[0.368s] Level 1:colcon.colcon_core.package_identification:_identify(src/interfaces_ur5ik) by extension 'ros'
[0.369s] DEBUG:colcon.colcon_core.package_identification:Package 'src/interfaces_ur5ik' with type 'ros.ament_cmake' and name 'interfaces_ur5ik'
[0.369s] Level 1:colcon.colcon_core.package_identification:_identify(src/robotiq_description) by extensions ['ignore', 'ignore_ament_install']
[0.369s] Level 1:colcon.colcon_core.package_identification:_identify(src/robotiq_description) by extension 'ignore'
[0.369s] Level 1:colcon.colcon_core.package_identification:_identify(src/robotiq_description) by extension 'ignore_ament_install'
[0.369s] Level 1:colcon.colcon_core.package_identification:_identify(src/robotiq_description) by extensions ['colcon_pkg']
[0.369s] Level 1:colcon.colcon_core.package_identification:_identify(src/robotiq_description) by extension 'colcon_pkg'
[0.369s] Level 1:colcon.colcon_core.package_identification:_identify(src/robotiq_description) by extensions ['colcon_meta']
[0.369s] Level 1:colcon.colcon_core.package_identification:_identify(src/robotiq_description) by extension 'colcon_meta'
[0.370s] Level 1:colcon.colcon_core.package_identification:_identify(src/robotiq_description) by extensions ['ros']
[0.370s] Level 1:colcon.colcon_core.package_identification:_identify(src/robotiq_description) by extension 'ros'
[0.370s] DEBUG:colcon.colcon_core.package_identification:Package 'src/robotiq_description' with type 'ros.ament_cmake' and name 'robotiq_description'
[0.370s] Level 1:colcon.colcon_core.package_identification:_identify(src/service_ur5ik) by extensions ['ignore', 'ignore_ament_install']
[0.371s] Level 1:colcon.colcon_core.package_identification:_identify(src/service_ur5ik) by extension 'ignore'
[0.371s] Level 1:colcon.colcon_core.package_identification:_identify(src/service_ur5ik) by extension 'ignore_ament_install'
[0.371s] Level 1:colcon.colcon_core.package_identification:_identify(src/service_ur5ik) by extensions ['colcon_pkg']
[0.371s] Level 1:colcon.colcon_core.package_identification:_identify(src/service_ur5ik) by extension 'colcon_pkg'
[0.371s] Level 1:colcon.colcon_core.package_identification:_identify(src/service_ur5ik) by extensions ['colcon_meta']
[0.371s] Level 1:colcon.colcon_core.package_identification:_identify(src/service_ur5ik) by extension 'colcon_meta'
[0.371s] Level 1:colcon.colcon_core.package_identification:_identify(src/service_ur5ik) by extensions ['ros']
[0.371s] Level 1:colcon.colcon_core.package_identification:_identify(src/service_ur5ik) by extension 'ros'
[0.372s] DEBUG:colcon.colcon_core.package_identification:Package 'src/service_ur5ik' with type 'ros.ament_cmake' and name 'service_ur5ik'
[0.372s] Level 1:colcon.colcon_core.package_identification:_identify(src/ur_custom_interfaces) by extensions ['ignore', 'ignore_ament_install']
[0.372s] Level 1:colcon.colcon_core.package_identification:_identify(src/ur_custom_interfaces) by extension 'ignore'
[0.372s] Level 1:colcon.colcon_core.package_identification:_identify(src/ur_custom_interfaces) by extension 'ignore_ament_install'
[0.372s] Level 1:colcon.colcon_core.package_identification:_identify(src/ur_custom_interfaces) by extensions ['colcon_pkg']
[0.372s] Level 1:colcon.colcon_core.package_identification:_identify(src/ur_custom_interfaces) by extension 'colcon_pkg'
[0.372s] Level 1:colcon.colcon_core.package_identification:_identify(src/ur_custom_interfaces) by extensions ['colcon_meta']
[0.372s] Level 1:colcon.colcon_core.package_identification:_identify(src/ur_custom_interfaces) by extension 'colcon_meta'
[0.372s] Level 1:colcon.colcon_core.package_identification:_identify(src/ur_custom_interfaces) by extensions ['ros']
[0.372s] Level 1:colcon.colcon_core.package_identification:_identify(src/ur_custom_interfaces) by extension 'ros'
[0.373s] DEBUG:colcon.colcon_core.package_identification:Package 'src/ur_custom_interfaces' with type 'ros.ament_cmake' and name 'ur_custom_interfaces'
[0.373s] Level 1:colcon.colcon_core.package_identification:_identify(src/ur_mover) by extensions ['ignore', 'ignore_ament_install']
[0.373s] Level 1:colcon.colcon_core.package_identification:_identify(src/ur_mover) by extension 'ignore'
[0.373s] Level 1:colcon.colcon_core.package_identification:_identify(src/ur_mover) by extension 'ignore_ament_install'
[0.373s] Level 1:colcon.colcon_core.package_identification:_identify(src/ur_mover) by extensions ['colcon_pkg']
[0.373s] Level 1:colcon.colcon_core.package_identification:_identify(src/ur_mover) by extension 'colcon_pkg'
[0.373s] Level 1:colcon.colcon_core.package_identification:_identify(src/ur_mover) by extensions ['colcon_meta']
[0.373s] Level 1:colcon.colcon_core.package_identification:_identify(src/ur_mover) by extension 'colcon_meta'
[0.373s] Level 1:colcon.colcon_core.package_identification:_identify(src/ur_mover) by extensions ['ros']
[0.374s] Level 1:colcon.colcon_core.package_identification:_identify(src/ur_mover) by extension 'ros'
[0.374s] DEBUG:colcon.colcon_core.package_identification:Package 'src/ur_mover' with type 'ros.ament_cmake' and name 'ur_mover'
[0.374s] Level 1:colcon.colcon_core.package_discovery:discover_packages(recursive) using defaults
[0.374s] Level 1:colcon.colcon_core.package_discovery:discover_packages(ignore) discover
[0.374s] Level 1:colcon.colcon_core.package_discovery:discover_packages(ignore) using defaults
[0.374s] Level 1:colcon.colcon_core.package_discovery:discover_packages(path) discover
[0.374s] Level 1:colcon.colcon_core.package_discovery:discover_packages(path) using defaults
[0.400s] Level 1:colcon.colcon_core.package_discovery:discover_packages(prefix_path) check parameters
[0.400s] Level 1:colcon.colcon_core.package_discovery:discover_packages(prefix_path) discover
[0.403s] DEBUG:colcon.colcon_installed_package_information.package_discovery:Found 19 installed packages in /home/icrs/icrsUR/install
[0.404s] DEBUG:colcon.colcon_installed_package_information.package_discovery:Found 330 installed packages in /opt/ros/humble
[0.407s] Level 1:colcon.colcon_core.package_discovery:discover_packages(prefix_path) using defaults
[0.448s] Level 5:colcon.colcon_core.verb:set package 'gripper_control' build argument 'cmake_args' from command line to 'None'
[0.448s] Level 5:colcon.colcon_core.verb:set package 'gripper_control' build argument 'cmake_target' from command line to 'None'
[0.448s] Level 5:colcon.colcon_core.verb:set package 'gripper_control' build argument 'cmake_target_skip_unavailable' from command line to 'False'
[0.448s] Level 5:colcon.colcon_core.verb:set package 'gripper_control' build argument 'cmake_clean_cache' from command line to 'False'
[0.448s] Level 5:colcon.colcon_core.verb:set package 'gripper_control' build argument 'cmake_clean_first' from command line to 'False'
[0.448s] Level 5:colcon.colcon_core.verb:set package 'gripper_control' build argument 'cmake_force_configure' from command line to 'False'
[0.448s] Level 5:colcon.colcon_core.verb:set package 'gripper_control' build argument 'ament_cmake_args' from command line to 'None'
[0.448s] Level 5:colcon.colcon_core.verb:set package 'gripper_control' build argument 'catkin_cmake_args' from command line to 'None'
[0.448s] Level 5:colcon.colcon_core.verb:set package 'gripper_control' build argument 'catkin_skip_building_tests' from command line to 'False'
[0.448s] DEBUG:colcon.colcon_core.verb:Building package 'gripper_control' with the following arguments: {'ament_cmake_args': None, 'build_base': '/home/icrs/icrsUR/build/gripper_control', 'catkin_cmake_args': None, 'catkin_skip_building_tests': False, 'cmake_args': None, 'cmake_clean_cache': False, 'cmake_clean_first': False, 'cmake_force_configure': False, 'cmake_target': None, 'cmake_target_skip_unavailable': False, 'install_base': '/home/icrs/icrsUR/install/gripper_control', 'merge_install': False, 'path': '/home/icrs/icrsUR/src/gripper_control', 'symlink_install': False, 'test_result_base': None}
[0.448s] Level 5:colcon.colcon_core.verb:set package 'interfaces_ur5ik' build argument 'cmake_args' from command line to 'None'
[0.449s] Level 5:colcon.colcon_core.verb:set package 'interfaces_ur5ik' build argument 'cmake_target' from command line to 'None'
[0.449s] Level 5:colcon.colcon_core.verb:set package 'interfaces_ur5ik' build argument 'cmake_target_skip_unavailable' from command line to 'False'
[0.449s] Level 5:colcon.colcon_core.verb:set package 'interfaces_ur5ik' build argument 'cmake_clean_cache' from command line to 'False'
[0.449s] Level 5:colcon.colcon_core.verb:set package 'interfaces_ur5ik' build argument 'cmake_clean_first' from command line to 'False'
[0.449s] Level 5:colcon.colcon_core.verb:set package 'interfaces_ur5ik' build argument 'cmake_force_configure' from command line to 'False'
[0.449s] Level 5:colcon.colcon_core.verb:set package 'interfaces_ur5ik' build argument 'ament_cmake_args' from command line to 'None'
[0.449s] Level 5:colcon.colcon_core.verb:set package 'interfaces_ur5ik' build argument 'catkin_cmake_args' from command line to 'None'
[0.449s] Level 5:colcon.colcon_core.verb:set package 'interfaces_ur5ik' build argument 'catkin_skip_building_tests' from command line to 'False'
[0.449s] DEBUG:colcon.colcon_core.verb:Building package 'interfaces_ur5ik' with the following arguments: {'ament_cmake_args': None, 'build_base': '/home/icrs/icrsUR/build/interfaces_ur5ik', 'catkin_cmake_args': None, 'catkin_skip_building_tests': False, 'cmake_args': None, 'cmake_clean_cache': False, 'cmake_clean_first': False, 'cmake_force_configure': False, 'cmake_target': None, 'cmake_target_skip_unavailable': False, 'install_base': '/home/icrs/icrsUR/install/interfaces_ur5ik', 'merge_install': False, 'path': '/home/icrs/icrsUR/src/interfaces_ur5ik', 'symlink_install': False, 'test_result_base': None}
[0.449s] Level 5:colcon.colcon_core.verb:set package 'robotiq_description' build argument 'cmake_args' from command line to 'None'
[0.449s] Level 5:colcon.colcon_core.verb:set package 'robotiq_description' build argument 'cmake_target' from command line to 'None'
[0.449s] Level 5:colcon.colcon_core.verb:set package 'robotiq_description' build argument 'cmake_target_skip_unavailable' from command line to 'False'
[0.449s] Level 5:colcon.colcon_core.verb:set package 'robotiq_description' build argument 'cmake_clean_cache' from command line to 'False'
[0.449s] Level 5:colcon.colcon_core.verb:set package 'robotiq_description' build argument 'cmake_clean_first' from command line to 'False'
[0.449s] Level 5:colcon.colcon_core.verb:set package 'robotiq_description' build argument 'cmake_force_configure' from command line to 'False'
[0.449s] Level 5:colcon.colcon_core.verb:set package 'robotiq_description' build argument 'ament_cmake_args' from command line to 'None'
[0.449s] Level 5:colcon.colcon_core.verb:set package 'robotiq_description' build argument 'catkin_cmake_args' from command line to 'None'
[0.449s] Level 5:colcon.colcon_core.verb:set package 'robotiq_description' build argument 'catkin_skip_building_tests' from command line to 'False'
[0.449s] DEBUG:colcon.colcon_core.verb:Building package 'robotiq_description' with the following arguments: {'ament_cmake_args': None, 'build_base': '/home/icrs/icrsUR/build/robotiq_description', 'catkin_cmake_args': None, 'catkin_skip_building_tests': False, 'cmake_args': None, 'cmake_clean_cache': False, 'cmake_clean_first': False, 'cmake_force_configure': False, 'cmake_target': None, 'cmake_target_skip_unavailable': False, 'install_base': '/home/icrs/icrsUR/install/robotiq_description', 'merge_install': False, 'path': '/home/icrs/icrsUR/src/robotiq_description', 'symlink_install': False, 'test_result_base': None}
[0.450s] Level 5:colcon.colcon_core.verb:set package 'ur_custom_interfaces' build argument 'cmake_args' from command line to 'None'
[0.450s] Level 5:colcon.colcon_core.verb:set package 'ur_custom_interfaces' build argument 'cmake_target' from command line to 'None'
[0.450s] Level 5:colcon.colcon_core.verb:set package 'ur_custom_interfaces' build argument 'cmake_target_skip_unavailable' from command line to 'False'
[0.450s] Level 5:colcon.colcon_core.verb:set package 'ur_custom_interfaces' build argument 'cmake_clean_cache' from command line to 'False'
[0.450s] Level 5:colcon.colcon_core.verb:set package 'ur_custom_interfaces' build argument 'cmake_clean_first' from command line to 'False'
[0.450s] Level 5:colcon.colcon_core.verb:set package 'ur_custom_interfaces' build argument 'cmake_force_configure' from command line to 'False'
[0.450s] Level 5:colcon.colcon_core.verb:set package 'ur_custom_interfaces' build argument 'ament_cmake_args' from command line to 'None'
[0.450s] Level 5:colcon.colcon_core.verb:set package 'ur_custom_interfaces' build argument 'catkin_cmake_args' from command line to 'None'
[0.450s] Level 5:colcon.colcon_core.verb:set package 'ur_custom_interfaces' build argument 'catkin_skip_building_tests' from command line to 'False'
[0.450s] DEBUG:colcon.colcon_core.verb:Building package 'ur_custom_interfaces' with the following arguments: {'ament_cmake_args': None, 'build_base': '/home/icrs/icrsUR/build/ur_custom_interfaces', 'catkin_cmake_args': None, 'catkin_skip_building_tests': False, 'cmake_args': None, 'cmake_clean_cache': False, 'cmake_clean_first': False, 'cmake_force_configure': False, 'cmake_target': None, 'cmake_target_skip_unavailable': False, 'install_base': '/home/icrs/icrsUR/install/ur_custom_interfaces', 'merge_install': False, 'path': '/home/icrs/icrsUR/src/ur_custom_interfaces', 'symlink_install': False, 'test_result_base': None}
[0.450s] Level 5:colcon.colcon_core.verb:set package 'ur_dashboard_msgs' build argument 'cmake_args' from command line to 'None'
[0.450s] Level 5:colcon.colcon_core.verb:set package 'ur_dashboard_msgs' build argument 'cmake_target' from command line to 'None'
[0.450s] Level 5:colcon.colcon_core.verb:set package 'ur_dashboard_msgs' build argument 'cmake_target_skip_unavailable' from command line to 'False'
[0.450s] Level 5:colcon.colcon_core.verb:set package 'ur_dashboard_msgs' build argument 'cmake_clean_cache' from command line to 'False'
[0.450s] Level 5:colcon.colcon_core.verb:set package 'ur_dashboard_msgs' build argument 'cmake_clean_first' from command line to 'False'
[0.450s] Level 5:colcon.colcon_core.verb:set package 'ur_dashboard_msgs' build argument 'cmake_force_configure' from command line to 'False'
[0.450s] Level 5:colcon.colcon_core.verb:set package 'ur_dashboard_msgs' build argument 'ament_cmake_args' from command line to 'None'
[0.450s] Level 5:colcon.colcon_core.verb:set package 'ur_dashboard_msgs' build argument 'catkin_cmake_args' from command line to 'None'
[0.450s] Level 5:colcon.colcon_core.verb:set package 'ur_dashboard_msgs' build argument 'catkin_skip_building_tests' from command line to 'False'
[0.450s] DEBUG:colcon.colcon_core.verb:Building package 'ur_dashboard_msgs' with the following arguments: {'ament_cmake_args': None, 'build_base': '/home/icrs/icrsUR/build/ur_dashboard_msgs', 'catkin_cmake_args': None, 'catkin_skip_building_tests': False, 'cmake_args': None, 'cmake_clean_cache': False, 'cmake_clean_first': False, 'cmake_force_configure': False, 'cmake_target': None, 'cmake_target_skip_unavailable': False, 'install_base': '/home/icrs/icrsUR/install/ur_dashboard_msgs', 'merge_install': False, 'path': '/home/icrs/icrsUR/src/Universal_Robots_ROS2_Driver/ur_dashboard_msgs', 'symlink_install': False, 'test_result_base': None}
[0.451s] Level 5:colcon.colcon_core.verb:set package 'ur_description' build argument 'cmake_args' from command line to 'None'
[0.451s] Level 5:colcon.colcon_core.verb:set package 'ur_description' build argument 'cmake_target' from command line to 'None'
[0.451s] Level 5:colcon.colcon_core.verb:set package 'ur_description' build argument 'cmake_target_skip_unavailable' from command line to 'False'
[0.451s] Level 5:colcon.colcon_core.verb:set package 'ur_description' build argument 'cmake_clean_cache' from command line to 'False'
[0.451s] Level 5:colcon.colcon_core.verb:set package 'ur_description' build argument 'cmake_clean_first' from command line to 'False'
[0.451s] Level 5:colcon.colcon_core.verb:set package 'ur_description' build argument 'cmake_force_configure' from command line to 'False'
[0.451s] Level 5:colcon.colcon_core.verb:set package 'ur_description' build argument 'ament_cmake_args' from command line to 'None'
[0.451s] Level 5:colcon.colcon_core.verb:set package 'ur_description' build argument 'catkin_cmake_args' from command line to 'None'
[0.451s] Level 5:colcon.colcon_core.verb:set package 'ur_description' build argument 'catkin_skip_building_tests' from command line to 'False'
[0.451s] DEBUG:colcon.colcon_core.verb:Building package 'ur_description' with the following arguments: {'ament_cmake_args': None, 'build_base': '/home/icrs/icrsUR/build/ur_description', 'catkin_cmake_args': None, 'catkin_skip_building_tests': False, 'cmake_args': None, 'cmake_clean_cache': False, 'cmake_clean_first': False, 'cmake_force_configure': False, 'cmake_target': None, 'cmake_target_skip_unavailable': False, 'install_base': '/home/icrs/icrsUR/install/ur_description', 'merge_install': False, 'path': '/home/icrs/icrsUR/src/Universal_Robots_ROS2_Description', 'symlink_install': False, 'test_result_base': None}
[0.451s] Level 5:colcon.colcon_core.verb:set package 'camera_control' build argument 'cmake_args' from command line to 'None'
[0.451s] Level 5:colcon.colcon_core.verb:set package 'camera_control' build argument 'cmake_target' from command line to 'None'
[0.451s] Level 5:colcon.colcon_core.verb:set package 'camera_control' build argument 'cmake_target_skip_unavailable' from command line to 'False'
[0.451s] Level 5:colcon.colcon_core.verb:set package 'camera_control' build argument 'cmake_clean_cache' from command line to 'False'
[0.451s] Level 5:colcon.colcon_core.verb:set package 'camera_control' build argument 'cmake_clean_first' from command line to 'False'
[0.451s] Level 5:colcon.colcon_core.verb:set package 'camera_control' build argument 'cmake_force_configure' from command line to 'False'
[0.451s] Level 5:colcon.colcon_core.verb:set package 'camera_control' build argument 'ament_cmake_args' from command line to 'None'
[0.451s] Level 5:colcon.colcon_core.verb:set package 'camera_control' build argument 'catkin_cmake_args' from command line to 'None'
[0.451s] Level 5:colcon.colcon_core.verb:set package 'camera_control' build argument 'catkin_skip_building_tests' from command line to 'False'
[0.451s] DEBUG:colcon.colcon_core.verb:Building package 'camera_control' with the following arguments: {'ament_cmake_args': None, 'build_base': '/home/icrs/icrsUR/build/camera_control', 'catkin_cmake_args': None, 'catkin_skip_building_tests': False, 'cmake_args': None, 'cmake_clean_cache': False, 'cmake_clean_first': False, 'cmake_force_configure': False, 'cmake_target': None, 'cmake_target_skip_unavailable': False, 'install_base': '/home/icrs/icrsUR/install/camera_control', 'merge_install': False, 'path': '/home/icrs/icrsUR/src/camera_control', 'symlink_install': False, 'test_result_base': None}
[0.452s] Level 5:colcon.colcon_core.verb:set package 'service_ur5ik' build argument 'cmake_args' from command line to 'None'
[0.452s] Level 5:colcon.colcon_core.verb:set package 'service_ur5ik' build argument 'cmake_target' from command line to 'None'
[0.452s] Level 5:colcon.colcon_core.verb:set package 'service_ur5ik' build argument 'cmake_target_skip_unavailable' from command line to 'False'
[0.452s] Level 5:colcon.colcon_core.verb:set package 'service_ur5ik' build argument 'cmake_clean_cache' from command line to 'False'
[0.452s] Level 5:colcon.colcon_core.verb:set package 'service_ur5ik' build argument 'cmake_clean_first' from command line to 'False'
[0.452s] Level 5:colcon.colcon_core.verb:set package 'service_ur5ik' build argument 'cmake_force_configure' from command line to 'False'
[0.452s] Level 5:colcon.colcon_core.verb:set package 'service_ur5ik' build argument 'ament_cmake_args' from command line to 'None'
[0.452s] Level 5:colcon.colcon_core.verb:set package 'service_ur5ik' build argument 'catkin_cmake_args' from command line to 'None'
[0.452s] Level 5:colcon.colcon_core.verb:set package 'service_ur5ik' build argument 'catkin_skip_building_tests' from command line to 'False'
[0.452s] DEBUG:colcon.colcon_core.verb:Building package 'service_ur5ik' with the following arguments: {'ament_cmake_args': None, 'build_base': '/home/icrs/icrsUR/build/service_ur5ik', 'catkin_cmake_args': None, 'catkin_skip_building_tests': False, 'cmake_args': None, 'cmake_clean_cache': False, 'cmake_clean_first': False, 'cmake_force_configure': False, 'cmake_target': None, 'cmake_target_skip_unavailable': False, 'install_base': '/home/icrs/icrsUR/install/service_ur5ik', 'merge_install': False, 'path': '/home/icrs/icrsUR/src/service_ur5ik', 'symlink_install': False, 'test_result_base': None}
[0.452s] Level 5:colcon.colcon_core.verb:set package 'ur_controllers' build argument 'cmake_args' from command line to 'None'
[0.452s] Level 5:colcon.colcon_core.verb:set package 'ur_controllers' build argument 'cmake_target' from command line to 'None'
[0.452s] Level 5:colcon.colcon_core.verb:set package 'ur_controllers' build argument 'cmake_target_skip_unavailable' from command line to 'False'
[0.452s] Level 5:colcon.colcon_core.verb:set package 'ur_controllers' build argument 'cmake_clean_cache' from command line to 'False'
[0.452s] Level 5:colcon.colcon_core.verb:set package 'ur_controllers' build argument 'cmake_clean_first' from command line to 'False'
[0.452s] Level 5:colcon.colcon_core.verb:set package 'ur_controllers' build argument 'cmake_force_configure' from command line to 'False'
[0.452s] Level 5:colcon.colcon_core.verb:set package 'ur_controllers' build argument 'ament_cmake_args' from command line to 'None'
[0.452s] Level 5:colcon.colcon_core.verb:set package 'ur_controllers' build argument 'catkin_cmake_args' from command line to 'None'
[0.452s] Level 5:colcon.colcon_core.verb:set package 'ur_controllers' build argument 'catkin_skip_building_tests' from command line to 'False'
[0.452s] DEBUG:colcon.colcon_core.verb:Building package 'ur_controllers' with the following arguments: {'ament_cmake_args': None, 'build_base': '/home/icrs/icrsUR/build/ur_controllers', 'catkin_cmake_args': None, 'catkin_skip_building_tests': False, 'cmake_args': None, 'cmake_clean_cache': False, 'cmake_clean_first': False, 'cmake_force_configure': False, 'cmake_target': None, 'cmake_target_skip_unavailable': False, 'install_base': '/home/icrs/icrsUR/install/ur_controllers', 'merge_install': False, 'path': '/home/icrs/icrsUR/src/Universal_Robots_ROS2_Driver/ur_controllers', 'symlink_install': False, 'test_result_base': None}
[0.453s] Level 5:colcon.colcon_core.verb:set package 'ur_moveit_config' build argument 'cmake_args' from command line to 'None'
[0.453s] Level 5:colcon.colcon_core.verb:set package 'ur_moveit_config' build argument 'cmake_target' from command line to 'None'
[0.453s] Level 5:colcon.colcon_core.verb:set package 'ur_moveit_config' build argument 'cmake_target_skip_unavailable' from command line to 'False'
[0.453s] Level 5:colcon.colcon_core.verb:set package 'ur_moveit_config' build argument 'cmake_clean_cache' from command line to 'False'
[0.453s] Level 5:colcon.colcon_core.verb:set package 'ur_moveit_config' build argument 'cmake_clean_first' from command line to 'False'
[0.453s] Level 5:colcon.colcon_core.verb:set package 'ur_moveit_config' build argument 'cmake_force_configure' from command line to 'False'
[0.453s] Level 5:colcon.colcon_core.verb:set package 'ur_moveit_config' build argument 'ament_cmake_args' from command line to 'None'
[0.453s] Level 5:colcon.colcon_core.verb:set package 'ur_moveit_config' build argument 'catkin_cmake_args' from command line to 'None'
[0.453s] Level 5:colcon.colcon_core.verb:set package 'ur_moveit_config' build argument 'catkin_skip_building_tests' from command line to 'False'
[0.453s] DEBUG:colcon.colcon_core.verb:Building package 'ur_moveit_config' with the following arguments: {'ament_cmake_args': None, 'build_base': '/home/icrs/icrsUR/build/ur_moveit_config', 'catkin_cmake_args': None, 'catkin_skip_building_tests': False, 'cmake_args': None, 'cmake_clean_cache': False, 'cmake_clean_first': False, 'cmake_force_configure': False, 'cmake_target': None, 'cmake_target_skip_unavailable': False, 'install_base': '/home/icrs/icrsUR/install/ur_moveit_config', 'merge_install': False, 'path': '/home/icrs/icrsUR/src/Universal_Robots_ROS2_Driver/ur_moveit_config', 'symlink_install': False, 'test_result_base': None}
[0.453s] Level 5:colcon.colcon_core.verb:set package 'ur_mover' build argument 'cmake_args' from command line to 'None'
[0.453s] Level 5:colcon.colcon_core.verb:set package 'ur_mover' build argument 'cmake_target' from command line to 'None'
[0.453s] Level 5:colcon.colcon_core.verb:set package 'ur_mover' build argument 'cmake_target_skip_unavailable' from command line to 'False'
[0.453s] Level 5:colcon.colcon_core.verb:set package 'ur_mover' build argument 'cmake_clean_cache' from command line to 'False'
[0.453s] Level 5:colcon.colcon_core.verb:set package 'ur_mover' build argument 'cmake_clean_first' from command line to 'False'
[0.453s] Level 5:colcon.colcon_core.verb:set package 'ur_mover' build argument 'cmake_force_configure' from command line to 'False'
[0.453s] Level 5:colcon.colcon_core.verb:set package 'ur_mover' build argument 'ament_cmake_args' from command line to 'None'
[0.453s] Level 5:colcon.colcon_core.verb:set package 'ur_mover' build argument 'catkin_cmake_args' from command line to 'None'
[0.453s] Level 5:colcon.colcon_core.verb:set package 'ur_mover' build argument 'catkin_skip_building_tests' from command line to 'False'
[0.453s] DEBUG:colcon.colcon_core.verb:Building package 'ur_mover' with the following arguments: {'ament_cmake_args': None, 'build_base': '/home/icrs/icrsUR/build/ur_mover', 'catkin_cmake_args': None, 'catkin_skip_building_tests': False, 'cmake_args': None, 'cmake_clean_cache': False, 'cmake_clean_first': False, 'cmake_force_configure': False, 'cmake_target': None, 'cmake_target_skip_unavailable': False, 'install_base': '/home/icrs/icrsUR/install/ur_mover', 'merge_install': False, 'path': '/home/icrs/icrsUR/src/ur_mover', 'symlink_install': False, 'test_result_base': None}
[0.454s] Level 5:colcon.colcon_core.verb:set package 'ur_bringup' build argument 'cmake_args' from command line to 'None'
[0.454s] Level 5:colcon.colcon_core.verb:set package 'ur_bringup' build argument 'cmake_target' from command line to 'None'
[0.454s] Level 5:colcon.colcon_core.verb:set package 'ur_bringup' build argument 'cmake_target_skip_unavailable' from command line to 'False'
[0.454s] Level 5:colcon.colcon_core.verb:set package 'ur_bringup' build argument 'cmake_clean_cache' from command line to 'False'
[0.454s] Level 5:colcon.colcon_core.verb:set package 'ur_bringup' build argument 'cmake_clean_first' from command line to 'False'
[0.454s] Level 5:colcon.colcon_core.verb:set package 'ur_bringup' build argument 'cmake_force_configure' from command line to 'False'
[0.454s] Level 5:colcon.colcon_core.verb:set package 'ur_bringup' build argument 'ament_cmake_args' from command line to 'None'
[0.454s] Level 5:colcon.colcon_core.verb:set package 'ur_bringup' build argument 'catkin_cmake_args' from command line to 'None'
[0.454s] Level 5:colcon.colcon_core.verb:set package 'ur_bringup' build argument 'catkin_skip_building_tests' from command line to 'False'
[0.454s] DEBUG:colcon.colcon_core.verb:Building package 'ur_bringup' with the following arguments: {'ament_cmake_args': None, 'build_base': '/home/icrs/icrsUR/build/ur_bringup', 'catkin_cmake_args': None, 'catkin_skip_building_tests': False, 'cmake_args': None, 'cmake_clean_cache': False, 'cmake_clean_first': False, 'cmake_force_configure': False, 'cmake_target': None, 'cmake_target_skip_unavailable': False, 'install_base': '/home/icrs/icrsUR/install/ur_bringup', 'merge_install': False, 'path': '/home/icrs/icrsUR/src/Universal_Robots_ROS2_Driver/ur_bringup', 'symlink_install': False, 'test_result_base': None}
[0.454s] Level 5:colcon.colcon_core.verb:set package 'ur_robot_driver' build argument 'cmake_args' from command line to 'None'
[0.454s] Level 5:colcon.colcon_core.verb:set package 'ur_robot_driver' build argument 'cmake_target' from command line to 'None'
[0.454s] Level 5:colcon.colcon_core.verb:set package 'ur_robot_driver' build argument 'cmake_target_skip_unavailable' from command line to 'False'
[0.454s] Level 5:colcon.colcon_core.verb:set package 'ur_robot_driver' build argument 'cmake_clean_cache' from command line to 'False'
[0.454s] Level 5:colcon.colcon_core.verb:set package 'ur_robot_driver' build argument 'cmake_clean_first' from command line to 'False'
[0.454s] Level 5:colcon.colcon_core.verb:set package 'ur_robot_driver' build argument 'cmake_force_configure' from command line to 'False'
[0.454s] Level 5:colcon.colcon_core.verb:set package 'ur_robot_driver' build argument 'ament_cmake_args' from command line to 'None'
[0.454s] Level 5:colcon.colcon_core.verb:set package 'ur_robot_driver' build argument 'catkin_cmake_args' from command line to 'None'
[0.454s] Level 5:colcon.colcon_core.verb:set package 'ur_robot_driver' build argument 'catkin_skip_building_tests' from command line to 'False'
[0.455s] DEBUG:colcon.colcon_core.verb:Building package 'ur_robot_driver' with the following arguments: {'ament_cmake_args': None, 'build_base': '/home/icrs/icrsUR/build/ur_robot_driver', 'catkin_cmake_args': None, 'catkin_skip_building_tests': False, 'cmake_args': None, 'cmake_clean_cache': False, 'cmake_clean_first': False, 'cmake_force_configure': False, 'cmake_target': None, 'cmake_target_skip_unavailable': False, 'install_base': '/home/icrs/icrsUR/install/ur_robot_driver', 'merge_install': False, 'path': '/home/icrs/icrsUR/src/Universal_Robots_ROS2_Driver/ur_robot_driver', 'symlink_install': False, 'test_result_base': None}
[0.455s] Level 5:colcon.colcon_core.verb:set package 'ur_calibration' build argument 'cmake_args' from command line to 'None'
[0.455s] Level 5:colcon.colcon_core.verb:set package 'ur_calibration' build argument 'cmake_target' from command line to 'None'
[0.455s] Level 5:colcon.colcon_core.verb:set package 'ur_calibration' build argument 'cmake_target_skip_unavailable' from command line to 'False'
[0.455s] Level 5:colcon.colcon_core.verb:set package 'ur_calibration' build argument 'cmake_clean_cache' from command line to 'False'
[0.455s] Level 5:colcon.colcon_core.verb:set package 'ur_calibration' build argument 'cmake_clean_first' from command line to 'False'
[0.455s] Level 5:colcon.colcon_core.verb:set package 'ur_calibration' build argument 'cmake_force_configure' from command line to 'False'
[0.455s] Level 5:colcon.colcon_core.verb:set package 'ur_calibration' build argument 'ament_cmake_args' from command line to 'None'
[0.455s] Level 5:colcon.colcon_core.verb:set package 'ur_calibration' build argument 'catkin_cmake_args' from command line to 'None'
[0.455s] Level 5:colcon.colcon_core.verb:set package 'ur_calibration' build argument 'catkin_skip_building_tests' from command line to 'False'
[0.455s] DEBUG:colcon.colcon_core.verb:Building package 'ur_calibration' with the following arguments: {'ament_cmake_args': None, 'build_base': '/home/icrs/icrsUR/build/ur_calibration', 'catkin_cmake_args': None, 'catkin_skip_building_tests': False, 'cmake_args': None, 'cmake_clean_cache': False, 'cmake_clean_first': False, 'cmake_force_configure': False, 'cmake_target': None, 'cmake_target_skip_unavailable': False, 'install_base': '/home/icrs/icrsUR/install/ur_calibration', 'merge_install': False, 'path': '/home/icrs/icrsUR/src/Universal_Robots_ROS2_Driver/ur_calibration', 'symlink_install': False, 'test_result_base': None}
[0.455s] Level 5:colcon.colcon_core.verb:set package 'ur' build argument 'cmake_args' from command line to 'None'
[0.455s] Level 5:colcon.colcon_core.verb:set package 'ur' build argument 'cmake_target' from command line to 'None'
[0.455s] Level 5:colcon.colcon_core.verb:set package 'ur' build argument 'cmake_target_skip_unavailable' from command line to 'False'
[0.455s] Level 5:colcon.colcon_core.verb:set package 'ur' build argument 'cmake_clean_cache' from command line to 'False'
[0.455s] Level 5:colcon.colcon_core.verb:set package 'ur' build argument 'cmake_clean_first' from command line to 'False'
[0.455s] Level 5:colcon.colcon_core.verb:set package 'ur' build argument 'cmake_force_configure' from command line to 'False'
[0.456s] Level 5:colcon.colcon_core.verb:set package 'ur' build argument 'ament_cmake_args' from command line to 'None'
[0.456s] Level 5:colcon.colcon_core.verb:set package 'ur' build argument 'catkin_cmake_args' from command line to 'None'
[0.456s] Level 5:colcon.colcon_core.verb:set package 'ur' build argument 'catkin_skip_building_tests' from command line to 'False'
[0.456s] DEBUG:colcon.colcon_core.verb:Building package 'ur' with the following arguments: {'ament_cmake_args': None, 'build_base': '/home/icrs/icrsUR/build/ur', 'catkin_cmake_args': None, 'catkin_skip_building_tests': False, 'cmake_args': None, 'cmake_clean_cache': False, 'cmake_clean_first': False, 'cmake_force_configure': False, 'cmake_target': None, 'cmake_target_skip_unavailable': False, 'install_base': '/home/icrs/icrsUR/install/ur', 'merge_install': False, 'path': '/home/icrs/icrsUR/src/Universal_Robots_ROS2_Driver/ur', 'symlink_install': False, 'test_result_base': None}
[0.456s] INFO:colcon.colcon_core.executor:Executing jobs using 'parallel' executor
[0.457s] DEBUG:colcon.colcon_parallel_executor.executor.parallel:run_until_complete
[0.457s] INFO:colcon.colcon_ros.task.ament_cmake.build:Building ROS package in '/home/icrs/icrsUR/src/Universal_Robots_ROS2_Driver/ur_dashboard_msgs' with build type 'ament_cmake'
[0.457s] INFO:colcon.colcon_cmake.task.cmake.build:Building CMake package in '/home/icrs/icrsUR/src/Universal_Robots_ROS2_Driver/ur_dashboard_msgs'
[0.459s] INFO:colcon.colcon_core.plugin_system:Skipping extension 'colcon_core.shell.bat': Not used on non-Windows systems
[0.460s] INFO:colcon.colcon_core.shell:Skip shell extension 'powershell' for command environment: Not usable outside of PowerShell
[0.460s] DEBUG:colcon.colcon_core.shell:Skip shell extension 'dsv' for command environment
[0.464s] INFO:colcon.colcon_ros.task.ament_cmake.build:Building ROS package in '/home/icrs/icrsUR/src/Universal_Robots_ROS2_Description' with build type 'ament_cmake'
[0.464s] INFO:colcon.colcon_cmake.task.cmake.build:Building CMake package in '/home/icrs/icrsUR/src/Universal_Robots_ROS2_Description'
[0.465s] INFO:colcon.colcon_core.shell:Skip shell extension 'powershell' for command environment: Not usable outside of PowerShell
[0.465s] DEBUG:colcon.colcon_core.shell:Skip shell extension 'dsv' for command environment
[0.468s] INFO:colcon.colcon_ros.task.ament_cmake.build:Building ROS package in '/home/icrs/icrsUR/src/interfaces_ur5ik' with build type 'ament_cmake'
[0.469s] INFO:colcon.colcon_cmake.task.cmake.build:Building CMake package in '/home/icrs/icrsUR/src/interfaces_ur5ik'
[0.469s] INFO:colcon.colcon_core.shell:Skip shell extension 'powershell' for command environment: Not usable outside of PowerShell
[0.469s] DEBUG:colcon.colcon_core.shell:Skip shell extension 'dsv' for command environment
[0.473s] INFO:colcon.colcon_ros.task.ament_cmake.build:Building ROS package in '/home/icrs/icrsUR/src/ur_custom_interfaces' with build type 'ament_cmake'
[0.474s] INFO:colcon.colcon_cmake.task.cmake.build:Building CMake package in '/home/icrs/icrsUR/src/ur_custom_interfaces'
[0.474s] INFO:colcon.colcon_core.shell:Skip shell extension 'powershell' for command environment: Not usable outside of PowerShell
[0.474s] DEBUG:colcon.colcon_core.shell:Skip shell extension 'dsv' for command environment
[0.478s] INFO:colcon.colcon_ros.task.ament_python.build:Building ROS package in '/home/icrs/icrsUR/src/gripper_control' with build type 'ament_python'
[0.478s] Level 1:colcon.colcon_core.shell:create_environment_hook('gripper_control', 'ament_prefix_path')
[0.478s] INFO:colcon.colcon_core.shell:Creating environment hook '/home/icrs/icrsUR/install/gripper_control/share/gripper_control/hook/ament_prefix_path.ps1'
[0.479s] INFO:colcon.colcon_core.shell:Creating environment descriptor '/home/icrs/icrsUR/install/gripper_control/share/gripper_control/hook/ament_prefix_path.dsv'
[0.479s] INFO:colcon.colcon_core.shell:Creating environment hook '/home/icrs/icrsUR/install/gripper_control/share/gripper_control/hook/ament_prefix_path.sh'
[0.480s] INFO:colcon.colcon_core.shell:Skip shell extension 'powershell' for command environment: Not usable outside of PowerShell
[0.480s] DEBUG:colcon.colcon_core.shell:Skip shell extension 'dsv' for command environment
[0.483s] INFO:colcon.colcon_ros.task.ament_cmake.build:Building ROS package in '/home/icrs/icrsUR/src/robotiq_description' with build type 'ament_cmake'
[0.484s] INFO:colcon.colcon_cmake.task.cmake.build:Building CMake package in '/home/icrs/icrsUR/src/robotiq_description'
[0.484s] INFO:colcon.colcon_core.shell:Skip shell extension 'powershell' for command environment: Not usable outside of PowerShell
[0.484s] DEBUG:colcon.colcon_core.shell:Skip shell extension 'dsv' for command environment
[0.498s] DEBUG:colcon.colcon_core.event_handler.log_command:Invoking command in '/home/icrs/icrsUR/build/ur_dashboard_msgs': CMAKE_PREFIX_PATH=${CMAKE_PREFIX_PATH}:/home/icrs/icrsUR/install/camera_control:/home/icrs/icrsUR/install/gripper_control:/opt/ros/humble /usr/bin/cmake --build /home/icrs/icrsUR/build/ur_dashboard_msgs -- -j8 -l8
[0.501s] DEBUG:colcon.colcon_core.event_handler.log_command:Invoking command in '/home/icrs/icrsUR/build/ur_description': CMAKE_PREFIX_PATH=${CMAKE_PREFIX_PATH}:/home/icrs/icrsUR/install/camera_control:/home/icrs/icrsUR/install/gripper_control:/opt/ros/humble /usr/bin/cmake --build /home/icrs/icrsUR/build/ur_description -- -j8 -l8
[0.503s] DEBUG:colcon.colcon_core.event_handler.log_command:Invoking command in '/home/icrs/icrsUR/build/interfaces_ur5ik': CMAKE_PREFIX_PATH=${CMAKE_PREFIX_PATH}:/home/icrs/icrsUR/install/camera_control:/home/icrs/icrsUR/install/gripper_control:/opt/ros/humble /usr/bin/cmake --build /home/icrs/icrsUR/build/interfaces_ur5ik -- -j8 -l8
[0.508s] DEBUG:colcon.colcon_core.event_handler.log_command:Invoking command in '/home/icrs/icrsUR/build/ur_custom_interfaces': CMAKE_PREFIX_PATH=${CMAKE_PREFIX_PATH}:/home/icrs/icrsUR/install/camera_control:/home/icrs/icrsUR/install/gripper_control:/opt/ros/humble /usr/bin/cmake --build /home/icrs/icrsUR/build/ur_custom_interfaces -- -j8 -l8
[1.228s] WARNING:colcon.colcon_ros.task.ament_python.build:Package 'gripper_control' doesn't explicitly install a marker in the package index (colcon-ros currently does it implicitly but that fallback will be removed in the future)
[1.229s] INFO:colcon.colcon_core.task.python.build:Building Python package in '/home/icrs/icrsUR/src/gripper_control'
[1.231s] INFO:colcon.colcon_core.shell:Skip shell extension 'powershell' for command environment: Not usable outside of PowerShell
[1.231s] DEBUG:colcon.colcon_core.shell:Skip shell extension 'dsv' for command environment
[1.260s] DEBUG:colcon.colcon_core.event_handler.log_command:Invoking command in '/home/icrs/icrsUR/build/robotiq_description': CMAKE_PREFIX_PATH=${CMAKE_PREFIX_PATH}:/home/icrs/icrsUR/install/camera_control:/home/icrs/icrsUR/install/gripper_control:/opt/ros/humble /usr/bin/cmake --build /home/icrs/icrsUR/build/robotiq_description -- -j8 -l8
[1.268s] DEBUG:colcon.colcon_core.event_handler.log_command:Invoked command in '/home/icrs/icrsUR/build/ur_description' returned '0': CMAKE_PREFIX_PATH=${CMAKE_PREFIX_PATH}:/home/icrs/icrsUR/install/camera_control:/home/icrs/icrsUR/install/gripper_control:/opt/ros/humble /usr/bin/cmake --build /home/icrs/icrsUR/build/ur_description -- -j8 -l8
[1.329s] DEBUG:colcon.colcon_core.event_handler.log_command:Invoking command in '/home/icrs/icrsUR/build/ur_description': CMAKE_PREFIX_PATH=${CMAKE_PREFIX_PATH}:/home/icrs/icrsUR/install/camera_control:/home/icrs/icrsUR/install/gripper_control:/opt/ros/humble /usr/bin/cmake --install /home/icrs/icrsUR/build/ur_description
[1.332s] DEBUG:colcon.colcon_core.event_handler.log_command:Invoked command in '/home/icrs/icrsUR/build/interfaces_ur5ik' returned '0': CMAKE_PREFIX_PATH=${CMAKE_PREFIX_PATH}:/home/icrs/icrsUR/install/camera_control:/home/icrs/icrsUR/install/gripper_control:/opt/ros/humble /usr/bin/cmake --build /home/icrs/icrsUR/build/interfaces_ur5ik -- -j8 -l8
[1.335s] DEBUG:colcon.colcon_core.event_handler.log_command:Invoked command in '/home/icrs/icrsUR/build/robotiq_description' returned '0': CMAKE_PREFIX_PATH=${CMAKE_PREFIX_PATH}:/home/icrs/icrsUR/install/camera_control:/home/icrs/icrsUR/install/gripper_control:/opt/ros/humble /usr/bin/cmake --build /home/icrs/icrsUR/build/robotiq_description -- -j8 -l8
[1.378s] DEBUG:colcon.colcon_core.event_handler.log_command:Invoked command in '/home/icrs/icrsUR/build/ur_custom_interfaces' returned '0': CMAKE_PREFIX_PATH=${CMAKE_PREFIX_PATH}:/home/icrs/icrsUR/install/camera_control:/home/icrs/icrsUR/install/gripper_control:/opt/ros/humble /usr/bin/cmake --build /home/icrs/icrsUR/build/ur_custom_interfaces -- -j8 -l8
[1.387s] DEBUG:colcon.colcon_core.event_handler.log_command:Invoking command in '/home/icrs/icrsUR/build/robotiq_description': CMAKE_PREFIX_PATH=${CMAKE_PREFIX_PATH}:/home/icrs/icrsUR/install/camera_control:/home/icrs/icrsUR/install/gripper_control:/opt/ros/humble /usr/bin/cmake --install /home/icrs/icrsUR/build/robotiq_description
[1.395s] DEBUG:colcon.colcon_core.event_handler.log_command:Invoked command in '/home/icrs/icrsUR/build/ur_dashboard_msgs' returned '0': CMAKE_PREFIX_PATH=${CMAKE_PREFIX_PATH}:/home/icrs/icrsUR/install/camera_control:/home/icrs/icrsUR/install/gripper_control:/opt/ros/humble /usr/bin/cmake --build /home/icrs/icrsUR/build/ur_dashboard_msgs -- -j8 -l8
[1.398s] Level 1:colcon.colcon_core.environment:create_environment_scripts_only(ur_description)
[1.406s] DEBUG:colcon.colcon_core.event_handler.log_command:Invoked command in '/home/icrs/icrsUR/build/ur_description' returned '0': CMAKE_PREFIX_PATH=${CMAKE_PREFIX_PATH}:/home/icrs/icrsUR/install/camera_control:/home/icrs/icrsUR/install/gripper_control:/opt/ros/humble /usr/bin/cmake --install /home/icrs/icrsUR/build/ur_description
[1.411s] Level 1:colcon.colcon_core.environment:checking '/home/icrs/icrsUR/install/ur_description' for CMake module files
[1.412s] Level 1:colcon.colcon_core.environment:checking '/home/icrs/icrsUR/install/ur_description' for CMake config files
[1.413s] Level 1:colcon.colcon_core.shell:create_environment_hook('ur_description', 'cmake_prefix_path')
[1.413s] INFO:colcon.colcon_core.shell:Creating environment hook '/home/icrs/icrsUR/install/ur_description/share/ur_description/hook/cmake_prefix_path.ps1'
[1.414s] INFO:colcon.colcon_core.shell:Creating environment descriptor '/home/icrs/icrsUR/install/ur_description/share/ur_description/hook/cmake_prefix_path.dsv'
[1.414s] INFO:colcon.colcon_core.shell:Creating environment hook '/home/icrs/icrsUR/install/ur_description/share/ur_description/hook/cmake_prefix_path.sh'
[1.415s] Level 1:colcon.colcon_core.environment:checking '/home/icrs/icrsUR/install/ur_description/bin'
[1.416s] Level 1:colcon.colcon_core.environment:checking '/home/icrs/icrsUR/install/ur_description/lib/pkgconfig/ur_description.pc'
[1.416s] Level 1:colcon.colcon_core.environment:checking '/home/icrs/icrsUR/install/ur_description/lib/python3.10/site-packages'
[1.417s] Level 1:colcon.colcon_core.environment:checking '/home/icrs/icrsUR/install/ur_description/bin'
[1.418s] INFO:colcon.colcon_core.shell:Creating package script '/home/icrs/icrsUR/install/ur_description/share/ur_description/package.ps1'
[1.420s] INFO:colcon.colcon_core.shell:Creating package descriptor '/home/icrs/icrsUR/install/ur_description/share/ur_description/package.dsv'
[1.423s] INFO:colcon.colcon_core.shell:Creating package script '/home/icrs/icrsUR/install/ur_description/share/ur_description/package.sh'
[1.424s] INFO:colcon.colcon_core.shell:Creating package script '/home/icrs/icrsUR/install/ur_description/share/ur_description/package.bash'
[1.426s] INFO:colcon.colcon_core.shell:Creating package script '/home/icrs/icrsUR/install/ur_description/share/ur_description/package.zsh'
[1.427s] Level 1:colcon.colcon_core.environment:create_file_with_runtime_dependencies(/home/icrs/icrsUR/install/ur_description/share/colcon-core/packages/ur_description)
[1.429s] Level 1:colcon.colcon_core.environment:create_environment_scripts_only(robotiq_description)
[1.430s] Level 1:colcon.colcon_core.environment:checking '/home/icrs/icrsUR/install/robotiq_description' for CMake module files
[1.431s] DEBUG:colcon.colcon_core.event_handler.log_command:Invoked command in '/home/icrs/icrsUR/build/robotiq_description' returned '0': CMAKE_PREFIX_PATH=${CMAKE_PREFIX_PATH}:/home/icrs/icrsUR/install/camera_control:/home/icrs/icrsUR/install/gripper_control:/opt/ros/humble /usr/bin/cmake --install /home/icrs/icrsUR/build/robotiq_description
[1.432s] Level 1:colcon.colcon_core.environment:checking '/home/icrs/icrsUR/install/robotiq_description' for CMake config files
[1.432s] Level 1:colcon.colcon_core.shell:create_environment_hook('robotiq_description', 'cmake_prefix_path')
[1.433s] INFO:colcon.colcon_core.shell:Creating environment hook '/home/icrs/icrsUR/install/robotiq_description/share/robotiq_description/hook/cmake_prefix_path.ps1'
[1.434s] INFO:colcon.colcon_core.shell:Creating environment descriptor '/home/icrs/icrsUR/install/robotiq_description/share/robotiq_description/hook/cmake_prefix_path.dsv'
[1.435s] INFO:colcon.colcon_core.shell:Creating environment hook '/home/icrs/icrsUR/install/robotiq_description/share/robotiq_description/hook/cmake_prefix_path.sh'
[1.436s] Level 1:colcon.colcon_core.environment:checking '/home/icrs/icrsUR/install/robotiq_description/bin'
[1.437s] Level 1:colcon.colcon_core.environment:checking '/home/icrs/icrsUR/install/robotiq_description/lib/pkgconfig/robotiq_description.pc'
[1.437s] Level 1:colcon.colcon_core.environment:checking '/home/icrs/icrsUR/install/robotiq_description/lib/python3.10/site-packages'
[1.438s] Level 1:colcon.colcon_core.environment:checking '/home/icrs/icrsUR/install/robotiq_description/bin'
[1.438s] INFO:colcon.colcon_core.shell:Creating package script '/home/icrs/icrsUR/install/robotiq_description/share/robotiq_description/package.ps1'
[1.439s] INFO:colcon.colcon_core.shell:Creating package descriptor '/home/icrs/icrsUR/install/robotiq_description/share/robotiq_description/package.dsv'
[1.440s] INFO:colcon.colcon_core.shell:Creating package script '/home/icrs/icrsUR/install/robotiq_description/share/robotiq_description/package.sh'
[1.441s] INFO:colcon.colcon_core.shell:Creating package script '/home/icrs/icrsUR/install/robotiq_description/share/robotiq_description/package.bash'
[1.441s] INFO:colcon.colcon_core.shell:Creating package script '/home/icrs/icrsUR/install/robotiq_description/share/robotiq_description/package.zsh'
[1.442s] Level 1:colcon.colcon_core.environment:create_file_with_runtime_dependencies(/home/icrs/icrsUR/install/robotiq_description/share/colcon-core/packages/robotiq_description)
[1.461s] DEBUG:colcon.colcon_core.event_handler.log_command:Invoking command in '/home/icrs/icrsUR/build/ur_custom_interfaces': CMAKE_PREFIX_PATH=${CMAKE_PREFIX_PATH}:/home/icrs/icrsUR/install/camera_control:/home/icrs/icrsUR/install/gripper_control:/opt/ros/humble /usr/bin/cmake --install /home/icrs/icrsUR/build/ur_custom_interfaces
[1.462s] Level 1:colcon.colcon_core.environment:create_environment_scripts_only(ur_description)
[1.463s] Level 1:colcon.colcon_core.environment:checking '/home/icrs/icrsUR/install/ur_description' for CMake module files
[1.463s] Level 1:colcon.colcon_core.environment:checking '/home/icrs/icrsUR/install/ur_description' for CMake config files
[1.464s] Level 1:colcon.colcon_core.shell:create_environment_hook('ur_description', 'cmake_prefix_path')
[1.464s] INFO:colcon.colcon_core.shell:Creating environment hook '/home/icrs/icrsUR/install/ur_description/share/ur_description/hook/cmake_prefix_path.ps1'
[1.465s] INFO:colcon.colcon_core.shell:Creating environment descriptor '/home/icrs/icrsUR/install/ur_description/share/ur_description/hook/cmake_prefix_path.dsv'
[1.466s] INFO:colcon.colcon_core.shell:Creating environment hook '/home/icrs/icrsUR/install/ur_description/share/ur_description/hook/cmake_prefix_path.sh'
[1.467s] Level 1:colcon.colcon_core.environment:checking '/home/icrs/icrsUR/install/ur_description/bin'
[1.468s] Level 1:colcon.colcon_core.environment:checking '/home/icrs/icrsUR/install/ur_description/lib/pkgconfig/ur_description.pc'
[1.468s] Level 1:colcon.colcon_core.environment:checking '/home/icrs/icrsUR/install/ur_description/lib/python3.10/site-packages'
[1.469s] Level 1:colcon.colcon_core.environment:checking '/home/icrs/icrsUR/install/ur_description/bin'
[1.469s] INFO:colcon.colcon_core.shell:Creating package script '/home/icrs/icrsUR/install/ur_description/share/ur_description/package.ps1'
[1.470s] INFO:colcon.colcon_core.shell:Creating package descriptor '/home/icrs/icrsUR/install/ur_description/share/ur_description/package.dsv'
[1.471s] INFO:colcon.colcon_core.shell:Creating package script '/home/icrs/icrsUR/install/ur_description/share/ur_description/package.sh'
[1.472s] INFO:colcon.colcon_core.shell:Creating package script '/home/icrs/icrsUR/install/ur_description/share/ur_description/package.bash'
[1.472s] INFO:colcon.colcon_core.shell:Creating package script '/home/icrs/icrsUR/install/ur_description/share/ur_description/package.zsh'
[1.473s] Level 1:colcon.colcon_core.environment:create_file_with_runtime_dependencies(/home/icrs/icrsUR/install/ur_description/share/colcon-core/packages/ur_description)
[1.475s] INFO:colcon.colcon_ros.task.ament_cmake.build:Building ROS package in '/home/icrs/icrsUR/src/Universal_Robots_ROS2_Driver/ur_moveit_config' with build type 'ament_cmake'
[1.475s] INFO:colcon.colcon_cmake.task.cmake.build:Building CMake package in '/home/icrs/icrsUR/src/Universal_Robots_ROS2_Driver/ur_moveit_config'
[1.475s] INFO:colcon.colcon_core.shell:Skip shell extension 'powershell' for command environment: Not usable outside of PowerShell
[1.475s] DEBUG:colcon.colcon_core.shell:Skip shell extension 'dsv' for command environment
[1.503s] Level 1:colcon.colcon_core.environment:create_environment_scripts_only(robotiq_description)
[1.503s] Level 1:colcon.colcon_core.environment:checking '/home/icrs/icrsUR/install/robotiq_description' for CMake module files
[1.504s] Level 1:colcon.colcon_core.environment:checking '/home/icrs/icrsUR/install/robotiq_description' for CMake config files
[1.505s] Level 1:colcon.colcon_core.shell:create_environment_hook('robotiq_description', 'cmake_prefix_path')
[1.505s] INFO:colcon.colcon_core.shell:Creating environment hook '/home/icrs/icrsUR/install/robotiq_description/share/robotiq_description/hook/cmake_prefix_path.ps1'
[1.506s] INFO:colcon.colcon_core.shell:Creating environment descriptor '/home/icrs/icrsUR/install/robotiq_description/share/robotiq_description/hook/cmake_prefix_path.dsv'
[1.506s] INFO:colcon.colcon_core.shell:Creating environment hook '/home/icrs/icrsUR/install/robotiq_description/share/robotiq_description/hook/cmake_prefix_path.sh'
[1.507s] Level 1:colcon.colcon_core.environment:checking '/home/icrs/icrsUR/install/robotiq_description/bin'
[1.507s] Level 1:colcon.colcon_core.environment:checking '/home/icrs/icrsUR/install/robotiq_description/lib/pkgconfig/robotiq_description.pc'
[1.507s] Level 1:colcon.colcon_core.environment:checking '/home/icrs/icrsUR/install/robotiq_description/lib/python3.10/site-packages'
[1.507s] Level 1:colcon.colcon_core.environment:checking '/home/icrs/icrsUR/install/robotiq_description/bin'
[1.508s] INFO:colcon.colcon_core.shell:Creating package script '/home/icrs/icrsUR/install/robotiq_description/share/robotiq_description/package.ps1'
[1.509s] INFO:colcon.colcon_core.shell:Creating package descriptor '/home/icrs/icrsUR/install/robotiq_description/share/robotiq_description/package.dsv'
[1.512s] INFO:colcon.colcon_core.shell:Creating package script '/home/icrs/icrsUR/install/robotiq_description/share/robotiq_description/package.sh'
[1.513s] INFO:colcon.colcon_core.shell:Creating package script '/home/icrs/icrsUR/install/robotiq_description/share/robotiq_description/package.bash'
[1.514s] INFO:colcon.colcon_core.shell:Creating package script '/home/icrs/icrsUR/install/robotiq_description/share/robotiq_description/package.zsh'
[1.514s] Level 1:colcon.colcon_core.environment:create_file_with_runtime_dependencies(/home/icrs/icrsUR/install/robotiq_description/share/colcon-core/packages/robotiq_description)
[1.522s] DEBUG:colcon.colcon_core.event_handler.log_command:Invoking command in '/home/icrs/icrsUR/build/interfaces_ur5ik': CMAKE_PREFIX_PATH=${CMAKE_PREFIX_PATH}:/home/icrs/icrsUR/install/camera_control:/home/icrs/icrsUR/install/gripper_control:/opt/ros/humble /usr/bin/cmake --install /home/icrs/icrsUR/build/interfaces_ur5ik
[1.527s] DEBUG:colcon.colcon_core.event_handler.log_command:Invoking command in '/home/icrs/icrsUR/build/ur_moveit_config': CMAKE_PREFIX_PATH=/home/icrs/icrsUR/install/ur_description:/home/icrs/icrsUR/install/ur:/home/icrs/icrsUR/install/ur_calibration:/home/icrs/icrsUR/install/ur_robot_driver:/home/icrs/icrsUR/install/ur_mover:/home/icrs/icrsUR/install/ur_moveit_config:/home/icrs/icrsUR/install/ur_bringup:/home/icrs/icrsUR/install/ur_controllers:/home/icrs/icrsUR/install/ur_dashboard_msgs:/home/icrs/icrsUR/install/ur_custom_interfaces:/home/icrs/icrsUR/install/service_ur5ik:/home/icrs/icrsUR/install/robotiq_description:/home/icrs/icrsUR/install/module_5_assignment:/home/icrs/icrsUR/install/module_3_assignment:/home/icrs/icrsUR/install/module_1_assignment:/home/icrs/icrsUR/install/module_10_assignment:/home/icrs/icrsUR/install/interfaces_ur5ik:/home/icrs/icrsUR/install/camera_control:/home/icrs/icrsUR/install/gripper_control:/opt/ros/humble /usr/bin/cmake --build /home/icrs/icrsUR/build/ur_moveit_config -- -j8 -l8
[1.598s] Level 1:colcon.colcon_core.environment:create_environment_scripts_only(ur_custom_interfaces)
[1.599s] Level 1:colcon.colcon_core.environment:checking '/home/icrs/icrsUR/install/ur_custom_interfaces' for CMake module files
[1.600s] DEBUG:colcon.colcon_core.event_handler.log_command:Invoked command in '/home/icrs/icrsUR/build/ur_custom_interfaces' returned '0': CMAKE_PREFIX_PATH=${CMAKE_PREFIX_PATH}:/home/icrs/icrsUR/install/camera_control:/home/icrs/icrsUR/install/gripper_control:/opt/ros/humble /usr/bin/cmake --install /home/icrs/icrsUR/build/ur_custom_interfaces
[1.601s] Level 1:colcon.colcon_core.environment:checking '/home/icrs/icrsUR/install/ur_custom_interfaces' for CMake config files
[1.603s] Level 1:colcon.colcon_core.shell:create_environment_hook('ur_custom_interfaces', 'cmake_prefix_path')
[1.604s] INFO:colcon.colcon_core.shell:Creating environment hook '/home/icrs/icrsUR/install/ur_custom_interfaces/share/ur_custom_interfaces/hook/cmake_prefix_path.ps1'
[1.604s] INFO:colcon.colcon_core.shell:Creating environment descriptor '/home/icrs/icrsUR/install/ur_custom_interfaces/share/ur_custom_interfaces/hook/cmake_prefix_path.dsv'
[1.605s] INFO:colcon.colcon_core.shell:Creating environment hook '/home/icrs/icrsUR/install/ur_custom_interfaces/share/ur_custom_interfaces/hook/cmake_prefix_path.sh'
[1.606s] Level 1:colcon.colcon_core.environment:checking '/home/icrs/icrsUR/install/ur_custom_interfaces/lib'
[1.607s] Level 1:colcon.colcon_core.shell:create_environment_hook('ur_custom_interfaces', 'ld_library_path_lib')
[1.607s] INFO:colcon.colcon_core.shell:Creating environment hook '/home/icrs/icrsUR/install/ur_custom_interfaces/share/ur_custom_interfaces/hook/ld_library_path_lib.ps1'
[1.608s] INFO:colcon.colcon_core.shell:Creating environment descriptor '/home/icrs/icrsUR/install/ur_custom_interfaces/share/ur_custom_interfaces/hook/ld_library_path_lib.dsv'
[1.608s] INFO:colcon.colcon_core.shell:Creating environment hook '/home/icrs/icrsUR/install/ur_custom_interfaces/share/ur_custom_interfaces/hook/ld_library_path_lib.sh'
[1.609s] Level 1:colcon.colcon_core.environment:checking '/home/icrs/icrsUR/install/ur_custom_interfaces/bin'
[1.609s] Level 1:colcon.colcon_core.environment:checking '/home/icrs/icrsUR/install/ur_custom_interfaces/lib/pkgconfig/ur_custom_interfaces.pc'
[1.610s] Level 1:colcon.colcon_core.environment:checking '/home/icrs/icrsUR/install/ur_custom_interfaces/lib/python3.10/site-packages'
[1.610s] Level 1:colcon.colcon_core.environment:checking '/home/icrs/icrsUR/install/ur_custom_interfaces/bin'
[1.610s] INFO:colcon.colcon_core.shell:Creating package script '/home/icrs/icrsUR/install/ur_custom_interfaces/share/ur_custom_interfaces/package.ps1'
[1.611s] INFO:colcon.colcon_core.shell:Creating package descriptor '/home/icrs/icrsUR/install/ur_custom_interfaces/share/ur_custom_interfaces/package.dsv'
[1.613s] INFO:colcon.colcon_core.shell:Creating package script '/home/icrs/icrsUR/install/ur_custom_interfaces/share/ur_custom_interfaces/package.sh'
[1.614s] INFO:colcon.colcon_core.shell:Creating package script '/home/icrs/icrsUR/install/ur_custom_interfaces/share/ur_custom_interfaces/package.bash'
[1.615s] INFO:colcon.colcon_core.shell:Creating package script '/home/icrs/icrsUR/install/ur_custom_interfaces/share/ur_custom_interfaces/package.zsh'
[1.616s] Level 1:colcon.colcon_core.environment:create_file_with_runtime_dependencies(/home/icrs/icrsUR/install/ur_custom_interfaces/share/colcon-core/packages/ur_custom_interfaces)
[1.692s] Level 1:colcon.colcon_core.environment:create_environment_scripts_only(interfaces_ur5ik)
[1.694s] Level 1:colcon.colcon_core.environment:checking '/home/icrs/icrsUR/install/interfaces_ur5ik' for CMake module files
[1.693s] DEBUG:colcon.colcon_core.event_handler.log_command:Invoked command in '/home/icrs/icrsUR/build/interfaces_ur5ik' returned '0': CMAKE_PREFIX_PATH=${CMAKE_PREFIX_PATH}:/home/icrs/icrsUR/install/camera_control:/home/icrs/icrsUR/install/gripper_control:/opt/ros/humble /usr/bin/cmake --install /home/icrs/icrsUR/build/interfaces_ur5ik
[1.695s] Level 1:colcon.colcon_core.environment:checking '/home/icrs/icrsUR/install/interfaces_ur5ik' for CMake config files
[1.696s] Level 1:colcon.colcon_core.shell:create_environment_hook('interfaces_ur5ik', 'cmake_prefix_path')
[1.696s] INFO:colcon.colcon_core.shell:Creating environment hook '/home/icrs/icrsUR/install/interfaces_ur5ik/share/interfaces_ur5ik/hook/cmake_prefix_path.ps1'
[1.697s] INFO:colcon.colcon_core.shell:Creating environment descriptor '/home/icrs/icrsUR/install/interfaces_ur5ik/share/interfaces_ur5ik/hook/cmake_prefix_path.dsv'
[1.698s] INFO:colcon.colcon_core.shell:Creating environment hook '/home/icrs/icrsUR/install/interfaces_ur5ik/share/interfaces_ur5ik/hook/cmake_prefix_path.sh'
[1.698s] Level 1:colcon.colcon_core.environment:checking '/home/icrs/icrsUR/install/interfaces_ur5ik/lib'
[1.698s] Level 1:colcon.colcon_core.shell:create_environment_hook('interfaces_ur5ik', 'ld_library_path_lib')
[1.699s] INFO:colcon.colcon_core.shell:Creating environment hook '/home/icrs/icrsUR/install/interfaces_ur5ik/share/interfaces_ur5ik/hook/ld_library_path_lib.ps1'
[1.699s] INFO:colcon.colcon_core.shell:Creating environment descriptor '/home/icrs/icrsUR/install/interfaces_ur5ik/share/interfaces_ur5ik/hook/ld_library_path_lib.dsv'
[1.700s] INFO:colcon.colcon_core.shell:Creating environment hook '/home/icrs/icrsUR/install/interfaces_ur5ik/share/interfaces_ur5ik/hook/ld_library_path_lib.sh'
[1.700s] Level 1:colcon.colcon_core.environment:checking '/home/icrs/icrsUR/install/interfaces_ur5ik/bin'
[1.700s] Level 1:colcon.colcon_core.environment:checking '/home/icrs/icrsUR/install/interfaces_ur5ik/lib/pkgconfig/interfaces_ur5ik.pc'
[1.701s] Level 1:colcon.colcon_core.environment:checking '/home/icrs/icrsUR/install/interfaces_ur5ik/lib/python3.10/site-packages'
[1.701s] Level 1:colcon.colcon_core.environment:checking '/home/icrs/icrsUR/install/interfaces_ur5ik/bin'
[1.702s] INFO:colcon.colcon_core.shell:Creating package script '/home/icrs/icrsUR/install/interfaces_ur5ik/share/interfaces_ur5ik/package.ps1'
[1.703s] INFO:colcon.colcon_core.shell:Creating package descriptor '/home/icrs/icrsUR/install/interfaces_ur5ik/share/interfaces_ur5ik/package.dsv'
[1.704s] INFO:colcon.colcon_core.shell:Creating package script '/home/icrs/icrsUR/install/interfaces_ur5ik/share/interfaces_ur5ik/package.sh'
[1.705s] INFO:colcon.colcon_core.shell:Creating package script '/home/icrs/icrsUR/install/interfaces_ur5ik/share/interfaces_ur5ik/package.bash'
[1.705s] INFO:colcon.colcon_core.shell:Creating package script '/home/icrs/icrsUR/install/interfaces_ur5ik/share/interfaces_ur5ik/package.zsh'
[1.706s] Level 1:colcon.colcon_core.environment:create_file_with_runtime_dependencies(/home/icrs/icrsUR/install/interfaces_ur5ik/share/colcon-core/packages/interfaces_ur5ik)
[1.709s] Level 1:colcon.colcon_core.environment:create_environment_scripts_only(ur_custom_interfaces)
[1.710s] Level 1:colcon.colcon_core.environment:checking '/home/icrs/icrsUR/install/ur_custom_interfaces' for CMake module files
[1.711s] Level 1:colcon.colcon_core.environment:checking '/home/icrs/icrsUR/install/ur_custom_interfaces' for CMake config files
[1.712s] Level 1:colcon.colcon_core.shell:create_environment_hook('ur_custom_interfaces', 'cmake_prefix_path')
[1.713s] INFO:colcon.colcon_core.shell:Creating environment hook '/home/icrs/icrsUR/install/ur_custom_interfaces/share/ur_custom_interfaces/hook/cmake_prefix_path.ps1'
[1.714s] INFO:colcon.colcon_core.shell:Creating environment descriptor '/home/icrs/icrsUR/install/ur_custom_interfaces/share/ur_custom_interfaces/hook/cmake_prefix_path.dsv'
[1.714s] INFO:colcon.colcon_core.shell:Creating environment hook '/home/icrs/icrsUR/install/ur_custom_interfaces/share/ur_custom_interfaces/hook/cmake_prefix_path.sh'
[1.715s] Level 1:colcon.colcon_core.environment:checking '/home/icrs/icrsUR/install/ur_custom_interfaces/lib'
[1.715s] Level 1:colcon.colcon_core.shell:create_environment_hook('ur_custom_interfaces', 'ld_library_path_lib')
[1.716s] INFO:colcon.colcon_core.shell:Creating environment hook '/home/icrs/icrsUR/install/ur_custom_interfaces/share/ur_custom_interfaces/hook/ld_library_path_lib.ps1'
[1.717s] INFO:colcon.colcon_core.shell:Creating environment descriptor '/home/icrs/icrsUR/install/ur_custom_interfaces/share/ur_custom_interfaces/hook/ld_library_path_lib.dsv'
[1.717s] INFO:colcon.colcon_core.shell:Creating environment hook '/home/icrs/icrsUR/install/ur_custom_interfaces/share/ur_custom_interfaces/hook/ld_library_path_lib.sh'
[1.718s] Level 1:colcon.colcon_core.environment:checking '/home/icrs/icrsUR/install/ur_custom_interfaces/bin'
[1.718s] Level 1:colcon.colcon_core.environment:checking '/home/icrs/icrsUR/install/ur_custom_interfaces/lib/pkgconfig/ur_custom_interfaces.pc'
[1.719s] Level 1:colcon.colcon_core.environment:checking '/home/icrs/icrsUR/install/ur_custom_interfaces/lib/python3.10/site-packages'
[1.719s] Level 1:colcon.colcon_core.environment:checking '/home/icrs/icrsUR/install/ur_custom_interfaces/bin'
[1.720s] INFO:colcon.colcon_core.shell:Creating package script '/home/icrs/icrsUR/install/ur_custom_interfaces/share/ur_custom_interfaces/package.ps1'
[1.722s] INFO:colcon.colcon_core.shell:Creating package descriptor '/home/icrs/icrsUR/install/ur_custom_interfaces/share/ur_custom_interfaces/package.dsv'
[1.723s] INFO:colcon.colcon_core.shell:Creating package script '/home/icrs/icrsUR/install/ur_custom_interfaces/share/ur_custom_interfaces/package.sh'
[1.724s] INFO:colcon.colcon_core.shell:Creating package script '/home/icrs/icrsUR/install/ur_custom_interfaces/share/ur_custom_interfaces/package.bash'
[1.724s] INFO:colcon.colcon_core.shell:Creating package script '/home/icrs/icrsUR/install/ur_custom_interfaces/share/ur_custom_interfaces/package.zsh'
[1.725s] Level 1:colcon.colcon_core.environment:create_file_with_runtime_dependencies(/home/icrs/icrsUR/install/ur_custom_interfaces/share/colcon-core/packages/ur_custom_interfaces)
[1.726s] INFO:colcon.colcon_ros.task.ament_python.build:Building ROS package in '/home/icrs/icrsUR/src/camera_control' with build type 'ament_python'
[1.726s] Level 1:colcon.colcon_core.shell:create_environment_hook('camera_control', 'ament_prefix_path')
[1.727s] INFO:colcon.colcon_core.shell:Creating environment hook '/home/icrs/icrsUR/install/camera_control/share/camera_control/hook/ament_prefix_path.ps1'
[1.728s] INFO:colcon.colcon_core.shell:Creating environment descriptor '/home/icrs/icrsUR/install/camera_control/share/camera_control/hook/ament_prefix_path.dsv'
[1.729s] INFO:colcon.colcon_core.shell:Creating environment hook '/home/icrs/icrsUR/install/camera_control/share/camera_control/hook/ament_prefix_path.sh'
[1.730s] INFO:colcon.colcon_core.shell:Skip shell extension 'powershell' for command environment: Not usable outside of PowerShell
[1.730s] DEBUG:colcon.colcon_core.shell:Skip shell extension 'dsv' for command environment
[2.164s] WARNING:colcon.colcon_ros.task.ament_python.build:Package 'camera_control' doesn't explicitly install a marker in the package index (colcon-ros currently does it implicitly but that fallback will be removed in the future)
[2.164s] INFO:colcon.colcon_core.task.python.build:Building Python package in '/home/icrs/icrsUR/src/camera_control'
[2.164s] INFO:colcon.colcon_core.shell:Skip shell extension 'powershell' for command environment: Not usable outside of PowerShell
[2.164s] DEBUG:colcon.colcon_core.shell:Skip shell extension 'dsv' for command environment
[2.170s] Level 1:colcon.colcon_core.environment:create_environment_scripts_only(interfaces_ur5ik)
[2.171s] Level 1:colcon.colcon_core.environment:checking '/home/icrs/icrsUR/install/interfaces_ur5ik' for CMake module files
[2.172s] Level 1:colcon.colcon_core.environment:checking '/home/icrs/icrsUR/install/interfaces_ur5ik' for CMake config files
[2.172s] Level 1:colcon.colcon_core.shell:create_environment_hook('interfaces_ur5ik', 'cmake_prefix_path')
[2.172s] INFO:colcon.colcon_core.shell:Creating environment hook '/home/icrs/icrsUR/install/interfaces_ur5ik/share/interfaces_ur5ik/hook/cmake_prefix_path.ps1'
[2.173s] INFO:colcon.colcon_core.shell:Creating environment descriptor '/home/icrs/icrsUR/install/interfaces_ur5ik/share/interfaces_ur5ik/hook/cmake_prefix_path.dsv'
[2.173s] INFO:colcon.colcon_core.shell:Creating environment hook '/home/icrs/icrsUR/install/interfaces_ur5ik/share/interfaces_ur5ik/hook/cmake_prefix_path.sh'
[2.174s] Level 1:colcon.colcon_core.environment:checking '/home/icrs/icrsUR/install/interfaces_ur5ik/lib'
[2.174s] Level 1:colcon.colcon_core.shell:create_environment_hook('interfaces_ur5ik', 'ld_library_path_lib')
[2.174s] INFO:colcon.colcon_core.shell:Creating environment hook '/home/icrs/icrsUR/install/interfaces_ur5ik/share/interfaces_ur5ik/hook/ld_library_path_lib.ps1'
[2.174s] INFO:colcon.colcon_core.shell:Creating environment descriptor '/home/icrs/icrsUR/install/interfaces_ur5ik/share/interfaces_ur5ik/hook/ld_library_path_lib.dsv'
[2.175s] INFO:colcon.colcon_core.shell:Creating environment hook '/home/icrs/icrsUR/install/interfaces_ur5ik/share/interfaces_ur5ik/hook/ld_library_path_lib.sh'
[2.175s] Level 1:colcon.colcon_core.environment:checking '/home/icrs/icrsUR/install/interfaces_ur5ik/bin'
[2.175s] Level 1:colcon.colcon_core.environment:checking '/home/icrs/icrsUR/install/interfaces_ur5ik/lib/pkgconfig/interfaces_ur5ik.pc'
[2.175s] Level 1:colcon.colcon_core.environment:checking '/home/icrs/icrsUR/install/interfaces_ur5ik/lib/python3.10/site-packages'
[2.176s] Level 1:colcon.colcon_core.environment:checking '/home/icrs/icrsUR/install/interfaces_ur5ik/bin'
[2.176s] INFO:colcon.colcon_core.shell:Creating package script '/home/icrs/icrsUR/install/interfaces_ur5ik/share/interfaces_ur5ik/package.ps1'
[2.177s] INFO:colcon.colcon_core.shell:Creating package descriptor '/home/icrs/icrsUR/install/interfaces_ur5ik/share/interfaces_ur5ik/package.dsv'
[2.177s] INFO:colcon.colcon_core.shell:Creating package script '/home/icrs/icrsUR/install/interfaces_ur5ik/share/interfaces_ur5ik/package.sh'
[2.178s] INFO:colcon.colcon_core.shell:Creating package script '/home/icrs/icrsUR/install/interfaces_ur5ik/share/interfaces_ur5ik/package.bash'
[2.178s] INFO:colcon.colcon_core.shell:Creating package script '/home/icrs/icrsUR/install/interfaces_ur5ik/share/interfaces_ur5ik/package.zsh'
[2.178s] Level 1:colcon.colcon_core.environment:create_file_with_runtime_dependencies(/home/icrs/icrsUR/install/interfaces_ur5ik/share/colcon-core/packages/interfaces_ur5ik)
[2.180s] DEBUG:colcon.colcon_core.event_handler.log_command:Invoking command in '/home/icrs/icrsUR/build/ur_dashboard_msgs': CMAKE_PREFIX_PATH=${CMAKE_PREFIX_PATH}:/home/icrs/icrsUR/install/camera_control:/home/icrs/icrsUR/install/gripper_control:/opt/ros/humble /usr/bin/cmake --install /home/icrs/icrsUR/build/ur_dashboard_msgs
[2.182s] INFO:colcon.colcon_ros.task.ament_cmake.build:Building ROS package in '/home/icrs/icrsUR/src/service_ur5ik' with build type 'ament_cmake'
[2.182s] INFO:colcon.colcon_cmake.task.cmake.build:Building CMake package in '/home/icrs/icrsUR/src/service_ur5ik'
[2.183s] INFO:colcon.colcon_core.shell:Skip shell extension 'powershell' for command environment: Not usable outside of PowerShell
[2.183s] DEBUG:colcon.colcon_core.shell:Skip shell extension 'dsv' for command environment
[2.183s] DEBUG:colcon.colcon_core.event_handler.log_command:Invoking command in '/home/icrs/icrsUR/src/gripper_control': PYTHONPATH=/home/icrs/icrsUR/build/gripper_control/prefix_override:/usr/lib/python3/dist-packages/colcon_core/task/python/colcon_distutils_commands:/home/icrs/icrsUR/install/gripper_control/lib/python3.10/site-packages:${PYTHONPATH} /usr/bin/python3 -W ignore:setup.py install is deprecated setup.py egg_info --egg-base ../../build/gripper_control build --build-base /home/icrs/icrsUR/build/gripper_control/build install --record /home/icrs/icrsUR/build/gripper_control/install.log --single-version-externally-managed install_data
[2.190s] INFO:colcon.colcon_ros.task.ament_cmake.build:Building ROS package in '/home/icrs/icrsUR/src/ur_mover' with build type 'ament_cmake'
[2.190s] INFO:colcon.colcon_cmake.task.cmake.build:Building CMake package in '/home/icrs/icrsUR/src/ur_mover'
[2.191s] INFO:colcon.colcon_core.shell:Skip shell extension 'powershell' for command environment: Not usable outside of PowerShell
[2.191s] DEBUG:colcon.colcon_core.shell:Skip shell extension 'dsv' for command environment
[2.199s] DEBUG:colcon.colcon_core.event_handler.log_command:Invoked command in '/home/icrs/icrsUR/build/ur_moveit_config' returned '0': CMAKE_PREFIX_PATH=/home/icrs/icrsUR/install/ur_description:/home/icrs/icrsUR/install/ur:/home/icrs/icrsUR/install/ur_calibration:/home/icrs/icrsUR/install/ur_robot_driver:/home/icrs/icrsUR/install/ur_mover:/home/icrs/icrsUR/install/ur_moveit_config:/home/icrs/icrsUR/install/ur_bringup:/home/icrs/icrsUR/install/ur_controllers:/home/icrs/icrsUR/install/ur_dashboard_msgs:/home/icrs/icrsUR/install/ur_custom_interfaces:/home/icrs/icrsUR/install/service_ur5ik:/home/icrs/icrsUR/install/robotiq_description:/home/icrs/icrsUR/install/module_5_assignment:/home/icrs/icrsUR/install/module_3_assignment:/home/icrs/icrsUR/install/module_1_assignment:/home/icrs/icrsUR/install/module_10_assignment:/home/icrs/icrsUR/install/interfaces_ur5ik:/home/icrs/icrsUR/install/camera_control:/home/icrs/icrsUR/install/gripper_control:/opt/ros/humble /usr/bin/cmake --build /home/icrs/icrsUR/build/ur_moveit_config -- -j8 -l8
[2.262s] DEBUG:colcon.colcon_core.event_handler.log_command:Invoking command in '/home/icrs/icrsUR/build/service_ur5ik': CMAKE_PREFIX_PATH=/home/icrs/icrsUR/install/interfaces_ur5ik:/home/icrs/icrsUR/install/ur:/home/icrs/icrsUR/install/ur_calibration:/home/icrs/icrsUR/install/ur_robot_driver:/home/icrs/icrsUR/install/ur_mover:/home/icrs/icrsUR/install/ur_moveit_config:/home/icrs/icrsUR/install/ur_bringup:/home/icrs/icrsUR/install/ur_description:/home/icrs/icrsUR/install/ur_controllers:/home/icrs/icrsUR/install/ur_dashboard_msgs:/home/icrs/icrsUR/install/ur_custom_interfaces:/home/icrs/icrsUR/install/service_ur5ik:/home/icrs/icrsUR/install/robotiq_description:/home/icrs/icrsUR/install/module_5_assignment:/home/icrs/icrsUR/install/module_3_assignment:/home/icrs/icrsUR/install/module_1_assignment:/home/icrs/icrsUR/install/module_10_assignment:/home/icrs/icrsUR/install/camera_control:/home/icrs/icrsUR/install/gripper_control:/opt/ros/humble LD_LIBRARY_PATH=/home/icrs/icrsUR/install/interfaces_ur5ik/lib:/home/icrs/icrsUR/install/ur_robot_driver/lib:/home/icrs/icrsUR/install/ur_controllers/lib:/home/icrs/icrsUR/install/ur_dashboard_msgs/lib:/home/icrs/icrsUR/install/ur_custom_interfaces/lib:/usr/local/cuda-11.8/lib64:/opt/ros/humble/opt/rviz_ogre_vendor/lib:/opt/ros/humble/lib/x86_64-linux-gnu:/opt/ros/humble/lib /usr/bin/cmake --build /home/icrs/icrsUR/build/service_ur5ik -- -j8 -l8
[2.274s] DEBUG:colcon.colcon_core.event_handler.log_command:Invoking command in '/home/icrs/icrsUR/build/ur_mover': CMAKE_PREFIX_PATH=/home/icrs/icrsUR/install/ur_custom_interfaces:/home/icrs/icrsUR/install/interfaces_ur5ik:/home/icrs/icrsUR/install/ur:/home/icrs/icrsUR/install/ur_calibration:/home/icrs/icrsUR/install/ur_robot_driver:/home/icrs/icrsUR/install/ur_mover:/home/icrs/icrsUR/install/ur_moveit_config:/home/icrs/icrsUR/install/ur_bringup:/home/icrs/icrsUR/install/ur_description:/home/icrs/icrsUR/install/ur_controllers:/home/icrs/icrsUR/install/ur_dashboard_msgs:/home/icrs/icrsUR/install/service_ur5ik:/home/icrs/icrsUR/install/robotiq_description:/home/icrs/icrsUR/install/module_5_assignment:/home/icrs/icrsUR/install/module_3_assignment:/home/icrs/icrsUR/install/module_1_assignment:/home/icrs/icrsUR/install/module_10_assignment:/home/icrs/icrsUR/install/camera_control:/home/icrs/icrsUR/install/gripper_control:/opt/ros/humble LD_LIBRARY_PATH=/home/icrs/icrsUR/install/ur_custom_interfaces/lib:/home/icrs/icrsUR/install/interfaces_ur5ik/lib:/home/icrs/icrsUR/install/ur_robot_driver/lib:/home/icrs/icrsUR/install/ur_controllers/lib:/home/icrs/icrsUR/install/ur_dashboard_msgs/lib:/usr/local/cuda-11.8/lib64:/opt/ros/humble/opt/rviz_ogre_vendor/lib:/opt/ros/humble/lib/x86_64-linux-gnu:/opt/ros/humble/lib /usr/bin/cmake --build /home/icrs/icrsUR/build/ur_mover -- -j8 -l8
[2.279s] DEBUG:colcon.colcon_core.event_handler.log_command:Invoking command in '/home/icrs/icrsUR/build/ur_moveit_config': CMAKE_PREFIX_PATH=/home/icrs/icrsUR/install/ur_description:/home/icrs/icrsUR/install/ur:/home/icrs/icrsUR/install/ur_calibration:/home/icrs/icrsUR/install/ur_robot_driver:/home/icrs/icrsUR/install/ur_mover:/home/icrs/icrsUR/install/ur_moveit_config:/home/icrs/icrsUR/install/ur_bringup:/home/icrs/icrsUR/install/ur_controllers:/home/icrs/icrsUR/install/ur_dashboard_msgs:/home/icrs/icrsUR/install/ur_custom_interfaces:/home/icrs/icrsUR/install/service_ur5ik:/home/icrs/icrsUR/install/robotiq_description:/home/icrs/icrsUR/install/module_5_assignment:/home/icrs/icrsUR/install/module_3_assignment:/home/icrs/icrsUR/install/module_1_assignment:/home/icrs/icrsUR/install/module_10_assignment:/home/icrs/icrsUR/install/interfaces_ur5ik:/home/icrs/icrsUR/install/camera_control:/home/icrs/icrsUR/install/gripper_control:/opt/ros/humble /usr/bin/cmake --install /home/icrs/icrsUR/build/ur_moveit_config
[2.385s] Level 1:colcon.colcon_core.environment:create_environment_scripts_only(ur_dashboard_msgs)
[2.386s] Level 1:colcon.colcon_core.environment:checking '/home/icrs/icrsUR/install/ur_dashboard_msgs' for CMake module files
[2.390s] Level 1:colcon.colcon_core.environment:checking '/home/icrs/icrsUR/install/ur_dashboard_msgs' for CMake config files
[2.393s] Level 1:colcon.colcon_core.shell:create_environment_hook('ur_dashboard_msgs', 'cmake_prefix_path')
[2.394s] INFO:colcon.colcon_core.shell:Creating environment hook '/home/icrs/icrsUR/install/ur_dashboard_msgs/share/ur_dashboard_msgs/hook/cmake_prefix_path.ps1'
[2.396s] INFO:colcon.colcon_core.shell:Creating environment descriptor '/home/icrs/icrsUR/install/ur_dashboard_msgs/share/ur_dashboard_msgs/hook/cmake_prefix_path.dsv'
[2.398s] DEBUG:colcon.colcon_core.event_handler.log_command:Invoked command in '/home/icrs/icrsUR/build/ur_dashboard_msgs' returned '0': CMAKE_PREFIX_PATH=${CMAKE_PREFIX_PATH}:/home/icrs/icrsUR/install/camera_control:/home/icrs/icrsUR/install/gripper_control:/opt/ros/humble /usr/bin/cmake --install /home/icrs/icrsUR/build/ur_dashboard_msgs
[2.399s] INFO:colcon.colcon_core.shell:Creating environment hook '/home/icrs/icrsUR/install/ur_dashboard_msgs/share/ur_dashboard_msgs/hook/cmake_prefix_path.sh'
[2.402s] Level 1:colcon.colcon_core.environment:checking '/home/icrs/icrsUR/install/ur_dashboard_msgs/lib'
[2.402s] Level 1:colcon.colcon_core.shell:create_environment_hook('ur_dashboard_msgs', 'ld_library_path_lib')
[2.404s] INFO:colcon.colcon_core.shell:Creating environment hook '/home/icrs/icrsUR/install/ur_dashboard_msgs/share/ur_dashboard_msgs/hook/ld_library_path_lib.ps1'
[2.405s] INFO:colcon.colcon_core.shell:Creating environment descriptor '/home/icrs/icrsUR/install/ur_dashboard_msgs/share/ur_dashboard_msgs/hook/ld_library_path_lib.dsv'
[2.406s] INFO:colcon.colcon_core.shell:Creating environment hook '/home/icrs/icrsUR/install/ur_dashboard_msgs/share/ur_dashboard_msgs/hook/ld_library_path_lib.sh'
[2.407s] Level 1:colcon.colcon_core.environment:checking '/home/icrs/icrsUR/install/ur_dashboard_msgs/bin'
[2.407s] Level 1:colcon.colcon_core.environment:checking '/home/icrs/icrsUR/install/ur_dashboard_msgs/lib/pkgconfig/ur_dashboard_msgs.pc'
[2.408s] Level 1:colcon.colcon_core.environment:checking '/home/icrs/icrsUR/install/ur_dashboard_msgs/lib/python3.10/site-packages'
[2.409s] Level 1:colcon.colcon_core.environment:checking '/home/icrs/icrsUR/install/ur_dashboard_msgs/bin'
[2.410s] INFO:colcon.colcon_core.shell:Creating package script '/home/icrs/icrsUR/install/ur_dashboard_msgs/share/ur_dashboard_msgs/package.ps1'
[2.411s] INFO:colcon.colcon_core.shell:Creating package descriptor '/home/icrs/icrsUR/install/ur_dashboard_msgs/share/ur_dashboard_msgs/package.dsv'
[2.415s] INFO:colcon.colcon_core.shell:Creating package script '/home/icrs/icrsUR/install/ur_dashboard_msgs/share/ur_dashboard_msgs/package.sh'
[2.417s] INFO:colcon.colcon_core.shell:Creating package script '/home/icrs/icrsUR/install/ur_dashboard_msgs/share/ur_dashboard_msgs/package.bash'
[2.419s] INFO:colcon.colcon_core.shell:Creating package script '/home/icrs/icrsUR/install/ur_dashboard_msgs/share/ur_dashboard_msgs/package.zsh'
[2.419s] Level 1:colcon.colcon_core.environment:create_file_with_runtime_dependencies(/home/icrs/icrsUR/install/ur_dashboard_msgs/share/colcon-core/packages/ur_dashboard_msgs)
[2.435s] DEBUG:colcon.colcon_core.event_handler.log_command:Invoked command in '/home/icrs/icrsUR/build/ur_mover' returned '0': CMAKE_PREFIX_PATH=/home/icrs/icrsUR/install/ur_custom_interfaces:/home/icrs/icrsUR/install/interfaces_ur5ik:/home/icrs/icrsUR/install/ur:/home/icrs/icrsUR/install/ur_calibration:/home/icrs/icrsUR/install/ur_robot_driver:/home/icrs/icrsUR/install/ur_mover:/home/icrs/icrsUR/install/ur_moveit_config:/home/icrs/icrsUR/install/ur_bringup:/home/icrs/icrsUR/install/ur_description:/home/icrs/icrsUR/install/ur_controllers:/home/icrs/icrsUR/install/ur_dashboard_msgs:/home/icrs/icrsUR/install/service_ur5ik:/home/icrs/icrsUR/install/robotiq_description:/home/icrs/icrsUR/install/module_5_assignment:/home/icrs/icrsUR/install/module_3_assignment:/home/icrs/icrsUR/install/module_1_assignment:/home/icrs/icrsUR/install/module_10_assignment:/home/icrs/icrsUR/install/camera_control:/home/icrs/icrsUR/install/gripper_control:/opt/ros/humble LD_LIBRARY_PATH=/home/icrs/icrsUR/install/ur_custom_interfaces/lib:/home/icrs/icrsUR/install/interfaces_ur5ik/lib:/home/icrs/icrsUR/install/ur_robot_driver/lib:/home/icrs/icrsUR/install/ur_controllers/lib:/home/icrs/icrsUR/install/ur_dashboard_msgs/lib:/usr/local/cuda-11.8/lib64:/opt/ros/humble/opt/rviz_ogre_vendor/lib:/opt/ros/humble/lib/x86_64-linux-gnu:/opt/ros/humble/lib /usr/bin/cmake --build /home/icrs/icrsUR/build/ur_mover -- -j8 -l8
[2.506s] DEBUG:colcon.colcon_core.event_handler.log_command:Invoking command in '/home/icrs/icrsUR/build/ur_mover': CMAKE_PREFIX_PATH=/home/icrs/icrsUR/install/ur_custom_interfaces:/home/icrs/icrsUR/install/interfaces_ur5ik:/home/icrs/icrsUR/install/ur:/home/icrs/icrsUR/install/ur_calibration:/home/icrs/icrsUR/install/ur_robot_driver:/home/icrs/icrsUR/install/ur_mover:/home/icrs/icrsUR/install/ur_moveit_config:/home/icrs/icrsUR/install/ur_bringup:/home/icrs/icrsUR/install/ur_description:/home/icrs/icrsUR/install/ur_controllers:/home/icrs/icrsUR/install/ur_dashboard_msgs:/home/icrs/icrsUR/install/service_ur5ik:/home/icrs/icrsUR/install/robotiq_description:/home/icrs/icrsUR/install/module_5_assignment:/home/icrs/icrsUR/install/module_3_assignment:/home/icrs/icrsUR/install/module_1_assignment:/home/icrs/icrsUR/install/module_10_assignment:/home/icrs/icrsUR/install/camera_control:/home/icrs/icrsUR/install/gripper_control:/opt/ros/humble LD_LIBRARY_PATH=/home/icrs/icrsUR/install/ur_custom_interfaces/lib:/home/icrs/icrsUR/install/interfaces_ur5ik/lib:/home/icrs/icrsUR/install/ur_robot_driver/lib:/home/icrs/icrsUR/install/ur_controllers/lib:/home/icrs/icrsUR/install/ur_dashboard_msgs/lib:/usr/local/cuda-11.8/lib64:/opt/ros/humble/opt/rviz_ogre_vendor/lib:/opt/ros/humble/lib/x86_64-linux-gnu:/opt/ros/humble/lib /usr/bin/cmake --install /home/icrs/icrsUR/build/ur_mover
[2.507s] Level 1:colcon.colcon_core.environment:create_environment_scripts_only(ur_moveit_config)
[2.507s] Level 1:colcon.colcon_core.environment:checking '/home/icrs/icrsUR/install/ur_moveit_config' for CMake module files
[2.509s] DEBUG:colcon.colcon_core.event_handler.log_command:Invoked command in '/home/icrs/icrsUR/build/ur_moveit_config' returned '0': CMAKE_PREFIX_PATH=/home/icrs/icrsUR/install/ur_description:/home/icrs/icrsUR/install/ur:/home/icrs/icrsUR/install/ur_calibration:/home/icrs/icrsUR/install/ur_robot_driver:/home/icrs/icrsUR/install/ur_mover:/home/icrs/icrsUR/install/ur_moveit_config:/home/icrs/icrsUR/install/ur_bringup:/home/icrs/icrsUR/install/ur_controllers:/home/icrs/icrsUR/install/ur_dashboard_msgs:/home/icrs/icrsUR/install/ur_custom_interfaces:/home/icrs/icrsUR/install/service_ur5ik:/home/icrs/icrsUR/install/robotiq_description:/home/icrs/icrsUR/install/module_5_assignment:/home/icrs/icrsUR/install/module_3_assignment:/home/icrs/icrsUR/install/module_1_assignment:/home/icrs/icrsUR/install/module_10_assignment:/home/icrs/icrsUR/install/interfaces_ur5ik:/home/icrs/icrsUR/install/camera_control:/home/icrs/icrsUR/install/gripper_control:/opt/ros/humble /usr/bin/cmake --install /home/icrs/icrsUR/build/ur_moveit_config
[2.511s] Level 1:colcon.colcon_core.environment:checking '/home/icrs/icrsUR/install/ur_moveit_config' for CMake config files
[2.512s] Level 1:colcon.colcon_core.shell:create_environment_hook('ur_moveit_config', 'cmake_prefix_path')
[2.513s] INFO:colcon.colcon_core.shell:Creating environment hook '/home/icrs/icrsUR/install/ur_moveit_config/share/ur_moveit_config/hook/cmake_prefix_path.ps1'
[2.516s] INFO:colcon.colcon_core.shell:Creating environment descriptor '/home/icrs/icrsUR/install/ur_moveit_config/share/ur_moveit_config/hook/cmake_prefix_path.dsv'
[2.517s] INFO:colcon.colcon_core.shell:Creating environment hook '/home/icrs/icrsUR/install/ur_moveit_config/share/ur_moveit_config/hook/cmake_prefix_path.sh'
[2.518s] Level 1:colcon.colcon_core.environment:checking '/home/icrs/icrsUR/install/ur_moveit_config/bin'
[2.518s] Level 1:colcon.colcon_core.environment:checking '/home/icrs/icrsUR/install/ur_moveit_config/lib/pkgconfig/ur_moveit_config.pc'
[2.519s] Level 1:colcon.colcon_core.environment:checking '/home/icrs/icrsUR/install/ur_moveit_config/lib/python3.10/site-packages'
[2.519s] Level 1:colcon.colcon_core.environment:checking '/home/icrs/icrsUR/install/ur_moveit_config/bin'
[2.520s] INFO:colcon.colcon_core.shell:Creating package script '/home/icrs/icrsUR/install/ur_moveit_config/share/ur_moveit_config/package.ps1'
[2.521s] INFO:colcon.colcon_core.shell:Creating package descriptor '/home/icrs/icrsUR/install/ur_moveit_config/share/ur_moveit_config/package.dsv'
[2.522s] INFO:colcon.colcon_core.shell:Creating package script '/home/icrs/icrsUR/install/ur_moveit_config/share/ur_moveit_config/package.sh'
[2.523s] INFO:colcon.colcon_core.shell:Creating package script '/home/icrs/icrsUR/install/ur_moveit_config/share/ur_moveit_config/package.bash'
[2.525s] INFO:colcon.colcon_core.shell:Creating package script '/home/icrs/icrsUR/install/ur_moveit_config/share/ur_moveit_config/package.zsh'
[2.526s] Level 1:colcon.colcon_core.environment:create_file_with_runtime_dependencies(/home/icrs/icrsUR/install/ur_moveit_config/share/colcon-core/packages/ur_moveit_config)
[2.556s] Level 1:colcon.colcon_core.environment:create_environment_scripts_only(ur_mover)
[2.556s] Level 1:colcon.colcon_core.environment:checking '/home/icrs/icrsUR/install/ur_mover' for CMake module files
[2.558s] DEBUG:colcon.colcon_core.event_handler.log_command:Invoked command in '/home/icrs/icrsUR/build/ur_mover' returned '0': CMAKE_PREFIX_PATH=/home/icrs/icrsUR/install/ur_custom_interfaces:/home/icrs/icrsUR/install/interfaces_ur5ik:/home/icrs/icrsUR/install/ur:/home/icrs/icrsUR/install/ur_calibration:/home/icrs/icrsUR/install/ur_robot_driver:/home/icrs/icrsUR/install/ur_mover:/home/icrs/icrsUR/install/ur_moveit_config:/home/icrs/icrsUR/install/ur_bringup:/home/icrs/icrsUR/install/ur_description:/home/icrs/icrsUR/install/ur_controllers:/home/icrs/icrsUR/install/ur_dashboard_msgs:/home/icrs/icrsUR/install/service_ur5ik:/home/icrs/icrsUR/install/robotiq_description:/home/icrs/icrsUR/install/module_5_assignment:/home/icrs/icrsUR/install/module_3_assignment:/home/icrs/icrsUR/install/module_1_assignment:/home/icrs/icrsUR/install/module_10_assignment:/home/icrs/icrsUR/install/camera_control:/home/icrs/icrsUR/install/gripper_control:/opt/ros/humble LD_LIBRARY_PATH=/home/icrs/icrsUR/install/ur_custom_interfaces/lib:/home/icrs/icrsUR/install/interfaces_ur5ik/lib:/home/icrs/icrsUR/install/ur_robot_driver/lib:/home/icrs/icrsUR/install/ur_controllers/lib:/home/icrs/icrsUR/install/ur_dashboard_msgs/lib:/usr/local/cuda-11.8/lib64:/opt/ros/humble/opt/rviz_ogre_vendor/lib:/opt/ros/humble/lib/x86_64-linux-gnu:/opt/ros/humble/lib /usr/bin/cmake --install /home/icrs/icrsUR/build/ur_mover
[2.559s] Level 1:colcon.colcon_core.environment:checking '/home/icrs/icrsUR/install/ur_mover' for CMake config files
[2.559s] Level 1:colcon.colcon_core.shell:create_environment_hook('ur_mover', 'cmake_prefix_path')
[2.560s] INFO:colcon.colcon_core.shell:Creating environment hook '/home/icrs/icrsUR/install/ur_mover/share/ur_mover/hook/cmake_prefix_path.ps1'
[2.561s] INFO:colcon.colcon_core.shell:Creating environment descriptor '/home/icrs/icrsUR/install/ur_mover/share/ur_mover/hook/cmake_prefix_path.dsv'
[2.561s] INFO:colcon.colcon_core.shell:Creating environment hook '/home/icrs/icrsUR/install/ur_mover/share/ur_mover/hook/cmake_prefix_path.sh'
[2.562s] Level 1:colcon.colcon_core.environment:checking '/home/icrs/icrsUR/install/ur_mover/lib'
[2.563s] Level 1:colcon.colcon_core.environment:checking '/home/icrs/icrsUR/install/ur_mover/bin'
[2.563s] Level 1:colcon.colcon_core.environment:checking '/home/icrs/icrsUR/install/ur_mover/lib/pkgconfig/ur_mover.pc'
[2.563s] Level 1:colcon.colcon_core.environment:checking '/home/icrs/icrsUR/install/ur_mover/lib/python3.10/site-packages'
[2.564s] Level 1:colcon.colcon_core.environment:checking '/home/icrs/icrsUR/install/ur_mover/bin'
[2.565s] INFO:colcon.colcon_core.shell:Creating package script '/home/icrs/icrsUR/install/ur_mover/share/ur_mover/package.ps1'
[2.566s] INFO:colcon.colcon_core.shell:Creating package descriptor '/home/icrs/icrsUR/install/ur_mover/share/ur_mover/package.dsv'
[2.567s] INFO:colcon.colcon_core.shell:Creating package script '/home/icrs/icrsUR/install/ur_mover/share/ur_mover/package.sh'
[2.568s] INFO:colcon.colcon_core.shell:Creating package script '/home/icrs/icrsUR/install/ur_mover/share/ur_mover/package.bash'
[2.569s] INFO:colcon.colcon_core.shell:Creating package script '/home/icrs/icrsUR/install/ur_mover/share/ur_mover/package.zsh'
[2.570s] Level 1:colcon.colcon_core.environment:create_file_with_runtime_dependencies(/home/icrs/icrsUR/install/ur_mover/share/colcon-core/packages/ur_mover)
[2.580s] Level 1:colcon.colcon_core.environment:create_environment_scripts_only(ur_moveit_config)
[2.581s] Level 1:colcon.colcon_core.environment:checking '/home/icrs/icrsUR/install/ur_moveit_config' for CMake module files
[2.582s] Level 1:colcon.colcon_core.environment:checking '/home/icrs/icrsUR/install/ur_moveit_config' for CMake config files
[2.583s] Level 1:colcon.colcon_core.shell:create_environment_hook('ur_moveit_config', 'cmake_prefix_path')
[2.584s] INFO:colcon.colcon_core.shell:Creating environment hook '/home/icrs/icrsUR/install/ur_moveit_config/share/ur_moveit_config/hook/cmake_prefix_path.ps1'
[2.585s] INFO:colcon.colcon_core.shell:Creating environment descriptor '/home/icrs/icrsUR/install/ur_moveit_config/share/ur_moveit_config/hook/cmake_prefix_path.dsv'
[2.585s] INFO:colcon.colcon_core.shell:Creating environment hook '/home/icrs/icrsUR/install/ur_moveit_config/share/ur_moveit_config/hook/cmake_prefix_path.sh'
[2.587s] Level 1:colcon.colcon_core.environment:checking '/home/icrs/icrsUR/install/ur_moveit_config/bin'
[2.587s] Level 1:colcon.colcon_core.environment:checking '/home/icrs/icrsUR/install/ur_moveit_config/lib/pkgconfig/ur_moveit_config.pc'
[2.587s] Level 1:colcon.colcon_core.environment:checking '/home/icrs/icrsUR/install/ur_moveit_config/lib/python3.10/site-packages'
[2.588s] Level 1:colcon.colcon_core.environment:checking '/home/icrs/icrsUR/install/ur_moveit_config/bin'
[2.589s] INFO:colcon.colcon_core.shell:Creating package script '/home/icrs/icrsUR/install/ur_moveit_config/share/ur_moveit_config/package.ps1'
[2.591s] INFO:colcon.colcon_core.shell:Creating package descriptor '/home/icrs/icrsUR/install/ur_moveit_config/share/ur_moveit_config/package.dsv'
[2.592s] INFO:colcon.colcon_core.shell:Creating package script '/home/icrs/icrsUR/install/ur_moveit_config/share/ur_moveit_config/package.sh'
[2.593s] INFO:colcon.colcon_core.shell:Creating package script '/home/icrs/icrsUR/install/ur_moveit_config/share/ur_moveit_config/package.bash'
[2.594s] INFO:colcon.colcon_core.shell:Creating package script '/home/icrs/icrsUR/install/ur_moveit_config/share/ur_moveit_config/package.zsh'
[2.595s] Level 1:colcon.colcon_core.environment:create_file_with_runtime_dependencies(/home/icrs/icrsUR/install/ur_moveit_config/share/colcon-core/packages/ur_moveit_config)
[2.633s] Level 1:colcon.colcon_core.environment:create_environment_scripts_only(ur_mover)
[2.634s] Level 1:colcon.colcon_core.environment:checking '/home/icrs/icrsUR/install/ur_mover' for CMake module files
[2.635s] Level 1:colcon.colcon_core.environment:checking '/home/icrs/icrsUR/install/ur_mover' for CMake config files
[2.636s] Level 1:colcon.colcon_core.shell:create_environment_hook('ur_mover', 'cmake_prefix_path')
[2.637s] INFO:colcon.colcon_core.shell:Creating environment hook '/home/icrs/icrsUR/install/ur_mover/share/ur_mover/hook/cmake_prefix_path.ps1'
[2.639s] INFO:colcon.colcon_core.shell:Creating environment descriptor '/home/icrs/icrsUR/install/ur_mover/share/ur_mover/hook/cmake_prefix_path.dsv'
[2.640s] INFO:colcon.colcon_core.shell:Creating environment hook '/home/icrs/icrsUR/install/ur_mover/share/ur_mover/hook/cmake_prefix_path.sh'
[2.642s] Level 1:colcon.colcon_core.environment:checking '/home/icrs/icrsUR/install/ur_mover/lib'
[2.642s] Level 1:colcon.colcon_core.environment:checking '/home/icrs/icrsUR/install/ur_mover/bin'
[2.642s] Level 1:colcon.colcon_core.environment:checking '/home/icrs/icrsUR/install/ur_mover/lib/pkgconfig/ur_mover.pc'
[2.642s] Level 1:colcon.colcon_core.environment:checking '/home/icrs/icrsUR/install/ur_mover/lib/python3.10/site-packages'
[2.643s] Level 1:colcon.colcon_core.environment:checking '/home/icrs/icrsUR/install/ur_mover/bin'
[2.644s] INFO:colcon.colcon_core.shell:Creating package script '/home/icrs/icrsUR/install/ur_mover/share/ur_mover/package.ps1'
[2.645s] INFO:colcon.colcon_core.shell:Creating package descriptor '/home/icrs/icrsUR/install/ur_mover/share/ur_mover/package.dsv'
[2.646s] INFO:colcon.colcon_core.shell:Creating package script '/home/icrs/icrsUR/install/ur_mover/share/ur_mover/package.sh'
[2.647s] INFO:colcon.colcon_core.shell:Creating package script '/home/icrs/icrsUR/install/ur_mover/share/ur_mover/package.bash'
[2.648s] INFO:colcon.colcon_core.shell:Creating package script '/home/icrs/icrsUR/install/ur_mover/share/ur_mover/package.zsh'
[2.649s] Level 1:colcon.colcon_core.environment:create_file_with_runtime_dependencies(/home/icrs/icrsUR/install/ur_mover/share/colcon-core/packages/ur_mover)
[2.863s] Level 1:colcon.colcon_core.environment:checking '/home/icrs/icrsUR/install/gripper_control' for CMake module files
[2.865s] DEBUG:colcon.colcon_core.event_handler.log_command:Invoked command in '/home/icrs/icrsUR/src/gripper_control' returned '0': PYTHONPATH=/home/icrs/icrsUR/build/gripper_control/prefix_override:/usr/lib/python3/dist-packages/colcon_core/task/python/colcon_distutils_commands:/home/icrs/icrsUR/install/gripper_control/lib/python3.10/site-packages:${PYTHONPATH} /usr/bin/python3 -W ignore:setup.py install is deprecated setup.py egg_info --egg-base ../../build/gripper_control build --build-base /home/icrs/icrsUR/build/gripper_control/build install --record /home/icrs/icrsUR/build/gripper_control/install.log --single-version-externally-managed install_data
[2.865s] Level 1:colcon.colcon_core.environment:checking '/home/icrs/icrsUR/install/gripper_control' for CMake config files
[2.866s] Level 1:colcon.colcon_core.environment:checking '/home/icrs/icrsUR/install/gripper_control/lib'
[2.866s] Level 1:colcon.colcon_core.environment:checking '/home/icrs/icrsUR/install/gripper_control/bin'
[2.866s] Level 1:colcon.colcon_core.environment:checking '/home/icrs/icrsUR/install/gripper_control/lib/pkgconfig/gripper_control.pc'
[2.867s] Level 1:colcon.colcon_core.environment:checking '/home/icrs/icrsUR/install/gripper_control/lib/python3.10/site-packages'
[2.867s] Level 1:colcon.colcon_core.shell:create_environment_hook('gripper_control', 'pythonpath')
[2.867s] INFO:colcon.colcon_core.shell:Creating environment hook '/home/icrs/icrsUR/install/gripper_control/share/gripper_control/hook/pythonpath.ps1'
[2.868s] INFO:colcon.colcon_core.shell:Creating environment descriptor '/home/icrs/icrsUR/install/gripper_control/share/gripper_control/hook/pythonpath.dsv'
[2.869s] INFO:colcon.colcon_core.shell:Creating environment hook '/home/icrs/icrsUR/install/gripper_control/share/gripper_control/hook/pythonpath.sh'
[2.871s] Level 1:colcon.colcon_core.environment:checking '/home/icrs/icrsUR/install/gripper_control/bin'
[2.871s] Level 1:colcon.colcon_core.environment:create_environment_scripts_only(gripper_control)
[2.872s] INFO:colcon.colcon_core.shell:Creating package script '/home/icrs/icrsUR/install/gripper_control/share/gripper_control/package.ps1'
[2.874s] INFO:colcon.colcon_core.shell:Creating package descriptor '/home/icrs/icrsUR/install/gripper_control/share/gripper_control/package.dsv'
[2.875s] INFO:colcon.colcon_core.shell:Creating package script '/home/icrs/icrsUR/install/gripper_control/share/gripper_control/package.sh'
[2.875s] INFO:colcon.colcon_core.shell:Creating package script '/home/icrs/icrsUR/install/gripper_control/share/gripper_control/package.bash'
[2.876s] INFO:colcon.colcon_core.shell:Creating package script '/home/icrs/icrsUR/install/gripper_control/share/gripper_control/package.zsh'
[2.877s] Level 1:colcon.colcon_core.environment:create_file_with_runtime_dependencies(/home/icrs/icrsUR/install/gripper_control/share/colcon-core/packages/gripper_control)
[2.976s] Level 1:colcon.colcon_core.environment:create_environment_scripts_only(ur_dashboard_msgs)
[2.976s] Level 1:colcon.colcon_core.environment:checking '/home/icrs/icrsUR/install/ur_dashboard_msgs' for CMake module files
[2.978s] Level 1:colcon.colcon_core.environment:checking '/home/icrs/icrsUR/install/ur_dashboard_msgs' for CMake config files
[2.979s] Level 1:colcon.colcon_core.shell:create_environment_hook('ur_dashboard_msgs', 'cmake_prefix_path')
[2.979s] INFO:colcon.colcon_core.shell:Creating environment hook '/home/icrs/icrsUR/install/ur_dashboard_msgs/share/ur_dashboard_msgs/hook/cmake_prefix_path.ps1'
[2.980s] INFO:colcon.colcon_core.shell:Creating environment descriptor '/home/icrs/icrsUR/install/ur_dashboard_msgs/share/ur_dashboard_msgs/hook/cmake_prefix_path.dsv'
[2.981s] INFO:colcon.colcon_core.shell:Creating environment hook '/home/icrs/icrsUR/install/ur_dashboard_msgs/share/ur_dashboard_msgs/hook/cmake_prefix_path.sh'
[2.982s] Level 1:colcon.colcon_core.environment:checking '/home/icrs/icrsUR/install/ur_dashboard_msgs/lib'
[2.982s] Level 1:colcon.colcon_core.shell:create_environment_hook('ur_dashboard_msgs', 'ld_library_path_lib')
[2.982s] INFO:colcon.colcon_core.shell:Creating environment hook '/home/icrs/icrsUR/install/ur_dashboard_msgs/share/ur_dashboard_msgs/hook/ld_library_path_lib.ps1'
[2.983s] INFO:colcon.colcon_core.shell:Creating environment descriptor '/home/icrs/icrsUR/install/ur_dashboard_msgs/share/ur_dashboard_msgs/hook/ld_library_path_lib.dsv'
[2.984s] INFO:colcon.colcon_core.shell:Creating environment hook '/home/icrs/icrsUR/install/ur_dashboard_msgs/share/ur_dashboard_msgs/hook/ld_library_path_lib.sh'
[2.985s] Level 1:colcon.colcon_core.environment:checking '/home/icrs/icrsUR/install/ur_dashboard_msgs/bin'
[2.985s] Level 1:colcon.colcon_core.environment:checking '/home/icrs/icrsUR/install/ur_dashboard_msgs/lib/pkgconfig/ur_dashboard_msgs.pc'
[2.986s] Level 1:colcon.colcon_core.environment:checking '/home/icrs/icrsUR/install/ur_dashboard_msgs/lib/python3.10/site-packages'
[2.986s] Level 1:colcon.colcon_core.environment:checking '/home/icrs/icrsUR/install/ur_dashboard_msgs/bin'
[2.987s] INFO:colcon.colcon_core.shell:Creating package script '/home/icrs/icrsUR/install/ur_dashboard_msgs/share/ur_dashboard_msgs/package.ps1'
[2.989s] INFO:colcon.colcon_core.shell:Creating package descriptor '/home/icrs/icrsUR/install/ur_dashboard_msgs/share/ur_dashboard_msgs/package.dsv'
[2.992s] INFO:colcon.colcon_core.shell:Creating package script '/home/icrs/icrsUR/install/ur_dashboard_msgs/share/ur_dashboard_msgs/package.sh'
[2.994s] INFO:colcon.colcon_core.shell:Creating package script '/home/icrs/icrsUR/install/ur_dashboard_msgs/share/ur_dashboard_msgs/package.bash'
[2.995s] INFO:colcon.colcon_core.shell:Creating package script '/home/icrs/icrsUR/install/ur_dashboard_msgs/share/ur_dashboard_msgs/package.zsh'
[2.995s] Level 1:colcon.colcon_core.environment:create_file_with_runtime_dependencies(/home/icrs/icrsUR/install/ur_dashboard_msgs/share/colcon-core/packages/ur_dashboard_msgs)
[2.996s] INFO:colcon.colcon_ros.task.ament_cmake.build:Building ROS package in '/home/icrs/icrsUR/src/Universal_Robots_ROS2_Driver/ur_controllers' with build type 'ament_cmake'
[2.997s] INFO:colcon.colcon_cmake.task.cmake.build:Building CMake package in '/home/icrs/icrsUR/src/Universal_Robots_ROS2_Driver/ur_controllers'
[2.997s] INFO:colcon.colcon_core.shell:Skip shell extension 'powershell' for command environment: Not usable outside of PowerShell
[2.997s] DEBUG:colcon.colcon_core.shell:Skip shell extension 'dsv' for command environment
[3.017s] DEBUG:colcon.colcon_core.event_handler.log_command:Invoking command in '/home/icrs/icrsUR/build/ur_controllers': CMAKE_PREFIX_PATH=/home/icrs/icrsUR/install/ur_dashboard_msgs:/home/icrs/icrsUR/install/ur:/home/icrs/icrsUR/install/ur_calibration:/home/icrs/icrsUR/install/ur_robot_driver:/home/icrs/icrsUR/install/ur_mover:/home/icrs/icrsUR/install/ur_moveit_config:/home/icrs/icrsUR/install/ur_bringup:/home/icrs/icrsUR/install/ur_description:/home/icrs/icrsUR/install/ur_controllers:/home/icrs/icrsUR/install/ur_custom_interfaces:/home/icrs/icrsUR/install/service_ur5ik:/home/icrs/icrsUR/install/robotiq_description:/home/icrs/icrsUR/install/module_5_assignment:/home/icrs/icrsUR/install/module_3_assignment:/home/icrs/icrsUR/install/module_1_assignment:/home/icrs/icrsUR/install/module_10_assignment:/home/icrs/icrsUR/install/interfaces_ur5ik:/home/icrs/icrsUR/install/camera_control:/home/icrs/icrsUR/install/gripper_control:/opt/ros/humble LD_LIBRARY_PATH=/home/icrs/icrsUR/install/ur_dashboard_msgs/lib:/home/icrs/icrsUR/install/ur_robot_driver/lib:/home/icrs/icrsUR/install/ur_controllers/lib:/home/icrs/icrsUR/install/ur_custom_interfaces/lib:/home/icrs/icrsUR/install/interfaces_ur5ik/lib:/usr/local/cuda-11.8/lib64:/opt/ros/humble/opt/rviz_ogre_vendor/lib:/opt/ros/humble/lib/x86_64-linux-gnu:/opt/ros/humble/lib /usr/bin/cmake --build /home/icrs/icrsUR/build/ur_controllers -- -j8 -l8
[3.151s] DEBUG:colcon.colcon_core.event_handler.log_command:Invoked command in '/home/icrs/icrsUR/build/ur_controllers' returned '0': CMAKE_PREFIX_PATH=/home/icrs/icrsUR/install/ur_dashboard_msgs:/home/icrs/icrsUR/install/ur:/home/icrs/icrsUR/install/ur_calibration:/home/icrs/icrsUR/install/ur_robot_driver:/home/icrs/icrsUR/install/ur_mover:/home/icrs/icrsUR/install/ur_moveit_config:/home/icrs/icrsUR/install/ur_bringup:/home/icrs/icrsUR/install/ur_description:/home/icrs/icrsUR/install/ur_controllers:/home/icrs/icrsUR/install/ur_custom_interfaces:/home/icrs/icrsUR/install/service_ur5ik:/home/icrs/icrsUR/install/robotiq_description:/home/icrs/icrsUR/install/module_5_assignment:/home/icrs/icrsUR/install/module_3_assignment:/home/icrs/icrsUR/install/module_1_assignment:/home/icrs/icrsUR/install/module_10_assignment:/home/icrs/icrsUR/install/interfaces_ur5ik:/home/icrs/icrsUR/install/camera_control:/home/icrs/icrsUR/install/gripper_control:/opt/ros/humble LD_LIBRARY_PATH=/home/icrs/icrsUR/install/ur_dashboard_msgs/lib:/home/icrs/icrsUR/install/ur_robot_driver/lib:/home/icrs/icrsUR/install/ur_controllers/lib:/home/icrs/icrsUR/install/ur_custom_interfaces/lib:/home/icrs/icrsUR/install/interfaces_ur5ik/lib:/usr/local/cuda-11.8/lib64:/opt/ros/humble/opt/rviz_ogre_vendor/lib:/opt/ros/humble/lib/x86_64-linux-gnu:/opt/ros/humble/lib /usr/bin/cmake --build /home/icrs/icrsUR/build/ur_controllers -- -j8 -l8
[3.161s] DEBUG:colcon.colcon_core.event_handler.log_command:Invoking command in '/home/icrs/icrsUR/src/camera_control': CMAKE_PREFIX_PATH=/home/icrs/icrsUR/install/ur_custom_interfaces:/home/icrs/icrsUR/install/ur:/home/icrs/icrsUR/install/ur_calibration:/home/icrs/icrsUR/install/ur_robot_driver:/home/icrs/icrsUR/install/ur_mover:/home/icrs/icrsUR/install/ur_moveit_config:/home/icrs/icrsUR/install/ur_bringup:/home/icrs/icrsUR/install/ur_description:/home/icrs/icrsUR/install/ur_controllers:/home/icrs/icrsUR/install/ur_dashboard_msgs:/home/icrs/icrsUR/install/service_ur5ik:/home/icrs/icrsUR/install/robotiq_description:/home/icrs/icrsUR/install/module_5_assignment:/home/icrs/icrsUR/install/module_3_assignment:/home/icrs/icrsUR/install/module_1_assignment:/home/icrs/icrsUR/install/module_10_assignment:/home/icrs/icrsUR/install/interfaces_ur5ik LD_LIBRARY_PATH=/home/icrs/icrsUR/install/ur_custom_interfaces/lib:/home/icrs/icrsUR/install/ur_robot_driver/lib:/home/icrs/icrsUR/install/ur_controllers/lib:/home/icrs/icrsUR/install/ur_dashboard_msgs/lib:/home/icrs/icrsUR/install/interfaces_ur5ik/lib:/usr/local/cuda-11.8/lib64:/opt/ros/humble/opt/rviz_ogre_vendor/lib:/opt/ros/humble/lib/x86_64-linux-gnu:/opt/ros/humble/lib PYTHONPATH=/home/icrs/icrsUR/build/camera_control/prefix_override:/usr/lib/python3/dist-packages/colcon_core/task/python/colcon_distutils_commands:/home/icrs/icrsUR/install/camera_control/lib/python3.10/site-packages:${PYTHONPATH} /usr/bin/python3 -W ignore:setup.py install is deprecated setup.py egg_info --egg-base ../../build/camera_control build --build-base /home/icrs/icrsUR/build/camera_control/build install --record /home/icrs/icrsUR/build/camera_control/install.log --single-version-externally-managed install_data
[3.191s] DEBUG:colcon.colcon_core.event_handler.log_command:Invoking command in '/home/icrs/icrsUR/build/ur_controllers': CMAKE_PREFIX_PATH=/home/icrs/icrsUR/install/ur_dashboard_msgs:/home/icrs/icrsUR/install/ur:/home/icrs/icrsUR/install/ur_calibration:/home/icrs/icrsUR/install/ur_robot_driver:/home/icrs/icrsUR/install/ur_mover:/home/icrs/icrsUR/install/ur_moveit_config:/home/icrs/icrsUR/install/ur_bringup:/home/icrs/icrsUR/install/ur_description:/home/icrs/icrsUR/install/ur_controllers:/home/icrs/icrsUR/install/ur_custom_interfaces:/home/icrs/icrsUR/install/service_ur5ik:/home/icrs/icrsUR/install/robotiq_description:/home/icrs/icrsUR/install/module_5_assignment:/home/icrs/icrsUR/install/module_3_assignment:/home/icrs/icrsUR/install/module_1_assignment:/home/icrs/icrsUR/install/module_10_assignment:/home/icrs/icrsUR/install/interfaces_ur5ik:/home/icrs/icrsUR/install/camera_control:/home/icrs/icrsUR/install/gripper_control:/opt/ros/humble LD_LIBRARY_PATH=/home/icrs/icrsUR/install/ur_dashboard_msgs/lib:/home/icrs/icrsUR/install/ur_robot_driver/lib:/home/icrs/icrsUR/install/ur_controllers/lib:/home/icrs/icrsUR/install/ur_custom_interfaces/lib:/home/icrs/icrsUR/install/interfaces_ur5ik/lib:/usr/local/cuda-11.8/lib64:/opt/ros/humble/opt/rviz_ogre_vendor/lib:/opt/ros/humble/lib/x86_64-linux-gnu:/opt/ros/humble/lib /usr/bin/cmake --install /home/icrs/icrsUR/build/ur_controllers
[3.221s] Level 1:colcon.colcon_core.environment:create_environment_scripts_only(ur_controllers)
[3.222s] Level 1:colcon.colcon_core.environment:checking '/home/icrs/icrsUR/install/ur_controllers' for CMake module files
[3.222s] DEBUG:colcon.colcon_core.event_handler.log_command:Invoked command in '/home/icrs/icrsUR/build/ur_controllers' returned '0': CMAKE_PREFIX_PATH=/home/icrs/icrsUR/install/ur_dashboard_msgs:/home/icrs/icrsUR/install/ur:/home/icrs/icrsUR/install/ur_calibration:/home/icrs/icrsUR/install/ur_robot_driver:/home/icrs/icrsUR/install/ur_mover:/home/icrs/icrsUR/install/ur_moveit_config:/home/icrs/icrsUR/install/ur_bringup:/home/icrs/icrsUR/install/ur_description:/home/icrs/icrsUR/install/ur_controllers:/home/icrs/icrsUR/install/ur_custom_interfaces:/home/icrs/icrsUR/install/service_ur5ik:/home/icrs/icrsUR/install/robotiq_description:/home/icrs/icrsUR/install/module_5_assignment:/home/icrs/icrsUR/install/module_3_assignment:/home/icrs/icrsUR/install/module_1_assignment:/home/icrs/icrsUR/install/module_10_assignment:/home/icrs/icrsUR/install/interfaces_ur5ik:/home/icrs/icrsUR/install/camera_control:/home/icrs/icrsUR/install/gripper_control:/opt/ros/humble LD_LIBRARY_PATH=/home/icrs/icrsUR/install/ur_dashboard_msgs/lib:/home/icrs/icrsUR/install/ur_robot_driver/lib:/home/icrs/icrsUR/install/ur_controllers/lib:/home/icrs/icrsUR/install/ur_custom_interfaces/lib:/home/icrs/icrsUR/install/interfaces_ur5ik/lib:/usr/local/cuda-11.8/lib64:/opt/ros/humble/opt/rviz_ogre_vendor/lib:/opt/ros/humble/lib/x86_64-linux-gnu:/opt/ros/humble/lib /usr/bin/cmake --install /home/icrs/icrsUR/build/ur_controllers
[3.223s] Level 1:colcon.colcon_core.environment:checking '/home/icrs/icrsUR/install/ur_controllers' for CMake config files
[3.223s] Level 1:colcon.colcon_core.shell:create_environment_hook('ur_controllers', 'cmake_prefix_path')
[3.223s] INFO:colcon.colcon_core.shell:Creating environment hook '/home/icrs/icrsUR/install/ur_controllers/share/ur_controllers/hook/cmake_prefix_path.ps1'
[3.224s] INFO:colcon.colcon_core.shell:Creating environment descriptor '/home/icrs/icrsUR/install/ur_controllers/share/ur_controllers/hook/cmake_prefix_path.dsv'
[3.224s] INFO:colcon.colcon_core.shell:Creating environment hook '/home/icrs/icrsUR/install/ur_controllers/share/ur_controllers/hook/cmake_prefix_path.sh'
[3.224s] Level 1:colcon.colcon_core.environment:checking '/home/icrs/icrsUR/install/ur_controllers/lib'
[3.225s] Level 1:colcon.colcon_core.shell:create_environment_hook('ur_controllers', 'ld_library_path_lib')
[3.225s] INFO:colcon.colcon_core.shell:Creating environment hook '/home/icrs/icrsUR/install/ur_controllers/share/ur_controllers/hook/ld_library_path_lib.ps1'
[3.225s] INFO:colcon.colcon_core.shell:Creating environment descriptor '/home/icrs/icrsUR/install/ur_controllers/share/ur_controllers/hook/ld_library_path_lib.dsv'
[3.226s] INFO:colcon.colcon_core.shell:Creating environment hook '/home/icrs/icrsUR/install/ur_controllers/share/ur_controllers/hook/ld_library_path_lib.sh'
[3.226s] Level 1:colcon.colcon_core.environment:checking '/home/icrs/icrsUR/install/ur_controllers/bin'
[3.226s] Level 1:colcon.colcon_core.environment:checking '/home/icrs/icrsUR/install/ur_controllers/lib/pkgconfig/ur_controllers.pc'
[3.226s] Level 1:colcon.colcon_core.environment:checking '/home/icrs/icrsUR/install/ur_controllers/lib/python3.10/site-packages'
[3.227s] Level 1:colcon.colcon_core.environment:checking '/home/icrs/icrsUR/install/ur_controllers/bin'
[3.227s] INFO:colcon.colcon_core.shell:Creating package script '/home/icrs/icrsUR/install/ur_controllers/share/ur_controllers/package.ps1'
[3.228s] INFO:colcon.colcon_core.shell:Creating package descriptor '/home/icrs/icrsUR/install/ur_controllers/share/ur_controllers/package.dsv'
[3.228s] INFO:colcon.colcon_core.shell:Creating package script '/home/icrs/icrsUR/install/ur_controllers/share/ur_controllers/package.sh'
[3.229s] INFO:colcon.colcon_core.shell:Creating package script '/home/icrs/icrsUR/install/ur_controllers/share/ur_controllers/package.bash'
[3.229s] INFO:colcon.colcon_core.shell:Creating package script '/home/icrs/icrsUR/install/ur_controllers/share/ur_controllers/package.zsh'
[3.230s] Level 1:colcon.colcon_core.environment:create_file_with_runtime_dependencies(/home/icrs/icrsUR/install/ur_controllers/share/colcon-core/packages/ur_controllers)
[3.263s] Level 1:colcon.colcon_core.environment:create_environment_scripts_only(ur_controllers)
[3.264s] Level 1:colcon.colcon_core.environment:checking '/home/icrs/icrsUR/install/ur_controllers' for CMake module files
[3.264s] Level 1:colcon.colcon_core.environment:checking '/home/icrs/icrsUR/install/ur_controllers' for CMake config files
[3.264s] Level 1:colcon.colcon_core.shell:create_environment_hook('ur_controllers', 'cmake_prefix_path')
[3.264s] INFO:colcon.colcon_core.shell:Creating environment hook '/home/icrs/icrsUR/install/ur_controllers/share/ur_controllers/hook/cmake_prefix_path.ps1'
[3.265s] INFO:colcon.colcon_core.shell:Creating environment descriptor '/home/icrs/icrsUR/install/ur_controllers/share/ur_controllers/hook/cmake_prefix_path.dsv'
[3.265s] INFO:colcon.colcon_core.shell:Creating environment hook '/home/icrs/icrsUR/install/ur_controllers/share/ur_controllers/hook/cmake_prefix_path.sh'
[3.266s] Level 1:colcon.colcon_core.environment:checking '/home/icrs/icrsUR/install/ur_controllers/lib'
[3.266s] Level 1:colcon.colcon_core.shell:create_environment_hook('ur_controllers', 'ld_library_path_lib')
[3.266s] INFO:colcon.colcon_core.shell:Creating environment hook '/home/icrs/icrsUR/install/ur_controllers/share/ur_controllers/hook/ld_library_path_lib.ps1'
[3.267s] INFO:colcon.colcon_core.shell:Creating environment descriptor '/home/icrs/icrsUR/install/ur_controllers/share/ur_controllers/hook/ld_library_path_lib.dsv'
[3.267s] INFO:colcon.colcon_core.shell:Creating environment hook '/home/icrs/icrsUR/install/ur_controllers/share/ur_controllers/hook/ld_library_path_lib.sh'
[3.268s] Level 1:colcon.colcon_core.environment:checking '/home/icrs/icrsUR/install/ur_controllers/bin'
[3.268s] Level 1:colcon.colcon_core.environment:checking '/home/icrs/icrsUR/install/ur_controllers/lib/pkgconfig/ur_controllers.pc'
[3.268s] Level 1:colcon.colcon_core.environment:checking '/home/icrs/icrsUR/install/ur_controllers/lib/python3.10/site-packages'
[3.268s] Level 1:colcon.colcon_core.environment:checking '/home/icrs/icrsUR/install/ur_controllers/bin'
[3.269s] INFO:colcon.colcon_core.shell:Creating package script '/home/icrs/icrsUR/install/ur_controllers/share/ur_controllers/package.ps1'
[3.269s] INFO:colcon.colcon_core.shell:Creating package descriptor '/home/icrs/icrsUR/install/ur_controllers/share/ur_controllers/package.dsv'
[3.270s] INFO:colcon.colcon_core.shell:Creating package script '/home/icrs/icrsUR/install/ur_controllers/share/ur_controllers/package.sh'
[3.271s] INFO:colcon.colcon_core.shell:Creating package script '/home/icrs/icrsUR/install/ur_controllers/share/ur_controllers/package.bash'
[3.271s] INFO:colcon.colcon_core.shell:Creating package script '/home/icrs/icrsUR/install/ur_controllers/share/ur_controllers/package.zsh'
[3.272s] Level 1:colcon.colcon_core.environment:create_file_with_runtime_dependencies(/home/icrs/icrsUR/install/ur_controllers/share/colcon-core/packages/ur_controllers)
[3.272s] INFO:colcon.colcon_ros.task.ament_cmake.build:Building ROS package in '/home/icrs/icrsUR/src/Universal_Robots_ROS2_Driver/ur_robot_driver' with build type 'ament_cmake'
[3.272s] INFO:colcon.colcon_cmake.task.cmake.build:Building CMake package in '/home/icrs/icrsUR/src/Universal_Robots_ROS2_Driver/ur_robot_driver'
[3.272s] INFO:colcon.colcon_core.shell:Skip shell extension 'powershell' for command environment: Not usable outside of PowerShell
[3.273s] DEBUG:colcon.colcon_core.shell:Skip shell extension 'dsv' for command environment
[3.280s] INFO:colcon.colcon_ros.task.ament_cmake.build:Building ROS package in '/home/icrs/icrsUR/src/Universal_Robots_ROS2_Driver/ur_bringup' with build type 'ament_cmake'
[3.280s] INFO:colcon.colcon_cmake.task.cmake.build:Building CMake package in '/home/icrs/icrsUR/src/Universal_Robots_ROS2_Driver/ur_bringup'
[3.281s] INFO:colcon.colcon_core.shell:Skip shell extension 'powershell' for command environment: Not usable outside of PowerShell
[3.281s] DEBUG:colcon.colcon_core.shell:Skip shell extension 'dsv' for command environment
[3.294s] DEBUG:colcon.colcon_core.event_handler.log_command:Invoking command in '/home/icrs/icrsUR/build/ur_robot_driver': CMAKE_PREFIX_PATH=/home/icrs/icrsUR/install/ur_controllers:/home/icrs/icrsUR/install/ur_description:/home/icrs/icrsUR/install/ur_dashboard_msgs:/home/icrs/icrsUR/install/ur:/home/icrs/icrsUR/install/ur_calibration:/home/icrs/icrsUR/install/ur_robot_driver:/home/icrs/icrsUR/install/ur_mover:/home/icrs/icrsUR/install/ur_moveit_config:/home/icrs/icrsUR/install/ur_bringup:/home/icrs/icrsUR/install/ur_custom_interfaces:/home/icrs/icrsUR/install/service_ur5ik:/home/icrs/icrsUR/install/robotiq_description:/home/icrs/icrsUR/install/module_5_assignment:/home/icrs/icrsUR/install/module_3_assignment:/home/icrs/icrsUR/install/module_1_assignment:/home/icrs/icrsUR/install/module_10_assignment:/home/icrs/icrsUR/install/interfaces_ur5ik:/home/icrs/icrsUR/install/camera_control:/home/icrs/icrsUR/install/gripper_control:/opt/ros/humble LD_LIBRARY_PATH=/home/icrs/icrsUR/install/ur_controllers/lib:/home/icrs/icrsUR/install/ur_dashboard_msgs/lib:/home/icrs/icrsUR/install/ur_robot_driver/lib:/home/icrs/icrsUR/install/ur_custom_interfaces/lib:/home/icrs/icrsUR/install/interfaces_ur5ik/lib:/usr/local/cuda-11.8/lib64:/opt/ros/humble/opt/rviz_ogre_vendor/lib:/opt/ros/humble/lib/x86_64-linux-gnu:/opt/ros/humble/lib /usr/bin/cmake --build /home/icrs/icrsUR/build/ur_robot_driver -- -j8 -l8
[3.300s] DEBUG:colcon.colcon_core.event_handler.log_command:Invoking command in '/home/icrs/icrsUR/build/ur_bringup': CMAKE_PREFIX_PATH=/home/icrs/icrsUR/install/ur_controllers:/home/icrs/icrsUR/install/ur_description:/home/icrs/icrsUR/install/ur_dashboard_msgs:/home/icrs/icrsUR/install/ur:/home/icrs/icrsUR/install/ur_calibration:/home/icrs/icrsUR/install/ur_robot_driver:/home/icrs/icrsUR/install/ur_mover:/home/icrs/icrsUR/install/ur_moveit_config:/home/icrs/icrsUR/install/ur_bringup:/home/icrs/icrsUR/install/ur_custom_interfaces:/home/icrs/icrsUR/install/service_ur5ik:/home/icrs/icrsUR/install/robotiq_description:/home/icrs/icrsUR/install/module_5_assignment:/home/icrs/icrsUR/install/module_3_assignment:/home/icrs/icrsUR/install/module_1_assignment:/home/icrs/icrsUR/install/module_10_assignment:/home/icrs/icrsUR/install/interfaces_ur5ik:/home/icrs/icrsUR/install/camera_control:/home/icrs/icrsUR/install/gripper_control:/opt/ros/humble LD_LIBRARY_PATH=/home/icrs/icrsUR/install/ur_controllers/lib:/home/icrs/icrsUR/install/ur_dashboard_msgs/lib:/home/icrs/icrsUR/install/ur_robot_driver/lib:/home/icrs/icrsUR/install/ur_custom_interfaces/lib:/home/icrs/icrsUR/install/interfaces_ur5ik/lib:/usr/local/cuda-11.8/lib64:/opt/ros/humble/opt/rviz_ogre_vendor/lib:/opt/ros/humble/lib/x86_64-linux-gnu:/opt/ros/humble/lib /usr/bin/cmake --build /home/icrs/icrsUR/build/ur_bringup -- -j8 -l8
[3.365s] DEBUG:colcon.colcon_core.event_handler.log_command:Invoked command in '/home/icrs/icrsUR/build/ur_bringup' returned '0': CMAKE_PREFIX_PATH=/home/icrs/icrsUR/install/ur_controllers:/home/icrs/icrsUR/install/ur_description:/home/icrs/icrsUR/install/ur_dashboard_msgs:/home/icrs/icrsUR/install/ur:/home/icrs/icrsUR/install/ur_calibration:/home/icrs/icrsUR/install/ur_robot_driver:/home/icrs/icrsUR/install/ur_mover:/home/icrs/icrsUR/install/ur_moveit_config:/home/icrs/icrsUR/install/ur_bringup:/home/icrs/icrsUR/install/ur_custom_interfaces:/home/icrs/icrsUR/install/service_ur5ik:/home/icrs/icrsUR/install/robotiq_description:/home/icrs/icrsUR/install/module_5_assignment:/home/icrs/icrsUR/install/module_3_assignment:/home/icrs/icrsUR/install/module_1_assignment:/home/icrs/icrsUR/install/module_10_assignment:/home/icrs/icrsUR/install/interfaces_ur5ik:/home/icrs/icrsUR/install/camera_control:/home/icrs/icrsUR/install/gripper_control:/opt/ros/humble LD_LIBRARY_PATH=/home/icrs/icrsUR/install/ur_controllers/lib:/home/icrs/icrsUR/install/ur_dashboard_msgs/lib:/home/icrs/icrsUR/install/ur_robot_driver/lib:/home/icrs/icrsUR/install/ur_custom_interfaces/lib:/home/icrs/icrsUR/install/interfaces_ur5ik/lib:/usr/local/cuda-11.8/lib64:/opt/ros/humble/opt/rviz_ogre_vendor/lib:/opt/ros/humble/lib/x86_64-linux-gnu:/opt/ros/humble/lib /usr/bin/cmake --build /home/icrs/icrsUR/build/ur_bringup -- -j8 -l8
[3.415s] DEBUG:colcon.colcon_core.event_handler.log_command:Invoking command in '/home/icrs/icrsUR/build/ur_bringup': CMAKE_PREFIX_PATH=/home/icrs/icrsUR/install/ur_controllers:/home/icrs/icrsUR/install/ur_description:/home/icrs/icrsUR/install/ur_dashboard_msgs:/home/icrs/icrsUR/install/ur:/home/icrs/icrsUR/install/ur_calibration:/home/icrs/icrsUR/install/ur_robot_driver:/home/icrs/icrsUR/install/ur_mover:/home/icrs/icrsUR/install/ur_moveit_config:/home/icrs/icrsUR/install/ur_bringup:/home/icrs/icrsUR/install/ur_custom_interfaces:/home/icrs/icrsUR/install/service_ur5ik:/home/icrs/icrsUR/install/robotiq_description:/home/icrs/icrsUR/install/module_5_assignment:/home/icrs/icrsUR/install/module_3_assignment:/home/icrs/icrsUR/install/module_1_assignment:/home/icrs/icrsUR/install/module_10_assignment:/home/icrs/icrsUR/install/interfaces_ur5ik:/home/icrs/icrsUR/install/camera_control:/home/icrs/icrsUR/install/gripper_control:/opt/ros/humble LD_LIBRARY_PATH=/home/icrs/icrsUR/install/ur_controllers/lib:/home/icrs/icrsUR/install/ur_dashboard_msgs/lib:/home/icrs/icrsUR/install/ur_robot_driver/lib:/home/icrs/icrsUR/install/ur_custom_interfaces/lib:/home/icrs/icrsUR/install/interfaces_ur5ik/lib:/usr/local/cuda-11.8/lib64:/opt/ros/humble/opt/rviz_ogre_vendor/lib:/opt/ros/humble/lib/x86_64-linux-gnu:/opt/ros/humble/lib /usr/bin/cmake --install /home/icrs/icrsUR/build/ur_bringup
[3.448s] Level 1:colcon.colcon_core.environment:create_environment_scripts_only(ur_bringup)
[3.448s] Level 1:colcon.colcon_core.environment:checking '/home/icrs/icrsUR/install/ur_bringup' for CMake module files
[3.449s] DEBUG:colcon.colcon_core.event_handler.log_command:Invoked command in '/home/icrs/icrsUR/build/ur_bringup' returned '0': CMAKE_PREFIX_PATH=/home/icrs/icrsUR/install/ur_controllers:/home/icrs/icrsUR/install/ur_description:/home/icrs/icrsUR/install/ur_dashboard_msgs:/home/icrs/icrsUR/install/ur:/home/icrs/icrsUR/install/ur_calibration:/home/icrs/icrsUR/install/ur_robot_driver:/home/icrs/icrsUR/install/ur_mover:/home/icrs/icrsUR/install/ur_moveit_config:/home/icrs/icrsUR/install/ur_bringup:/home/icrs/icrsUR/install/ur_custom_interfaces:/home/icrs/icrsUR/install/service_ur5ik:/home/icrs/icrsUR/install/robotiq_description:/home/icrs/icrsUR/install/module_5_assignment:/home/icrs/icrsUR/install/module_3_assignment:/home/icrs/icrsUR/install/module_1_assignment:/home/icrs/icrsUR/install/module_10_assignment:/home/icrs/icrsUR/install/interfaces_ur5ik:/home/icrs/icrsUR/install/camera_control:/home/icrs/icrsUR/install/gripper_control:/opt/ros/humble LD_LIBRARY_PATH=/home/icrs/icrsUR/install/ur_controllers/lib:/home/icrs/icrsUR/install/ur_dashboard_msgs/lib:/home/icrs/icrsUR/install/ur_robot_driver/lib:/home/icrs/icrsUR/install/ur_custom_interfaces/lib:/home/icrs/icrsUR/install/interfaces_ur5ik/lib:/usr/local/cuda-11.8/lib64:/opt/ros/humble/opt/rviz_ogre_vendor/lib:/opt/ros/humble/lib/x86_64-linux-gnu:/opt/ros/humble/lib /usr/bin/cmake --install /home/icrs/icrsUR/build/ur_bringup
[3.449s] Level 1:colcon.colcon_core.environment:checking '/home/icrs/icrsUR/install/ur_bringup' for CMake config files
[3.450s] Level 1:colcon.colcon_core.shell:create_environment_hook('ur_bringup', 'cmake_prefix_path')
[3.450s] INFO:colcon.colcon_core.shell:Creating environment hook '/home/icrs/icrsUR/install/ur_bringup/share/ur_bringup/hook/cmake_prefix_path.ps1'
[3.450s] INFO:colcon.colcon_core.shell:Creating environment descriptor '/home/icrs/icrsUR/install/ur_bringup/share/ur_bringup/hook/cmake_prefix_path.dsv'
[3.451s] INFO:colcon.colcon_core.shell:Creating environment hook '/home/icrs/icrsUR/install/ur_bringup/share/ur_bringup/hook/cmake_prefix_path.sh'
[3.452s] Level 1:colcon.colcon_core.environment:checking '/home/icrs/icrsUR/install/ur_bringup/lib'
[3.452s] Level 1:colcon.colcon_core.environment:checking '/home/icrs/icrsUR/install/ur_bringup/bin'
[3.452s] Level 1:colcon.colcon_core.environment:checking '/home/icrs/icrsUR/install/ur_bringup/lib/pkgconfig/ur_bringup.pc'
[3.452s] Level 1:colcon.colcon_core.environment:checking '/home/icrs/icrsUR/install/ur_bringup/lib/python3.10/site-packages'
[3.452s] Level 1:colcon.colcon_core.environment:checking '/home/icrs/icrsUR/install/ur_bringup/bin'
[3.453s] INFO:colcon.colcon_core.shell:Creating package script '/home/icrs/icrsUR/install/ur_bringup/share/ur_bringup/package.ps1'
[3.454s] INFO:colcon.colcon_core.shell:Creating package descriptor '/home/icrs/icrsUR/install/ur_bringup/share/ur_bringup/package.dsv'
[3.455s] INFO:colcon.colcon_core.shell:Creating package script '/home/icrs/icrsUR/install/ur_bringup/share/ur_bringup/package.sh'
[3.456s] INFO:colcon.colcon_core.shell:Creating package script '/home/icrs/icrsUR/install/ur_bringup/share/ur_bringup/package.bash'
[3.456s] INFO:colcon.colcon_core.shell:Creating package script '/home/icrs/icrsUR/install/ur_bringup/share/ur_bringup/package.zsh'
[3.457s] Level 1:colcon.colcon_core.environment:create_file_with_runtime_dependencies(/home/icrs/icrsUR/install/ur_bringup/share/colcon-core/packages/ur_bringup)
[3.483s] Level 1:colcon.colcon_core.environment:create_environment_scripts_only(ur_bringup)
[3.484s] Level 1:colcon.colcon_core.environment:checking '/home/icrs/icrsUR/install/ur_bringup' for CMake module files
[3.484s] Level 1:colcon.colcon_core.environment:checking '/home/icrs/icrsUR/install/ur_bringup' for CMake config files
[3.485s] Level 1:colcon.colcon_core.shell:create_environment_hook('ur_bringup', 'cmake_prefix_path')
[3.485s] INFO:colcon.colcon_core.shell:Creating environment hook '/home/icrs/icrsUR/install/ur_bringup/share/ur_bringup/hook/cmake_prefix_path.ps1'
[3.487s] INFO:colcon.colcon_core.shell:Creating environment descriptor '/home/icrs/icrsUR/install/ur_bringup/share/ur_bringup/hook/cmake_prefix_path.dsv'
[3.488s] INFO:colcon.colcon_core.shell:Creating environment hook '/home/icrs/icrsUR/install/ur_bringup/share/ur_bringup/hook/cmake_prefix_path.sh'
[3.489s] Level 1:colcon.colcon_core.environment:checking '/home/icrs/icrsUR/install/ur_bringup/lib'
[3.489s] Level 1:colcon.colcon_core.environment:checking '/home/icrs/icrsUR/install/ur_bringup/bin'
[3.489s] Level 1:colcon.colcon_core.environment:checking '/home/icrs/icrsUR/install/ur_bringup/lib/pkgconfig/ur_bringup.pc'
[3.489s] Level 1:colcon.colcon_core.environment:checking '/home/icrs/icrsUR/install/ur_bringup/lib/python3.10/site-packages'
[3.490s] Level 1:colcon.colcon_core.environment:checking '/home/icrs/icrsUR/install/ur_bringup/bin'
[3.490s] INFO:colcon.colcon_core.shell:Creating package script '/home/icrs/icrsUR/install/ur_bringup/share/ur_bringup/package.ps1'
[3.491s] INFO:colcon.colcon_core.shell:Creating package descriptor '/home/icrs/icrsUR/install/ur_bringup/share/ur_bringup/package.dsv'
[3.491s] INFO:colcon.colcon_core.shell:Creating package script '/home/icrs/icrsUR/install/ur_bringup/share/ur_bringup/package.sh'
[3.492s] INFO:colcon.colcon_core.shell:Creating package script '/home/icrs/icrsUR/install/ur_bringup/share/ur_bringup/package.bash'
[3.493s] INFO:colcon.colcon_core.shell:Creating package script '/home/icrs/icrsUR/install/ur_bringup/share/ur_bringup/package.zsh'
[3.493s] Level 1:colcon.colcon_core.environment:create_file_with_runtime_dependencies(/home/icrs/icrsUR/install/ur_bringup/share/colcon-core/packages/ur_bringup)
[3.666s] Level 1:colcon.colcon_core.environment:checking '/home/icrs/icrsUR/install/camera_control' for CMake module files
[3.667s] DEBUG:colcon.colcon_core.event_handler.log_command:Invoked command in '/home/icrs/icrsUR/src/camera_control' returned '0': CMAKE_PREFIX_PATH=/home/icrs/icrsUR/install/ur_custom_interfaces:/home/icrs/icrsUR/install/ur:/home/icrs/icrsUR/install/ur_calibration:/home/icrs/icrsUR/install/ur_robot_driver:/home/icrs/icrsUR/install/ur_mover:/home/icrs/icrsUR/install/ur_moveit_config:/home/icrs/icrsUR/install/ur_bringup:/home/icrs/icrsUR/install/ur_description:/home/icrs/icrsUR/install/ur_controllers:/home/icrs/icrsUR/install/ur_dashboard_msgs:/home/icrs/icrsUR/install/service_ur5ik:/home/icrs/icrsUR/install/robotiq_description:/home/icrs/icrsUR/install/module_5_assignment:/home/icrs/icrsUR/install/module_3_assignment:/home/icrs/icrsUR/install/module_1_assignment:/home/icrs/icrsUR/install/module_10_assignment:/home/icrs/icrsUR/install/interfaces_ur5ik LD_LIBRARY_PATH=/home/icrs/icrsUR/install/ur_custom_interfaces/lib:/home/icrs/icrsUR/install/ur_robot_driver/lib:/home/icrs/icrsUR/install/ur_controllers/lib:/home/icrs/icrsUR/install/ur_dashboard_msgs/lib:/home/icrs/icrsUR/install/interfaces_ur5ik/lib:/usr/local/cuda-11.8/lib64:/opt/ros/humble/opt/rviz_ogre_vendor/lib:/opt/ros/humble/lib/x86_64-linux-gnu:/opt/ros/humble/lib PYTHONPATH=/home/icrs/icrsUR/build/camera_control/prefix_override:/usr/lib/python3/dist-packages/colcon_core/task/python/colcon_distutils_commands:/home/icrs/icrsUR/install/camera_control/lib/python3.10/site-packages:${PYTHONPATH} /usr/bin/python3 -W ignore:setup.py install is deprecated setup.py egg_info --egg-base ../../build/camera_control build --build-base /home/icrs/icrsUR/build/camera_control/build install --record /home/icrs/icrsUR/build/camera_control/install.log --single-version-externally-managed install_data
[3.667s] Level 1:colcon.colcon_core.environment:checking '/home/icrs/icrsUR/install/camera_control' for CMake config files
[3.668s] Level 1:colcon.colcon_core.environment:checking '/home/icrs/icrsUR/install/camera_control/lib'
[3.668s] Level 1:colcon.colcon_core.environment:checking '/home/icrs/icrsUR/install/camera_control/bin'
[3.668s] Level 1:colcon.colcon_core.environment:checking '/home/icrs/icrsUR/install/camera_control/lib/pkgconfig/camera_control.pc'
[3.668s] Level 1:colcon.colcon_core.environment:checking '/home/icrs/icrsUR/install/camera_control/lib/python3.10/site-packages'
[3.668s] Level 1:colcon.colcon_core.shell:create_environment_hook('camera_control', 'pythonpath')
[3.669s] INFO:colcon.colcon_core.shell:Creating environment hook '/home/icrs/icrsUR/install/camera_control/share/camera_control/hook/pythonpath.ps1'
[3.670s] INFO:colcon.colcon_core.shell:Creating environment descriptor '/home/icrs/icrsUR/install/camera_control/share/camera_control/hook/pythonpath.dsv'
[3.670s] INFO:colcon.colcon_core.shell:Creating environment hook '/home/icrs/icrsUR/install/camera_control/share/camera_control/hook/pythonpath.sh'
[3.671s] Level 1:colcon.colcon_core.environment:checking '/home/icrs/icrsUR/install/camera_control/bin'
[3.671s] Level 1:colcon.colcon_core.environment:create_environment_scripts_only(camera_control)
[3.671s] INFO:colcon.colcon_core.shell:Creating package script '/home/icrs/icrsUR/install/camera_control/share/camera_control/package.ps1'
[3.672s] INFO:colcon.colcon_core.shell:Creating package descriptor '/home/icrs/icrsUR/install/camera_control/share/camera_control/package.dsv'
[3.673s] INFO:colcon.colcon_core.shell:Creating package script '/home/icrs/icrsUR/install/camera_control/share/camera_control/package.sh'
[3.673s] INFO:colcon.colcon_core.shell:Creating package script '/home/icrs/icrsUR/install/camera_control/share/camera_control/package.bash'
[3.673s] INFO:colcon.colcon_core.shell:Creating package script '/home/icrs/icrsUR/install/camera_control/share/camera_control/package.zsh'
[3.674s] Level 1:colcon.colcon_core.environment:create_file_with_runtime_dependencies(/home/icrs/icrsUR/install/camera_control/share/colcon-core/packages/camera_control)
[3.839s] DEBUG:colcon.colcon_core.event_handler.log_command:Invoked command in '/home/icrs/icrsUR/build/ur_robot_driver' returned '0': CMAKE_PREFIX_PATH=/home/icrs/icrsUR/install/ur_controllers:/home/icrs/icrsUR/install/ur_description:/home/icrs/icrsUR/install/ur_dashboard_msgs:/home/icrs/icrsUR/install/ur:/home/icrs/icrsUR/install/ur_calibration:/home/icrs/icrsUR/install/ur_robot_driver:/home/icrs/icrsUR/install/ur_mover:/home/icrs/icrsUR/install/ur_moveit_config:/home/icrs/icrsUR/install/ur_bringup:/home/icrs/icrsUR/install/ur_custom_interfaces:/home/icrs/icrsUR/install/service_ur5ik:/home/icrs/icrsUR/install/robotiq_description:/home/icrs/icrsUR/install/module_5_assignment:/home/icrs/icrsUR/install/module_3_assignment:/home/icrs/icrsUR/install/module_1_assignment:/home/icrs/icrsUR/install/module_10_assignment:/home/icrs/icrsUR/install/interfaces_ur5ik:/home/icrs/icrsUR/install/camera_control:/home/icrs/icrsUR/install/gripper_control:/opt/ros/humble LD_LIBRARY_PATH=/home/icrs/icrsUR/install/ur_controllers/lib:/home/icrs/icrsUR/install/ur_dashboard_msgs/lib:/home/icrs/icrsUR/install/ur_robot_driver/lib:/home/icrs/icrsUR/install/ur_custom_interfaces/lib:/home/icrs/icrsUR/install/interfaces_ur5ik/lib:/usr/local/cuda-11.8/lib64:/opt/ros/humble/opt/rviz_ogre_vendor/lib:/opt/ros/humble/lib/x86_64-linux-gnu:/opt/ros/humble/lib /usr/bin/cmake --build /home/icrs/icrsUR/build/ur_robot_driver -- -j8 -l8
[3.885s] DEBUG:colcon.colcon_core.event_handler.log_command:Invoking command in '/home/icrs/icrsUR/build/ur_robot_driver': CMAKE_PREFIX_PATH=/home/icrs/icrsUR/install/ur_controllers:/home/icrs/icrsUR/install/ur_description:/home/icrs/icrsUR/install/ur_dashboard_msgs:/home/icrs/icrsUR/install/ur:/home/icrs/icrsUR/install/ur_calibration:/home/icrs/icrsUR/install/ur_robot_driver:/home/icrs/icrsUR/install/ur_mover:/home/icrs/icrsUR/install/ur_moveit_config:/home/icrs/icrsUR/install/ur_bringup:/home/icrs/icrsUR/install/ur_custom_interfaces:/home/icrs/icrsUR/install/service_ur5ik:/home/icrs/icrsUR/install/robotiq_description:/home/icrs/icrsUR/install/module_5_assignment:/home/icrs/icrsUR/install/module_3_assignment:/home/icrs/icrsUR/install/module_1_assignment:/home/icrs/icrsUR/install/module_10_assignment:/home/icrs/icrsUR/install/interfaces_ur5ik:/home/icrs/icrsUR/install/camera_control:/home/icrs/icrsUR/install/gripper_control:/opt/ros/humble LD_LIBRARY_PATH=/home/icrs/icrsUR/install/ur_controllers/lib:/home/icrs/icrsUR/install/ur_dashboard_msgs/lib:/home/icrs/icrsUR/install/ur_robot_driver/lib:/home/icrs/icrsUR/install/ur_custom_interfaces/lib:/home/icrs/icrsUR/install/interfaces_ur5ik/lib:/usr/local/cuda-11.8/lib64:/opt/ros/humble/opt/rviz_ogre_vendor/lib:/opt/ros/humble/lib/x86_64-linux-gnu:/opt/ros/humble/lib /usr/bin/cmake --install /home/icrs/icrsUR/build/ur_robot_driver
[3.964s] Level 1:colcon.colcon_core.environment:create_environment_scripts_only(ur_robot_driver)
[3.965s] Level 1:colcon.colcon_core.environment:checking '/home/icrs/icrsUR/install/ur_robot_driver' for CMake module files
[3.965s] DEBUG:colcon.colcon_core.event_handler.log_command:Invoked command in '/home/icrs/icrsUR/build/ur_robot_driver' returned '0': CMAKE_PREFIX_PATH=/home/icrs/icrsUR/install/ur_controllers:/home/icrs/icrsUR/install/ur_description:/home/icrs/icrsUR/install/ur_dashboard_msgs:/home/icrs/icrsUR/install/ur:/home/icrs/icrsUR/install/ur_calibration:/home/icrs/icrsUR/install/ur_robot_driver:/home/icrs/icrsUR/install/ur_mover:/home/icrs/icrsUR/install/ur_moveit_config:/home/icrs/icrsUR/install/ur_bringup:/home/icrs/icrsUR/install/ur_custom_interfaces:/home/icrs/icrsUR/install/service_ur5ik:/home/icrs/icrsUR/install/robotiq_description:/home/icrs/icrsUR/install/module_5_assignment:/home/icrs/icrsUR/install/module_3_assignment:/home/icrs/icrsUR/install/module_1_assignment:/home/icrs/icrsUR/install/module_10_assignment:/home/icrs/icrsUR/install/interfaces_ur5ik:/home/icrs/icrsUR/install/camera_control:/home/icrs/icrsUR/install/gripper_control:/opt/ros/humble LD_LIBRARY_PATH=/home/icrs/icrsUR/install/ur_controllers/lib:/home/icrs/icrsUR/install/ur_dashboard_msgs/lib:/home/icrs/icrsUR/install/ur_robot_driver/lib:/home/icrs/icrsUR/install/ur_custom_interfaces/lib:/home/icrs/icrsUR/install/interfaces_ur5ik/lib:/usr/local/cuda-11.8/lib64:/opt/ros/humble/opt/rviz_ogre_vendor/lib:/opt/ros/humble/lib/x86_64-linux-gnu:/opt/ros/humble/lib /usr/bin/cmake --install /home/icrs/icrsUR/build/ur_robot_driver
[3.966s] Level 1:colcon.colcon_core.environment:checking '/home/icrs/icrsUR/install/ur_robot_driver' for CMake config files
[3.966s] Level 1:colcon.colcon_core.shell:create_environment_hook('ur_robot_driver', 'cmake_prefix_path')
[3.966s] INFO:colcon.colcon_core.shell:Creating environment hook '/home/icrs/icrsUR/install/ur_robot_driver/share/ur_robot_driver/hook/cmake_prefix_path.ps1'
[3.967s] INFO:colcon.colcon_core.shell:Creating environment descriptor '/home/icrs/icrsUR/install/ur_robot_driver/share/ur_robot_driver/hook/cmake_prefix_path.dsv'
[3.967s] INFO:colcon.colcon_core.shell:Creating environment hook '/home/icrs/icrsUR/install/ur_robot_driver/share/ur_robot_driver/hook/cmake_prefix_path.sh'
[3.968s] Level 1:colcon.colcon_core.environment:checking '/home/icrs/icrsUR/install/ur_robot_driver/lib'
[3.968s] Level 1:colcon.colcon_core.shell:create_environment_hook('ur_robot_driver', 'ld_library_path_lib')
[3.968s] INFO:colcon.colcon_core.shell:Creating environment hook '/home/icrs/icrsUR/install/ur_robot_driver/share/ur_robot_driver/hook/ld_library_path_lib.ps1'
[3.968s] INFO:colcon.colcon_core.shell:Creating environment descriptor '/home/icrs/icrsUR/install/ur_robot_driver/share/ur_robot_driver/hook/ld_library_path_lib.dsv'
[3.969s] INFO:colcon.colcon_core.shell:Creating environment hook '/home/icrs/icrsUR/install/ur_robot_driver/share/ur_robot_driver/hook/ld_library_path_lib.sh'
[3.969s] Level 1:colcon.colcon_core.environment:checking '/home/icrs/icrsUR/install/ur_robot_driver/bin'
[3.969s] Level 1:colcon.colcon_core.shell:create_environment_hook('ur_robot_driver', 'path')
[3.969s] INFO:colcon.colcon_core.shell:Creating environment hook '/home/icrs/icrsUR/install/ur_robot_driver/share/ur_robot_driver/hook/path.ps1'
[3.970s] INFO:colcon.colcon_core.shell:Creating environment descriptor '/home/icrs/icrsUR/install/ur_robot_driver/share/ur_robot_driver/hook/path.dsv'
[3.970s] INFO:colcon.colcon_core.shell:Creating environment hook '/home/icrs/icrsUR/install/ur_robot_driver/share/ur_robot_driver/hook/path.sh'
[3.971s] Level 1:colcon.colcon_core.environment:checking '/home/icrs/icrsUR/install/ur_robot_driver/lib/pkgconfig/ur_robot_driver.pc'
[3.971s] Level 1:colcon.colcon_core.environment:checking '/home/icrs/icrsUR/install/ur_robot_driver/lib/python3.10/site-packages'
[3.971s] Level 1:colcon.colcon_core.environment:checking '/home/icrs/icrsUR/install/ur_robot_driver/bin'
[3.971s] Level 1:colcon.colcon_core.shell:create_environment_hook('ur_robot_driver', 'pythonscriptspath')
[3.971s] INFO:colcon.colcon_core.shell:Creating environment hook '/home/icrs/icrsUR/install/ur_robot_driver/share/ur_robot_driver/hook/pythonscriptspath.ps1'
[3.972s] INFO:colcon.colcon_core.shell:Creating environment descriptor '/home/icrs/icrsUR/install/ur_robot_driver/share/ur_robot_driver/hook/pythonscriptspath.dsv'
[3.972s] INFO:colcon.colcon_core.shell:Creating environment hook '/home/icrs/icrsUR/install/ur_robot_driver/share/ur_robot_driver/hook/pythonscriptspath.sh'
[3.973s] INFO:colcon.colcon_core.shell:Creating package script '/home/icrs/icrsUR/install/ur_robot_driver/share/ur_robot_driver/package.ps1'
[3.974s] INFO:colcon.colcon_core.shell:Creating package descriptor '/home/icrs/icrsUR/install/ur_robot_driver/share/ur_robot_driver/package.dsv'
[3.974s] INFO:colcon.colcon_core.shell:Creating package script '/home/icrs/icrsUR/install/ur_robot_driver/share/ur_robot_driver/package.sh'
[3.975s] INFO:colcon.colcon_core.shell:Creating package script '/home/icrs/icrsUR/install/ur_robot_driver/share/ur_robot_driver/package.bash'
[3.975s] INFO:colcon.colcon_core.shell:Creating package script '/home/icrs/icrsUR/install/ur_robot_driver/share/ur_robot_driver/package.zsh'
[3.976s] Level 1:colcon.colcon_core.environment:create_file_with_runtime_dependencies(/home/icrs/icrsUR/install/ur_robot_driver/share/colcon-core/packages/ur_robot_driver)
[4.023s] Level 1:colcon.colcon_core.environment:create_environment_scripts_only(ur_robot_driver)
[4.024s] Level 1:colcon.colcon_core.environment:checking '/home/icrs/icrsUR/install/ur_robot_driver' for CMake module files
[4.024s] Level 1:colcon.colcon_core.environment:checking '/home/icrs/icrsUR/install/ur_robot_driver' for CMake config files
[4.024s] Level 1:colcon.colcon_core.shell:create_environment_hook('ur_robot_driver', 'cmake_prefix_path')
[4.025s] INFO:colcon.colcon_core.shell:Creating environment hook '/home/icrs/icrsUR/install/ur_robot_driver/share/ur_robot_driver/hook/cmake_prefix_path.ps1'
[4.025s] INFO:colcon.colcon_core.shell:Creating environment descriptor '/home/icrs/icrsUR/install/ur_robot_driver/share/ur_robot_driver/hook/cmake_prefix_path.dsv'
[4.026s] INFO:colcon.colcon_core.shell:Creating environment hook '/home/icrs/icrsUR/install/ur_robot_driver/share/ur_robot_driver/hook/cmake_prefix_path.sh'
[4.026s] Level 1:colcon.colcon_core.environment:checking '/home/icrs/icrsUR/install/ur_robot_driver/lib'
[4.026s] Level 1:colcon.colcon_core.shell:create_environment_hook('ur_robot_driver', 'ld_library_path_lib')
[4.026s] INFO:colcon.colcon_core.shell:Creating environment hook '/home/icrs/icrsUR/install/ur_robot_driver/share/ur_robot_driver/hook/ld_library_path_lib.ps1'
[4.027s] INFO:colcon.colcon_core.shell:Creating environment descriptor '/home/icrs/icrsUR/install/ur_robot_driver/share/ur_robot_driver/hook/ld_library_path_lib.dsv'
[4.027s] INFO:colcon.colcon_core.shell:Creating environment hook '/home/icrs/icrsUR/install/ur_robot_driver/share/ur_robot_driver/hook/ld_library_path_lib.sh'
[4.028s] Level 1:colcon.colcon_core.environment:checking '/home/icrs/icrsUR/install/ur_robot_driver/bin'
[4.028s] Level 1:colcon.colcon_core.shell:create_environment_hook('ur_robot_driver', 'path')
[4.029s] INFO:colcon.colcon_core.shell:Creating environment hook '/home/icrs/icrsUR/install/ur_robot_driver/share/ur_robot_driver/hook/path.ps1'
[4.029s] INFO:colcon.colcon_core.shell:Creating environment descriptor '/home/icrs/icrsUR/install/ur_robot_driver/share/ur_robot_driver/hook/path.dsv'
[4.029s] INFO:colcon.colcon_core.shell:Creating environment hook '/home/icrs/icrsUR/install/ur_robot_driver/share/ur_robot_driver/hook/path.sh'
[4.030s] Level 1:colcon.colcon_core.environment:checking '/home/icrs/icrsUR/install/ur_robot_driver/lib/pkgconfig/ur_robot_driver.pc'
[4.030s] Level 1:colcon.colcon_core.environment:checking '/home/icrs/icrsUR/install/ur_robot_driver/lib/python3.10/site-packages'
[4.030s] Level 1:colcon.colcon_core.environment:checking '/home/icrs/icrsUR/install/ur_robot_driver/bin'
[4.030s] Level 1:colcon.colcon_core.shell:create_environment_hook('ur_robot_driver', 'pythonscriptspath')
[4.031s] INFO:colcon.colcon_core.shell:Creating environment hook '/home/icrs/icrsUR/install/ur_robot_driver/share/ur_robot_driver/hook/pythonscriptspath.ps1'
[4.031s] INFO:colcon.colcon_core.shell:Creating environment descriptor '/home/icrs/icrsUR/install/ur_robot_driver/share/ur_robot_driver/hook/pythonscriptspath.dsv'
[4.032s] INFO:colcon.colcon_core.shell:Creating environment hook '/home/icrs/icrsUR/install/ur_robot_driver/share/ur_robot_driver/hook/pythonscriptspath.sh'
[4.032s] INFO:colcon.colcon_core.shell:Creating package script '/home/icrs/icrsUR/install/ur_robot_driver/share/ur_robot_driver/package.ps1'
[4.033s] INFO:colcon.colcon_core.shell:Creating package descriptor '/home/icrs/icrsUR/install/ur_robot_driver/share/ur_robot_driver/package.dsv'
[4.033s] INFO:colcon.colcon_core.shell:Creating package script '/home/icrs/icrsUR/install/ur_robot_driver/share/ur_robot_driver/package.sh'
[4.034s] INFO:colcon.colcon_core.shell:Creating package script '/home/icrs/icrsUR/install/ur_robot_driver/share/ur_robot_driver/package.bash'
[4.034s] INFO:colcon.colcon_core.shell:Creating package script '/home/icrs/icrsUR/install/ur_robot_driver/share/ur_robot_driver/package.zsh'
[4.035s] Level 1:colcon.colcon_core.environment:create_file_with_runtime_dependencies(/home/icrs/icrsUR/install/ur_robot_driver/share/colcon-core/packages/ur_robot_driver)
[4.035s] INFO:colcon.colcon_ros.task.ament_cmake.build:Building ROS package in '/home/icrs/icrsUR/src/Universal_Robots_ROS2_Driver/ur_calibration' with build type 'ament_cmake'
[4.035s] INFO:colcon.colcon_cmake.task.cmake.build:Building CMake package in '/home/icrs/icrsUR/src/Universal_Robots_ROS2_Driver/ur_calibration'
[4.035s] INFO:colcon.colcon_core.shell:Skip shell extension 'powershell' for command environment: Not usable outside of PowerShell
[4.036s] DEBUG:colcon.colcon_core.shell:Skip shell extension 'dsv' for command environment
[4.055s] DEBUG:colcon.colcon_core.event_handler.log_command:Invoking command in '/home/icrs/icrsUR/build/ur_calibration': CMAKE_PREFIX_PATH=/home/icrs/icrsUR/install/ur_robot_driver:/home/icrs/icrsUR/install/ur_controllers:/home/icrs/icrsUR/install/ur_description:/home/icrs/icrsUR/install/ur_dashboard_msgs:/home/icrs/icrsUR/install/ur:/home/icrs/icrsUR/install/ur_calibration:/home/icrs/icrsUR/install/ur_mover:/home/icrs/icrsUR/install/ur_moveit_config:/home/icrs/icrsUR/install/ur_bringup:/home/icrs/icrsUR/install/ur_custom_interfaces:/home/icrs/icrsUR/install/service_ur5ik:/home/icrs/icrsUR/install/robotiq_description:/home/icrs/icrsUR/install/module_5_assignment:/home/icrs/icrsUR/install/module_3_assignment:/home/icrs/icrsUR/install/module_1_assignment:/home/icrs/icrsUR/install/module_10_assignment:/home/icrs/icrsUR/install/interfaces_ur5ik:/home/icrs/icrsUR/install/camera_control:/home/icrs/icrsUR/install/gripper_control:/opt/ros/humble /usr/bin/cmake --build /home/icrs/icrsUR/build/ur_calibration -- -j8 -l8
[4.169s] DEBUG:colcon.colcon_core.event_handler.log_command:Invoked command in '/home/icrs/icrsUR/build/ur_calibration' returned '0': CMAKE_PREFIX_PATH=/home/icrs/icrsUR/install/ur_robot_driver:/home/icrs/icrsUR/install/ur_controllers:/home/icrs/icrsUR/install/ur_description:/home/icrs/icrsUR/install/ur_dashboard_msgs:/home/icrs/icrsUR/install/ur:/home/icrs/icrsUR/install/ur_calibration:/home/icrs/icrsUR/install/ur_mover:/home/icrs/icrsUR/install/ur_moveit_config:/home/icrs/icrsUR/install/ur_bringup:/home/icrs/icrsUR/install/ur_custom_interfaces:/home/icrs/icrsUR/install/service_ur5ik:/home/icrs/icrsUR/install/robotiq_description:/home/icrs/icrsUR/install/module_5_assignment:/home/icrs/icrsUR/install/module_3_assignment:/home/icrs/icrsUR/install/module_1_assignment:/home/icrs/icrsUR/install/module_10_assignment:/home/icrs/icrsUR/install/interfaces_ur5ik:/home/icrs/icrsUR/install/camera_control:/home/icrs/icrsUR/install/gripper_control:/opt/ros/humble /usr/bin/cmake --build /home/icrs/icrsUR/build/ur_calibration -- -j8 -l8
[4.211s] DEBUG:colcon.colcon_core.event_handler.log_command:Invoking command in '/home/icrs/icrsUR/build/ur_calibration': CMAKE_PREFIX_PATH=/home/icrs/icrsUR/install/ur_robot_driver:/home/icrs/icrsUR/install/ur_controllers:/home/icrs/icrsUR/install/ur_description:/home/icrs/icrsUR/install/ur_dashboard_msgs:/home/icrs/icrsUR/install/ur:/home/icrs/icrsUR/install/ur_calibration:/home/icrs/icrsUR/install/ur_mover:/home/icrs/icrsUR/install/ur_moveit_config:/home/icrs/icrsUR/install/ur_bringup:/home/icrs/icrsUR/install/ur_custom_interfaces:/home/icrs/icrsUR/install/service_ur5ik:/home/icrs/icrsUR/install/robotiq_description:/home/icrs/icrsUR/install/module_5_assignment:/home/icrs/icrsUR/install/module_3_assignment:/home/icrs/icrsUR/install/module_1_assignment:/home/icrs/icrsUR/install/module_10_assignment:/home/icrs/icrsUR/install/interfaces_ur5ik:/home/icrs/icrsUR/install/camera_control:/home/icrs/icrsUR/install/gripper_control:/opt/ros/humble /usr/bin/cmake --install /home/icrs/icrsUR/build/ur_calibration
[4.238s] Level 1:colcon.colcon_core.environment:create_environment_scripts_only(ur_calibration)
[4.239s] Level 1:colcon.colcon_core.environment:checking '/home/icrs/icrsUR/install/ur_calibration' for CMake module files
[4.239s] DEBUG:colcon.colcon_core.event_handler.log_command:Invoked command in '/home/icrs/icrsUR/build/ur_calibration' returned '0': CMAKE_PREFIX_PATH=/home/icrs/icrsUR/install/ur_robot_driver:/home/icrs/icrsUR/install/ur_controllers:/home/icrs/icrsUR/install/ur_description:/home/icrs/icrsUR/install/ur_dashboard_msgs:/home/icrs/icrsUR/install/ur:/home/icrs/icrsUR/install/ur_calibration:/home/icrs/icrsUR/install/ur_mover:/home/icrs/icrsUR/install/ur_moveit_config:/home/icrs/icrsUR/install/ur_bringup:/home/icrs/icrsUR/install/ur_custom_interfaces:/home/icrs/icrsUR/install/service_ur5ik:/home/icrs/icrsUR/install/robotiq_description:/home/icrs/icrsUR/install/module_5_assignment:/home/icrs/icrsUR/install/module_3_assignment:/home/icrs/icrsUR/install/module_1_assignment:/home/icrs/icrsUR/install/module_10_assignment:/home/icrs/icrsUR/install/interfaces_ur5ik:/home/icrs/icrsUR/install/camera_control:/home/icrs/icrsUR/install/gripper_control:/opt/ros/humble /usr/bin/cmake --install /home/icrs/icrsUR/build/ur_calibration
[4.240s] Level 1:colcon.colcon_core.environment:checking '/home/icrs/icrsUR/install/ur_calibration' for CMake config files
[4.241s] Level 1:colcon.colcon_core.shell:create_environment_hook('ur_calibration', 'cmake_prefix_path')
[4.241s] INFO:colcon.colcon_core.shell:Creating environment hook '/home/icrs/icrsUR/install/ur_calibration/share/ur_calibration/hook/cmake_prefix_path.ps1'
[4.242s] INFO:colcon.colcon_core.shell:Creating environment descriptor '/home/icrs/icrsUR/install/ur_calibration/share/ur_calibration/hook/cmake_prefix_path.dsv'
[4.243s] INFO:colcon.colcon_core.shell:Creating environment hook '/home/icrs/icrsUR/install/ur_calibration/share/ur_calibration/hook/cmake_prefix_path.sh'
[4.243s] Level 1:colcon.colcon_core.environment:checking '/home/icrs/icrsUR/install/ur_calibration/lib'
[4.244s] Level 1:colcon.colcon_core.environment:checking '/home/icrs/icrsUR/install/ur_calibration/bin'
[4.244s] Level 1:colcon.colcon_core.environment:checking '/home/icrs/icrsUR/install/ur_calibration/lib/pkgconfig/ur_calibration.pc'
[4.244s] Level 1:colcon.colcon_core.environment:checking '/home/icrs/icrsUR/install/ur_calibration/lib/python3.10/site-packages'
[4.245s] Level 1:colcon.colcon_core.environment:checking '/home/icrs/icrsUR/install/ur_calibration/bin'
[4.245s] INFO:colcon.colcon_core.shell:Creating package script '/home/icrs/icrsUR/install/ur_calibration/share/ur_calibration/package.ps1'
[4.246s] INFO:colcon.colcon_core.shell:Creating package descriptor '/home/icrs/icrsUR/install/ur_calibration/share/ur_calibration/package.dsv'
[4.247s] INFO:colcon.colcon_core.shell:Creating package script '/home/icrs/icrsUR/install/ur_calibration/share/ur_calibration/package.sh'
[4.247s] INFO:colcon.colcon_core.shell:Creating package script '/home/icrs/icrsUR/install/ur_calibration/share/ur_calibration/package.bash'
[4.248s] INFO:colcon.colcon_core.shell:Creating package script '/home/icrs/icrsUR/install/ur_calibration/share/ur_calibration/package.zsh'
[4.248s] Level 1:colcon.colcon_core.environment:create_file_with_runtime_dependencies(/home/icrs/icrsUR/install/ur_calibration/share/colcon-core/packages/ur_calibration)
[4.286s] Level 1:colcon.colcon_core.environment:create_environment_scripts_only(ur_calibration)
[4.286s] Level 1:colcon.colcon_core.environment:checking '/home/icrs/icrsUR/install/ur_calibration' for CMake module files
[4.287s] Level 1:colcon.colcon_core.environment:checking '/home/icrs/icrsUR/install/ur_calibration' for CMake config files
[4.288s] Level 1:colcon.colcon_core.shell:create_environment_hook('ur_calibration', 'cmake_prefix_path')
[4.288s] INFO:colcon.colcon_core.shell:Creating environment hook '/home/icrs/icrsUR/install/ur_calibration/share/ur_calibration/hook/cmake_prefix_path.ps1'
[4.289s] INFO:colcon.colcon_core.shell:Creating environment descriptor '/home/icrs/icrsUR/install/ur_calibration/share/ur_calibration/hook/cmake_prefix_path.dsv'
[4.289s] INFO:colcon.colcon_core.shell:Creating environment hook '/home/icrs/icrsUR/install/ur_calibration/share/ur_calibration/hook/cmake_prefix_path.sh'
[4.290s] Level 1:colcon.colcon_core.environment:checking '/home/icrs/icrsUR/install/ur_calibration/lib'
[4.290s] Level 1:colcon.colcon_core.environment:checking '/home/icrs/icrsUR/install/ur_calibration/bin'
[4.290s] Level 1:colcon.colcon_core.environment:checking '/home/icrs/icrsUR/install/ur_calibration/lib/pkgconfig/ur_calibration.pc'
[4.290s] Level 1:colcon.colcon_core.environment:checking '/home/icrs/icrsUR/install/ur_calibration/lib/python3.10/site-packages'
[4.290s] Level 1:colcon.colcon_core.environment:checking '/home/icrs/icrsUR/install/ur_calibration/bin'
[4.291s] INFO:colcon.colcon_core.shell:Creating package script '/home/icrs/icrsUR/install/ur_calibration/share/ur_calibration/package.ps1'
[4.291s] INFO:colcon.colcon_core.shell:Creating package descriptor '/home/icrs/icrsUR/install/ur_calibration/share/ur_calibration/package.dsv'
[4.292s] INFO:colcon.colcon_core.shell:Creating package script '/home/icrs/icrsUR/install/ur_calibration/share/ur_calibration/package.sh'
[4.292s] INFO:colcon.colcon_core.shell:Creating package script '/home/icrs/icrsUR/install/ur_calibration/share/ur_calibration/package.bash'
[4.293s] INFO:colcon.colcon_core.shell:Creating package script '/home/icrs/icrsUR/install/ur_calibration/share/ur_calibration/package.zsh'
[4.293s] Level 1:colcon.colcon_core.environment:create_file_with_runtime_dependencies(/home/icrs/icrsUR/install/ur_calibration/share/colcon-core/packages/ur_calibration)
[4.294s] INFO:colcon.colcon_ros.task.ament_cmake.build:Building ROS package in '/home/icrs/icrsUR/src/Universal_Robots_ROS2_Driver/ur' with build type 'ament_cmake'
[4.294s] INFO:colcon.colcon_cmake.task.cmake.build:Building CMake package in '/home/icrs/icrsUR/src/Universal_Robots_ROS2_Driver/ur'
[4.294s] INFO:colcon.colcon_core.shell:Skip shell extension 'powershell' for command environment: Not usable outside of PowerShell
[4.294s] DEBUG:colcon.colcon_core.shell:Skip shell extension 'dsv' for command environment
[4.315s] DEBUG:colcon.colcon_core.event_handler.log_command:Invoking command in '/home/icrs/icrsUR/build/ur': CMAKE_PREFIX_PATH=/home/icrs/icrsUR/install/ur_calibration:/home/icrs/icrsUR/install/ur_robot_driver:/home/icrs/icrsUR/install/ur_moveit_config:/home/icrs/icrsUR/install/ur_controllers:/home/icrs/icrsUR/install/ur_description:/home/icrs/icrsUR/install/ur_dashboard_msgs:/home/icrs/icrsUR/install/ur:/home/icrs/icrsUR/install/ur_mover:/home/icrs/icrsUR/install/ur_bringup:/home/icrs/icrsUR/install/ur_custom_interfaces:/home/icrs/icrsUR/install/service_ur5ik:/home/icrs/icrsUR/install/robotiq_description:/home/icrs/icrsUR/install/module_5_assignment:/home/icrs/icrsUR/install/module_3_assignment:/home/icrs/icrsUR/install/module_1_assignment:/home/icrs/icrsUR/install/module_10_assignment:/home/icrs/icrsUR/install/interfaces_ur5ik:/home/icrs/icrsUR/install/camera_control:/home/icrs/icrsUR/install/gripper_control:/opt/ros/humble /usr/bin/cmake --build /home/icrs/icrsUR/build/ur -- -j8 -l8
[4.354s] DEBUG:colcon.colcon_core.event_handler.log_command:Invoked command in '/home/icrs/icrsUR/build/ur' returned '0': CMAKE_PREFIX_PATH=/home/icrs/icrsUR/install/ur_calibration:/home/icrs/icrsUR/install/ur_robot_driver:/home/icrs/icrsUR/install/ur_moveit_config:/home/icrs/icrsUR/install/ur_controllers:/home/icrs/icrsUR/install/ur_description:/home/icrs/icrsUR/install/ur_dashboard_msgs:/home/icrs/icrsUR/install/ur:/home/icrs/icrsUR/install/ur_mover:/home/icrs/icrsUR/install/ur_bringup:/home/icrs/icrsUR/install/ur_custom_interfaces:/home/icrs/icrsUR/install/service_ur5ik:/home/icrs/icrsUR/install/robotiq_description:/home/icrs/icrsUR/install/module_5_assignment:/home/icrs/icrsUR/install/module_3_assignment:/home/icrs/icrsUR/install/module_1_assignment:/home/icrs/icrsUR/install/module_10_assignment:/home/icrs/icrsUR/install/interfaces_ur5ik:/home/icrs/icrsUR/install/camera_control:/home/icrs/icrsUR/install/gripper_control:/opt/ros/humble /usr/bin/cmake --build /home/icrs/icrsUR/build/ur -- -j8 -l8
[4.377s] DEBUG:colcon.colcon_core.event_handler.log_command:Invoking command in '/home/icrs/icrsUR/build/ur': CMAKE_PREFIX_PATH=/home/icrs/icrsUR/install/ur_calibration:/home/icrs/icrsUR/install/ur_robot_driver:/home/icrs/icrsUR/install/ur_moveit_config:/home/icrs/icrsUR/install/ur_controllers:/home/icrs/icrsUR/install/ur_description:/home/icrs/icrsUR/install/ur_dashboard_msgs:/home/icrs/icrsUR/install/ur:/home/icrs/icrsUR/install/ur_mover:/home/icrs/icrsUR/install/ur_bringup:/home/icrs/icrsUR/install/ur_custom_interfaces:/home/icrs/icrsUR/install/service_ur5ik:/home/icrs/icrsUR/install/robotiq_description:/home/icrs/icrsUR/install/module_5_assignment:/home/icrs/icrsUR/install/module_3_assignment:/home/icrs/icrsUR/install/module_1_assignment:/home/icrs/icrsUR/install/module_10_assignment:/home/icrs/icrsUR/install/interfaces_ur5ik:/home/icrs/icrsUR/install/camera_control:/home/icrs/icrsUR/install/gripper_control:/opt/ros/humble /usr/bin/cmake --install /home/icrs/icrsUR/build/ur
[4.399s] Level 1:colcon.colcon_core.environment:create_environment_scripts_only(ur)
[4.399s] Level 1:colcon.colcon_core.environment:checking '/home/icrs/icrsUR/install/ur' for CMake module files
[4.400s] DEBUG:colcon.colcon_core.event_handler.log_command:Invoked command in '/home/icrs/icrsUR/build/ur' returned '0': CMAKE_PREFIX_PATH=/home/icrs/icrsUR/install/ur_calibration:/home/icrs/icrsUR/install/ur_robot_driver:/home/icrs/icrsUR/install/ur_moveit_config:/home/icrs/icrsUR/install/ur_controllers:/home/icrs/icrsUR/install/ur_description:/home/icrs/icrsUR/install/ur_dashboard_msgs:/home/icrs/icrsUR/install/ur:/home/icrs/icrsUR/install/ur_mover:/home/icrs/icrsUR/install/ur_bringup:/home/icrs/icrsUR/install/ur_custom_interfaces:/home/icrs/icrsUR/install/service_ur5ik:/home/icrs/icrsUR/install/robotiq_description:/home/icrs/icrsUR/install/module_5_assignment:/home/icrs/icrsUR/install/module_3_assignment:/home/icrs/icrsUR/install/module_1_assignment:/home/icrs/icrsUR/install/module_10_assignment:/home/icrs/icrsUR/install/interfaces_ur5ik:/home/icrs/icrsUR/install/camera_control:/home/icrs/icrsUR/install/gripper_control:/opt/ros/humble /usr/bin/cmake --install /home/icrs/icrsUR/build/ur
[4.400s] Level 1:colcon.colcon_core.environment:checking '/home/icrs/icrsUR/install/ur' for CMake config files
[4.400s] Level 1:colcon.colcon_core.shell:create_environment_hook('ur', 'cmake_prefix_path')
[4.400s] INFO:colcon.colcon_core.shell:Creating environment hook '/home/icrs/icrsUR/install/ur/share/ur/hook/cmake_prefix_path.ps1'
[4.401s] INFO:colcon.colcon_core.shell:Creating environment descriptor '/home/icrs/icrsUR/install/ur/share/ur/hook/cmake_prefix_path.dsv'
[4.401s] INFO:colcon.colcon_core.shell:Creating environment hook '/home/icrs/icrsUR/install/ur/share/ur/hook/cmake_prefix_path.sh'
[4.402s] Level 1:colcon.colcon_core.environment:checking '/home/icrs/icrsUR/install/ur/bin'
[4.402s] Level 1:colcon.colcon_core.environment:checking '/home/icrs/icrsUR/install/ur/lib/pkgconfig/ur.pc'
[4.402s] Level 1:colcon.colcon_core.environment:checking '/home/icrs/icrsUR/install/ur/lib/python3.10/site-packages'
[4.403s] Level 1:colcon.colcon_core.environment:checking '/home/icrs/icrsUR/install/ur/bin'
[4.403s] INFO:colcon.colcon_core.shell:Creating package script '/home/icrs/icrsUR/install/ur/share/ur/package.ps1'
[4.405s] INFO:colcon.colcon_core.shell:Creating package descriptor '/home/icrs/icrsUR/install/ur/share/ur/package.dsv'
[4.406s] INFO:colcon.colcon_core.shell:Creating package script '/home/icrs/icrsUR/install/ur/share/ur/package.sh'
[4.407s] INFO:colcon.colcon_core.shell:Creating package script '/home/icrs/icrsUR/install/ur/share/ur/package.bash'
[4.407s] INFO:colcon.colcon_core.shell:Creating package script '/home/icrs/icrsUR/install/ur/share/ur/package.zsh'
[4.408s] Level 1:colcon.colcon_core.environment:create_file_with_runtime_dependencies(/home/icrs/icrsUR/install/ur/share/colcon-core/packages/ur)
[4.430s] Level 1:colcon.colcon_core.environment:create_environment_scripts_only(ur)
[4.430s] Level 1:colcon.colcon_core.environment:checking '/home/icrs/icrsUR/install/ur' for CMake module files
[4.431s] Level 1:colcon.colcon_core.environment:checking '/home/icrs/icrsUR/install/ur' for CMake config files
[4.431s] Level 1:colcon.colcon_core.shell:create_environment_hook('ur', 'cmake_prefix_path')
[4.431s] INFO:colcon.colcon_core.shell:Creating environment hook '/home/icrs/icrsUR/install/ur/share/ur/hook/cmake_prefix_path.ps1'
[4.432s] INFO:colcon.colcon_core.shell:Creating environment descriptor '/home/icrs/icrsUR/install/ur/share/ur/hook/cmake_prefix_path.dsv'
[4.432s] INFO:colcon.colcon_core.shell:Creating environment hook '/home/icrs/icrsUR/install/ur/share/ur/hook/cmake_prefix_path.sh'
[4.433s] Level 1:colcon.colcon_core.environment:checking '/home/icrs/icrsUR/install/ur/bin'
[4.433s] Level 1:colcon.colcon_core.environment:checking '/home/icrs/icrsUR/install/ur/lib/pkgconfig/ur.pc'
[4.433s] Level 1:colcon.colcon_core.environment:checking '/home/icrs/icrsUR/install/ur/lib/python3.10/site-packages'
[4.433s] Level 1:colcon.colcon_core.environment:checking '/home/icrs/icrsUR/install/ur/bin'
[4.434s] INFO:colcon.colcon_core.shell:Creating package script '/home/icrs/icrsUR/install/ur/share/ur/package.ps1'
[4.434s] INFO:colcon.colcon_core.shell:Creating package descriptor '/home/icrs/icrsUR/install/ur/share/ur/package.dsv'
[4.435s] INFO:colcon.colcon_core.shell:Creating package script '/home/icrs/icrsUR/install/ur/share/ur/package.sh'
[4.435s] INFO:colcon.colcon_core.shell:Creating package script '/home/icrs/icrsUR/install/ur/share/ur/package.bash'
[4.437s] INFO:colcon.colcon_core.shell:Creating package script '/home/icrs/icrsUR/install/ur/share/ur/package.zsh'
[4.437s] Level 1:colcon.colcon_core.environment:create_file_with_runtime_dependencies(/home/icrs/icrsUR/install/ur/share/colcon-core/packages/ur)
[8.810s] DEBUG:colcon.colcon_core.event_handler.log_command:Invoked command in '/home/icrs/icrsUR/build/service_ur5ik' returned '0': CMAKE_PREFIX_PATH=/home/icrs/icrsUR/install/interfaces_ur5ik:/home/icrs/icrsUR/install/ur:/home/icrs/icrsUR/install/ur_calibration:/home/icrs/icrsUR/install/ur_robot_driver:/home/icrs/icrsUR/install/ur_mover:/home/icrs/icrsUR/install/ur_moveit_config:/home/icrs/icrsUR/install/ur_bringup:/home/icrs/icrsUR/install/ur_description:/home/icrs/icrsUR/install/ur_controllers:/home/icrs/icrsUR/install/ur_dashboard_msgs:/home/icrs/icrsUR/install/ur_custom_interfaces:/home/icrs/icrsUR/install/service_ur5ik:/home/icrs/icrsUR/install/robotiq_description:/home/icrs/icrsUR/install/module_5_assignment:/home/icrs/icrsUR/install/module_3_assignment:/home/icrs/icrsUR/install/module_1_assignment:/home/icrs/icrsUR/install/module_10_assignment:/home/icrs/icrsUR/install/camera_control:/home/icrs/icrsUR/install/gripper_control:/opt/ros/humble LD_LIBRARY_PATH=/home/icrs/icrsUR/install/interfaces_ur5ik/lib:/home/icrs/icrsUR/install/ur_robot_driver/lib:/home/icrs/icrsUR/install/ur_controllers/lib:/home/icrs/icrsUR/install/ur_dashboard_msgs/lib:/home/icrs/icrsUR/install/ur_custom_interfaces/lib:/usr/local/cuda-11.8/lib64:/opt/ros/humble/opt/rviz_ogre_vendor/lib:/opt/ros/humble/lib/x86_64-linux-gnu:/opt/ros/humble/lib /usr/bin/cmake --build /home/icrs/icrsUR/build/service_ur5ik -- -j8 -l8
[8.839s] DEBUG:colcon.colcon_core.event_handler.log_command:Invoking command in '/home/icrs/icrsUR/build/service_ur5ik': CMAKE_PREFIX_PATH=/home/icrs/icrsUR/install/interfaces_ur5ik:/home/icrs/icrsUR/install/ur:/home/icrs/icrsUR/install/ur_calibration:/home/icrs/icrsUR/install/ur_robot_driver:/home/icrs/icrsUR/install/ur_mover:/home/icrs/icrsUR/install/ur_moveit_config:/home/icrs/icrsUR/install/ur_bringup:/home/icrs/icrsUR/install/ur_description:/home/icrs/icrsUR/install/ur_controllers:/home/icrs/icrsUR/install/ur_dashboard_msgs:/home/icrs/icrsUR/install/ur_custom_interfaces:/home/icrs/icrsUR/install/service_ur5ik:/home/icrs/icrsUR/install/robotiq_description:/home/icrs/icrsUR/install/module_5_assignment:/home/icrs/icrsUR/install/module_3_assignment:/home/icrs/icrsUR/install/module_1_assignment:/home/icrs/icrsUR/install/module_10_assignment:/home/icrs/icrsUR/install/camera_control:/home/icrs/icrsUR/install/gripper_control:/opt/ros/humble LD_LIBRARY_PATH=/home/icrs/icrsUR/install/interfaces_ur5ik/lib:/home/icrs/icrsUR/install/ur_robot_driver/lib:/home/icrs/icrsUR/install/ur_controllers/lib:/home/icrs/icrsUR/install/ur_dashboard_msgs/lib:/home/icrs/icrsUR/install/ur_custom_interfaces/lib:/usr/local/cuda-11.8/lib64:/opt/ros/humble/opt/rviz_ogre_vendor/lib:/opt/ros/humble/lib/x86_64-linux-gnu:/opt/ros/humble/lib /usr/bin/cmake --install /home/icrs/icrsUR/build/service_ur5ik
[8.902s] Level 1:colcon.colcon_core.environment:create_environment_scripts_only(service_ur5ik)
[8.903s] Level 1:colcon.colcon_core.environment:checking '/home/icrs/icrsUR/install/service_ur5ik' for CMake module files
[8.903s] DEBUG:colcon.colcon_core.event_handler.log_command:Invoked command in '/home/icrs/icrsUR/build/service_ur5ik' returned '0': CMAKE_PREFIX_PATH=/home/icrs/icrsUR/install/interfaces_ur5ik:/home/icrs/icrsUR/install/ur:/home/icrs/icrsUR/install/ur_calibration:/home/icrs/icrsUR/install/ur_robot_driver:/home/icrs/icrsUR/install/ur_mover:/home/icrs/icrsUR/install/ur_moveit_config:/home/icrs/icrsUR/install/ur_bringup:/home/icrs/icrsUR/install/ur_description:/home/icrs/icrsUR/install/ur_controllers:/home/icrs/icrsUR/install/ur_dashboard_msgs:/home/icrs/icrsUR/install/ur_custom_interfaces:/home/icrs/icrsUR/install/service_ur5ik:/home/icrs/icrsUR/install/robotiq_description:/home/icrs/icrsUR/install/module_5_assignment:/home/icrs/icrsUR/install/module_3_assignment:/home/icrs/icrsUR/install/module_1_assignment:/home/icrs/icrsUR/install/module_10_assignment:/home/icrs/icrsUR/install/camera_control:/home/icrs/icrsUR/install/gripper_control:/opt/ros/humble LD_LIBRARY_PATH=/home/icrs/icrsUR/install/interfaces_ur5ik/lib:/home/icrs/icrsUR/install/ur_robot_driver/lib:/home/icrs/icrsUR/install/ur_controllers/lib:/home/icrs/icrsUR/install/ur_dashboard_msgs/lib:/home/icrs/icrsUR/install/ur_custom_interfaces/lib:/usr/local/cuda-11.8/lib64:/opt/ros/humble/opt/rviz_ogre_vendor/lib:/opt/ros/humble/lib/x86_64-linux-gnu:/opt/ros/humble/lib /usr/bin/cmake --install /home/icrs/icrsUR/build/service_ur5ik
[8.903s] Level 1:colcon.colcon_core.environment:checking '/home/icrs/icrsUR/install/service_ur5ik' for CMake config files
[8.904s] Level 1:colcon.colcon_core.shell:create_environment_hook('service_ur5ik', 'cmake_prefix_path')
[8.904s] INFO:colcon.colcon_core.shell:Creating environment hook '/home/icrs/icrsUR/install/service_ur5ik/share/service_ur5ik/hook/cmake_prefix_path.ps1'
[8.905s] INFO:colcon.colcon_core.shell:Creating environment descriptor '/home/icrs/icrsUR/install/service_ur5ik/share/service_ur5ik/hook/cmake_prefix_path.dsv'
[8.905s] INFO:colcon.colcon_core.shell:Creating environment hook '/home/icrs/icrsUR/install/service_ur5ik/share/service_ur5ik/hook/cmake_prefix_path.sh'
[8.906s] Level 1:colcon.colcon_core.environment:checking '/home/icrs/icrsUR/install/service_ur5ik/lib'
[8.906s] Level 1:colcon.colcon_core.environment:checking '/home/icrs/icrsUR/install/service_ur5ik/bin'
[8.906s] Level 1:colcon.colcon_core.environment:checking '/home/icrs/icrsUR/install/service_ur5ik/lib/pkgconfig/service_ur5ik.pc'
[8.906s] Level 1:colcon.colcon_core.environment:checking '/home/icrs/icrsUR/install/service_ur5ik/lib/python3.10/site-packages'
[8.907s] Level 1:colcon.colcon_core.environment:checking '/home/icrs/icrsUR/install/service_ur5ik/bin'
[8.907s] INFO:colcon.colcon_core.shell:Creating package script '/home/icrs/icrsUR/install/service_ur5ik/share/service_ur5ik/package.ps1'
[8.909s] INFO:colcon.colcon_core.shell:Creating package descriptor '/home/icrs/icrsUR/install/service_ur5ik/share/service_ur5ik/package.dsv'
[8.910s] INFO:colcon.colcon_core.shell:Creating package script '/home/icrs/icrsUR/install/service_ur5ik/share/service_ur5ik/package.sh'
[8.910s] INFO:colcon.colcon_core.shell:Creating package script '/home/icrs/icrsUR/install/service_ur5ik/share/service_ur5ik/package.bash'
[8.910s] INFO:colcon.colcon_core.shell:Creating package script '/home/icrs/icrsUR/install/service_ur5ik/share/service_ur5ik/package.zsh'
[8.911s] Level 1:colcon.colcon_core.environment:create_file_with_runtime_dependencies(/home/icrs/icrsUR/install/service_ur5ik/share/colcon-core/packages/service_ur5ik)
[8.937s] Level 1:colcon.colcon_core.environment:create_environment_scripts_only(service_ur5ik)
[8.937s] Level 1:colcon.colcon_core.environment:checking '/home/icrs/icrsUR/install/service_ur5ik' for CMake module files
[8.938s] Level 1:colcon.colcon_core.environment:checking '/home/icrs/icrsUR/install/service_ur5ik' for CMake config files
[8.938s] Level 1:colcon.colcon_core.shell:create_environment_hook('service_ur5ik', 'cmake_prefix_path')
[8.938s] INFO:colcon.colcon_core.shell:Creating environment hook '/home/icrs/icrsUR/install/service_ur5ik/share/service_ur5ik/hook/cmake_prefix_path.ps1'
[8.939s] INFO:colcon.colcon_core.shell:Creating environment descriptor '/home/icrs/icrsUR/install/service_ur5ik/share/service_ur5ik/hook/cmake_prefix_path.dsv'
[8.939s] INFO:colcon.colcon_core.shell:Creating environment hook '/home/icrs/icrsUR/install/service_ur5ik/share/service_ur5ik/hook/cmake_prefix_path.sh'
[8.940s] Level 1:colcon.colcon_core.environment:checking '/home/icrs/icrsUR/install/service_ur5ik/lib'
[8.941s] Level 1:colcon.colcon_core.environment:checking '/home/icrs/icrsUR/install/service_ur5ik/bin'
[8.941s] Level 1:colcon.colcon_core.environment:checking '/home/icrs/icrsUR/install/service_ur5ik/lib/pkgconfig/service_ur5ik.pc'
[8.941s] Level 1:colcon.colcon_core.environment:checking '/home/icrs/icrsUR/install/service_ur5ik/lib/python3.10/site-packages'
[8.941s] Level 1:colcon.colcon_core.environment:checking '/home/icrs/icrsUR/install/service_ur5ik/bin'
[8.942s] INFO:colcon.colcon_core.shell:Creating package script '/home/icrs/icrsUR/install/service_ur5ik/share/service_ur5ik/package.ps1'
[8.942s] INFO:colcon.colcon_core.shell:Creating package descriptor '/home/icrs/icrsUR/install/service_ur5ik/share/service_ur5ik/package.dsv'
[8.943s] INFO:colcon.colcon_core.shell:Creating package script '/home/icrs/icrsUR/install/service_ur5ik/share/service_ur5ik/package.sh'
[8.943s] INFO:colcon.colcon_core.shell:Creating package script '/home/icrs/icrsUR/install/service_ur5ik/share/service_ur5ik/package.bash'
[8.944s] INFO:colcon.colcon_core.shell:Creating package script '/home/icrs/icrsUR/install/service_ur5ik/share/service_ur5ik/package.zsh'
[8.944s] Level 1:colcon.colcon_core.environment:create_file_with_runtime_dependencies(/home/icrs/icrsUR/install/service_ur5ik/share/colcon-core/packages/service_ur5ik)
[8.944s] DEBUG:colcon.colcon_parallel_executor.executor.parallel:closing loop
[8.945s] DEBUG:colcon.colcon_parallel_executor.executor.parallel:loop closed
[8.945s] DEBUG:colcon.colcon_parallel_executor.executor.parallel:run_until_complete finished with '0'
[8.945s] DEBUG:colcon.colcon_core.event_reactor:joining thread
[8.951s] INFO:colcon.colcon_core.plugin_system:Skipping extension 'colcon_notification.desktop_notification.terminal_notifier': Not used on non-Darwin systems
[8.951s] INFO:colcon.colcon_core.plugin_system:Skipping extension 'colcon_notification.desktop_notification.win32': Not used on non-Windows systems
[8.951s] INFO:colcon.colcon_notification.desktop_notification:Sending desktop notification using 'notify2'
[8.961s] DEBUG:colcon.colcon_core.event_reactor:joined thread
[8.962s] INFO:colcon.colcon_core.shell:Creating prefix script '/home/icrs/icrsUR/install/local_setup.ps1'
[8.963s] INFO:colcon.colcon_core.shell:Creating prefix util module '/home/icrs/icrsUR/install/_local_setup_util_ps1.py'
[8.964s] INFO:colcon.colcon_core.shell:Creating prefix chain script '/home/icrs/icrsUR/install/setup.ps1'
[8.966s] INFO:colcon.colcon_core.shell:Creating prefix script '/home/icrs/icrsUR/install/local_setup.sh'
[8.966s] INFO:colcon.colcon_core.shell:Creating prefix util module '/home/icrs/icrsUR/install/_local_setup_util_sh.py'
[8.967s] INFO:colcon.colcon_core.shell:Creating prefix chain script '/home/icrs/icrsUR/install/setup.sh'
[8.968s] INFO:colcon.colcon_core.shell:Creating prefix script '/home/icrs/icrsUR/install/local_setup.bash'
[8.969s] INFO:colcon.colcon_core.shell:Creating prefix chain script '/home/icrs/icrsUR/install/setup.bash'
[8.971s] INFO:colcon.colcon_core.shell:Creating prefix script '/home/icrs/icrsUR/install/local_setup.zsh'
[8.972s] INFO:colcon.colcon_core.shell:Creating prefix chain script '/home/icrs/icrsUR/install/setup.zsh'
